domain,proxy_stratum,quantile_level,quantile_value,sample_count,calibration_sample_definition,provenance,status
M5,M5_CALENDAR_EVENT,0.75,0.17138727333255005,4080,positive uplift; TRAIN+VALIDATION; baseline >= 1; frozen proxy rule,M5_ONLY_DERIVED_FROM_OBSERVED,STABLE_GROUP_SUMMARY
M5,M5_CALENDAR_EVENT,0.9,0.29803132272267235,4080,positive uplift; TRAIN+VALIDATION; baseline >= 1; frozen proxy rule,M5_ONLY_DERIVED_FROM_OBSERVED,STABLE_GROUP_SUMMARY
M5,M5_CALENDAR_EVENT,0.95,0.40281870017605265,4080,positive uplift; TRAIN+VALIDATION; baseline >= 1; frozen proxy rule,M5_ONLY_DERIVED_FROM_OBSERVED,STABLE_GROUP_SUMMARY
M5,M5_EVENT_PROMOTION_OVERLAP,0.75,0.17138727333255005,4080,positive uplift; TRAIN+VALIDATION; baseline >= 1; frozen proxy rule,M5_ONLY_DERIVED_FROM_OBSERVED,STABLE_GROUP_SUMMARY
M5,M5_EVENT_PROMOTION_OVERLAP,0.9,0.29803132272267235,4080,positive uplift; TRAIN+VALIDATION; baseline >= 1; frozen proxy rule,M5_ONLY_DERIVED_FROM_OBSERVED,STABLE_GROUP_SUMMARY
M5,M5_EVENT_PROMOTION_OVERLAP,0.95,0.40281870017605265,4080,positive uplift; TRAIN+VALIDATION; baseline >= 1; frozen proxy rule,M5_ONLY_DERIVED_FROM_OBSERVED,STABLE_GROUP_SUMMARY
M5,M5_GENERIC_EVENT_PROXY,0.75,0.16279069767441862,8961,positive uplift; TRAIN+VALIDATION; baseline >= 1; frozen proxy rule,M5_ONLY_DERIVED_FROM_OBSERVED,STABLE_GROUP_SUMMARY
M5,M5_GENERIC_EVENT_PROXY,0.9,0.2889132821075741,8961,positive uplift; TRAIN+VALIDATION; baseline >= 1; frozen proxy rule,M5_ONLY_DERIVED_FROM_OBSERVED,STABLE_GROUP_SUMMARY
M5,M5_GENERIC_EVENT_PROXY,0.95,0.3942307692307692,8961,positive uplift; TRAIN+VALIDATION; baseline >= 1; frozen proxy rule,M5_ONLY_DERIVED_FROM_OBSERVED,STABLE_GROUP_SUMMARY
M5,M5_PROMOTION_LIKE,0.75,0.16279069767441862,8961,positive uplift; TRAIN+VALIDATION; baseline >= 1; frozen proxy rule,M5_ONLY_DERIVED_FROM_OBSERVED,STABLE_GROUP_SUMMARY
M5,M5_PROMOTION_LIKE,0.9,0.2889132821075741,8961,positive uplift; TRAIN+VALIDATION; baseline >= 1; frozen proxy rule,M5_ONLY_DERIVED_FROM_OBSERVED,STABLE_GROUP_SUMMARY
M5,M5_PROMOTION_LIKE,0.95,0.3942307692307692,8961,positive uplift; TRAIN+VALIDATION; baseline >= 1; frozen proxy rule,M5_ONLY_DERIVED_FROM_OBSERVED,STABLE_GROUP_SUMMARY
M5,M5_SNAP_CONTEXT,0.75,0.18847101682202935,4032,positive uplift; TRAIN+VALIDATION; baseline >= 1; frozen proxy rule,M5_ONLY_DERIVED_FROM_OBSERVED,STABLE_GROUP_SUMMARY
M5,M5_SNAP_CONTEXT,0.9,0.32719187536974964,4032,positive uplift; TRAIN+VALIDATION; baseline >= 1; frozen proxy rule,M5_ONLY_DERIVED_FROM_OBSERVED,STABLE_GROUP_SUMMARY
M5,M5_SNAP_CONTEXT,0.95,0.44670040485829937,4032,positive uplift; TRAIN+VALIDATION; baseline >= 1; frozen proxy rule,M5_ONLY_DERIVED_FROM_OBSERVED,STABLE_GROUP_SUMMARY
