group_dimension,group_value,calibration_n,test_n,group_q90,global_q90,q90_difference_from_global,test_coverage_using_global_q90,absolute_global_q90_coverage_error
cat_id,FOODS,3787,303,0.2962689209542851,0.2889132821075741,0.007355638846710977,0.8877887788778878,0.012211221122112259
cat_id,HOBBIES,2603,214,0.380339680905816,0.2889132821075741,0.09142639879824188,0.8738317757009346,0.0261682242990654
cat_id,HOUSEHOLD,2571,225,0.1632492113564669,0.2889132821075741,-0.12566407075110722,0.9866666666666667,0.08666666666666667
dept_id,FOODS_1,1315,96,0.2640124902419987,0.2889132821075741,-0.024900791865575422,0.8958333333333334,0.004166666666666652
dept_id,FOODS_2,1236,98,0.42125487610843176,0.2889132821075741,0.13234159400085765,0.826530612244898,0.07346938775510203
dept_id,FOODS_3,1236,109,0.22169785355046068,0.2889132821075741,-0.06721542855711343,0.9357798165137615,0.0357798165137615
dept_id,HOBBIES_1,1279,109,0.20657105075780696,0.2889132821075741,-0.08234223134976715,1.0,0.09999999999999998
dept_id,HOBBIES_2,1324,105,0.5065592264302982,0.2889132821075741,0.21764594432272405,0.7428571428571429,0.15714285714285714
dept_id,HOUSEHOLD_1,1291,107,0.1695160125210691,0.2889132821075741,-0.11939726958650501,0.9719626168224299,0.07196261682242988
dept_id,HOUSEHOLD_2,1280,118,0.1568798511771121,0.2889132821075741,-0.13203343093046202,1.0,0.09999999999999998
state_id,CA,3573,297,0.2434582181776602,0.2889132821075741,-0.045455063929913914,0.9393939393939394,0.039393939393939426
state_id,TX,2709,231,0.2682047276130032,0.2889132821075741,-0.02070855449457093,0.9134199134199135,0.013419913419913443
state_id,WI,2679,214,0.3618421052631579,0.2889132821075741,0.0729288231555838,0.8785046728971962,0.021495327102803774
store_id,CA_1,890,74,0.26720501029085564,0.2889132821075741,-0.021708271816718472,0.9594594594594594,0.05945945945945941
store_id,CA_2,917,80,0.19699955217196596,0.2889132821075741,-0.09191372993560815,0.95,0.04999999999999993
store_id,CA_3,861,69,0.25746531859863625,0.2889132821075741,-0.03144796350893786,0.9420289855072463,0.04202898550724632
store_id,CA_4,905,74,0.25,0.2889132821075741,-0.03891328210757411,0.9054054054054054,0.00540540540540535
store_id,TX_1,911,81,0.28304821150855364,0.2889132821075741,-0.005865070599020472,0.9012345679012346,0.0012345679012345512
store_id,TX_2,908,73,0.23713109109477873,0.2889132821075741,-0.05178219101279538,0.8767123287671232,0.023287671232876783
store_id,TX_3,890,77,0.27707500522320494,0.2889132821075741,-0.01183827688436917,0.961038961038961,0.061038961038961004
store_id,WI_1,918,74,0.25439946470391445,0.2889132821075741,-0.03451381740365966,1.0,0.09999999999999998
store_id,WI_2,890,70,0.4336043139017117,0.2889132821075741,0.14469103179413761,0.7714285714285715,0.12857142857142856
store_id,WI_3,871,70,0.37209302325581395,0.2889132821075741,0.08317974114823984,0.8571428571428571,0.04285714285714293
