risk_type,event_subtype,severity,calibration_stratum,quantile_level,delta_D,sample_size,bootstrap_ci_lower,bootstrap_ci_upper,heldout_coverage,source,status,resolution_code,provenance
FLASH_DEMAND_SURGE,PROMOTION_OR_CAMPAIGN,MODERATE,D1_PROMOTION,0.75,0.2121212121212121,37086,0.2083333333333333,0.2153671064803544,0.7522472327464527,Stage-3A empirical_quantiles/bootstrap/heldout_coverage artifacts,DATA_SUPPORTED,RESOLVED_FROM_STAGE3A,FAVORITA_RETAIL_DEMAND_SURGE_PROXY
FLASH_DEMAND_SURGE,PROMOTION_OR_CAMPAIGN,HIGH,D1_PROMOTION,0.9,0.4615384615384615,37086,0.4488062180313197,0.4741487837075672,0.9003045836119159,Stage-3A empirical_quantiles/bootstrap/heldout_coverage artifacts,DATA_SUPPORTED,RESOLVED_FROM_STAGE3A,FAVORITA_RETAIL_DEMAND_SURGE_PROXY
FLASH_DEMAND_SURGE,PROMOTION_OR_CAMPAIGN,EXTREME,D1_PROMOTION,0.95,0.9692281384825844,37086,0.9233489905862008,1.0,0.95728400564594,Stage-3A empirical_quantiles/bootstrap/heldout_coverage artifacts,DATA_SUPPORTED,RESOLVED_FROM_STAGE3A,FAVORITA_RETAIL_DEMAND_SURGE_PROXY
FLASH_DEMAND_SURGE,HOLIDAY_OR_SCHEDULED_EVENT,MODERATE,D2_HOLIDAY_EVENT,0.75,0.579071999202363,20156,0.5648270047850837,0.6,0.7368995633187773,Stage-3A empirical_quantiles/bootstrap/heldout_coverage artifacts,DATA_SUPPORTED,RESOLVED_FROM_STAGE3A,FAVORITA_RETAIL_DEMAND_SURGE_PROXY
FLASH_DEMAND_SURGE,HOLIDAY_OR_SCHEDULED_EVENT,HIGH,D2_HOLIDAY_EVENT,0.9,1.326341266639774,20156,1.275867600566731,1.375,0.9268558951965066,Stage-3A empirical_quantiles/bootstrap/heldout_coverage artifacts,DATA_SUPPORTED,RESOLVED_FROM_STAGE3A,FAVORITA_RETAIL_DEMAND_SURGE_PROXY
FLASH_DEMAND_SURGE,HOLIDAY_OR_SCHEDULED_EVENT,EXTREME,D2_HOLIDAY_EVENT,0.95,2.6666666666666665,20156,2.5,3.0,0.9705240174672488,Stage-3A empirical_quantiles/bootstrap/heldout_coverage artifacts,DATA_SUPPORTED,RESOLVED_FROM_STAGE3A,FAVORITA_RETAIL_DEMAND_SURGE_PROXY
FLASH_DEMAND_SURGE,PROMOTION_HOLIDAY_OVERLAP,MODERATE,D3_PROMOTION_HOLIDAY_OVERLAP,0.75,0.25,18704,0.2442590713933915,0.254818649937039,0.6235093696763203,Stage-3A empirical_quantiles/bootstrap/heldout_coverage artifacts,DATA_SUPPORTED,RESOLVED_FROM_STAGE3A,FAVORITA_RETAIL_DEMAND_SURGE_PROXY
FLASH_DEMAND_SURGE,PROMOTION_HOLIDAY_OVERLAP,HIGH,D3_PROMOTION_HOLIDAY_OVERLAP,0.9,0.5147053806369659,18704,0.5,0.5295050857287461,0.8639267461669506,Stage-3A empirical_quantiles/bootstrap/heldout_coverage artifacts,DATA_SUPPORTED,RESOLVED_FROM_STAGE3A,FAVORITA_RETAIL_DEMAND_SURGE_PROXY
FLASH_DEMAND_SURGE,PROMOTION_HOLIDAY_OVERLAP,EXTREME,D3_PROMOTION_HOLIDAY_OVERLAP,0.95,0.9129526281635292,18704,0.87010777161191,0.9672223360655736,0.9397359454855196,Stage-3A empirical_quantiles/bootstrap/heldout_coverage artifacts,DATA_SUPPORTED,RESOLVED_FROM_STAGE3A,FAVORITA_RETAIL_DEMAND_SURGE_PROXY
FLASH_DEMAND_SURGE,UNCLASSIFIED_FLASH_EVENT,MODERATE,D4_GENERIC_EVENT_PROXY,0.75,0.2954545454545454,75946,0.2920346764064733,0.2992564049350186,0.7638201010555806,Stage-3A empirical_quantiles/bootstrap/heldout_coverage artifacts,DATA_SUPPORTED,RESOLVED_FROM_STAGE3A,FAVORITA_RETAIL_DEMAND_SURGE_PROXY
FLASH_DEMAND_SURGE,UNCLASSIFIED_FLASH_EVENT,HIGH,D4_GENERIC_EVENT_PROXY,0.9,0.7333333333333333,75946,0.7142857142857143,0.7489864357816202,0.9224073240282156,Stage-3A empirical_quantiles/bootstrap/heldout_coverage artifacts,DATA_SUPPORTED,RESOLVED_FROM_STAGE3A,FAVORITA_RETAIL_DEMAND_SURGE_PROXY
FLASH_DEMAND_SURGE,UNCLASSIFIED_FLASH_EVENT,EXTREME,D4_GENERIC_EVENT_PROXY,0.95,1.3529411764705883,75946,1.3177570093457944,1.3954733961133656,0.9653309320126068,Stage-3A empirical_quantiles/bootstrap/heldout_coverage artifacts,DATA_SUPPORTED,RESOLVED_FROM_STAGE3A,FAVORITA_RETAIL_DEMAND_SURGE_PROXY
REGIONAL_EMERGENCY_DISRUPTION,REGIONAL_EMERGENCY,MODERATE,D4_GENERIC_EVENT_PROXY,0.75,0.2954545454545454,75946,0.2920346764064733,0.2992564049350186,0.7638201010555806,Stage-3A empirical_quantiles/bootstrap/heldout_coverage artifacts,INDIRECT_PROXY,RESOLVED_FROM_STAGE3A,INDIRECT_RETAIL_PROXY
REGIONAL_EMERGENCY_DISRUPTION,REGIONAL_EMERGENCY,HIGH,D4_GENERIC_EVENT_PROXY,0.9,0.7333333333333333,75946,0.7142857142857143,0.7489864357816202,0.9224073240282156,Stage-3A empirical_quantiles/bootstrap/heldout_coverage artifacts,INDIRECT_PROXY,RESOLVED_FROM_STAGE3A,INDIRECT_RETAIL_PROXY
REGIONAL_EMERGENCY_DISRUPTION,REGIONAL_EMERGENCY,EXTREME,D4_GENERIC_EVENT_PROXY,0.95,1.3529411764705883,75946,1.3177570093457944,1.3954733961133656,0.9653309320126068,Stage-3A empirical_quantiles/bootstrap/heldout_coverage artifacts,INDIRECT_PROXY,RESOLVED_FROM_STAGE3A,INDIRECT_RETAIL_PROXY
