source,source_family,source_file_identifier,requested_start,requested_end,country_scope,filter_logic,supplement_batch_id,anchor_date,official_url,retrieval_timestamp,http_status,status_result,size_bytes,sha256,error,source_member,records_inspected,records_retained,records_discarded,malformed_records,exact_duplicate_records,actual_min_date,actual_max_date,geography_counts,year_counts,geography_provenance_counts,retrieval_term_counts,filtered_filename,filtered_size_bytes,filtered_sha256,filename,temporary_global_file_deleted,query_or_source_file_identifier,record_count
GDELT,GDELT_EVENT,20150219120000.export.CSV.zip,2015-01-01T00:00:00Z,2026-08-31T23:59:59Z,Ecuador|Colombia|Peru,structured target geography AND frozen broad source-level risk terms,STAGE5A_SUPPLEMENT_001,20150219,https://data.gdeltproject.org/gdeltv2/20150219120000.export.CSV.zip,2026-09-28T14:29:38+00:00,200,DOWNLOADED,119836,e25a4ba94108f662133827339dc04334e2e664f117c60581dcf7e344bcf87dc0,,20150219120000.export.CSV,1924,0,1924,1924,0,,,{},{},{},{},gdelt_event_20150219120000.tsv,0,e3b0c44298fc1c149afbf4c8996fb92427ae41e4649b934ca495991b7852b855,gdelt_event_20150219120000.tsv,True,,
GDELT,GDELT_EVENT,20150301120000.export.CSV.zip,2015-01-01T00:00:00Z,2026-08-31T23:59:59Z,Ecuador|Colombia|Peru,structured target geography AND frozen broad source-level risk terms,STAGE5A_SUPPLEMENT_001,20150301,https://data.gdeltproject.org/gdeltv2/20150301120000.export.CSV.zip,2026-09-28T14:29:42+00:00,200,DOWNLOADED,64350,1cd2e890f626a9239c37bc2b6b95f3d3b39ac6112b24a88118370d18c7f3d7b2,,20150301120000.export.CSV,1068,0,1068,1068,0,,,{},{},{},{},gdelt_event_20150301120000.tsv,0,e3b0c44298fc1c149afbf4c8996fb92427ae41e4649b934ca495991b7852b855,gdelt_event_20150301120000.tsv,True,,
GDELT,GDELT_EVENT,20150401120000.export.CSV.zip,2015-01-01T00:00:00Z,2026-08-31T23:59:59Z,Ecuador|Colombia|Peru,structured target geography AND frozen broad source-level risk terms,STAGE5A_SUPPLEMENT_001,20150401,https://data.gdeltproject.org/gdeltv2/20150401120000.export.CSV.zip,2026-09-28T14:29:45+00:00,200,DOWNLOADED,144973,3e679f95f82437a8bace8b44738e1190742f7cb669ef1c424eefddd8057b48ee,,20150401120000.export.CSV,2204,0,2204,2204,0,,,{},{},{},{},gdelt_event_20150401120000.tsv,0,e3b0c44298fc1c149afbf4c8996fb92427ae41e4649b934ca495991b7852b855,gdelt_event_20150401120000.tsv,True,,
GDELT,GDELT_EVENT,20150501120000.export.CSV.zip,2015-01-01T00:00:00Z,2026-08-31T23:59:59Z,Ecuador|Colombia|Peru,structured target geography AND frozen broad source-level risk terms,STAGE5A_SUPPLEMENT_001,20150501,https://data.gdeltproject.org/gdeltv2/20150501120000.export.CSV.zip,2026-09-28T14:29:49+00:00,200,DOWNLOADED,115105,f2daf1087ef4e0dbf0ca5b1e9cee1d4d2c4fb8989724fa84004c73a5100112d0,,20150501120000.export.CSV,1656,0,1656,1656,0,,,{},{},{},{},gdelt_event_20150501120000.tsv,0,e3b0c44298fc1c149afbf4c8996fb92427ae41e4649b934ca495991b7852b855,gdelt_event_20150501120000.tsv,True,,
GDELT,GDELT_EVENT,20150601120000.export.CSV.zip,2015-01-01T00:00:00Z,2026-08-31T23:59:59Z,Ecuador|Colombia|Peru,structured target geography AND frozen broad source-level risk terms,STAGE5A_SUPPLEMENT_001,20150601,https://data.gdeltproject.org/gdeltv2/20150601120000.export.CSV.zip,2026-09-28T14:29:53+00:00,200,DOWNLOADED,125285,982c893b7c3e242a0369e8fe80719e2485ffdd880468c83c166190b74e3c25f1,,20150601120000.export.CSV,1832,0,1832,1832,0,,,{},{},{},{},gdelt_event_20150601120000.tsv,0,e3b0c44298fc1c149afbf4c8996fb92427ae41e4649b934ca495991b7852b855,gdelt_event_20150601120000.tsv,True,,
GDELT,GDELT_EVENT,20150701120000.export.CSV.zip,2015-01-01T00:00:00Z,2026-08-31T23:59:59Z,Ecuador|Colombia|Peru,structured target geography AND frozen broad source-level risk terms,STAGE5A_SUPPLEMENT_001,20150701,https://data.gdeltproject.org/gdeltv2/20150701120000.export.CSV.zip,2026-09-28T14:29:57+00:00,200,DOWNLOADED,146624,d06169465c20c9a6cb1e8dd165e71ae5ee1994103cb6b68d022840a95ce50bce,,20150701120000.export.CSV,2130,0,2130,2130,0,,,{},{},{},{},gdelt_event_20150701120000.tsv,0,e3b0c44298fc1c149afbf4c8996fb92427ae41e4649b934ca495991b7852b855,gdelt_event_20150701120000.tsv,True,,
GDELT,GDELT_EVENT,20150801120000.export.CSV.zip,2015-01-01T00:00:00Z,2026-08-31T23:59:59Z,Ecuador|Colombia|Peru,structured target geography AND frozen broad source-level risk terms,STAGE5A_SUPPLEMENT_001,20150801,https://data.gdeltproject.org/gdeltv2/20150801120000.export.CSV.zip,2026-09-28T14:30:02+00:00,200,DOWNLOADED,86297,9341423a200c5739c9bf978d04b73c1ee51cd7edd7047d517e2fc01ffc95b6ee,,20150801120000.export.CSV,1344,0,1344,1344,0,,,{},{},{},{},gdelt_event_20150801120000.tsv,0,e3b0c44298fc1c149afbf4c8996fb92427ae41e4649b934ca495991b7852b855,gdelt_event_20150801120000.tsv,True,,
GDELT,GDELT_EVENT,20150901120000.export.CSV.zip,2015-01-01T00:00:00Z,2026-08-31T23:59:59Z,Ecuador|Colombia|Peru,structured target geography AND frozen broad source-level risk terms,STAGE5A_SUPPLEMENT_001,20150901,https://data.gdeltproject.org/gdeltv2/20150901120000.export.CSV.zip,2026-09-28T14:30:06+00:00,200,DOWNLOADED,154759,c869c7ac9d45e543a98a8595ffc6c981fa2bbf2931ecef3f87aa6b29d8ac1cdf,,20150901120000.export.CSV,2179,0,2179,2179,0,,,{},{},{},{},gdelt_event_20150901120000.tsv,0,e3b0c44298fc1c149afbf4c8996fb92427ae41e4649b934ca495991b7852b855,gdelt_event_20150901120000.tsv,True,,
GDELT,GDELT_EVENT,20151001120000.export.CSV.zip,2015-01-01T00:00:00Z,2026-08-31T23:59:59Z,Ecuador|Colombia|Peru,structured target geography AND frozen broad source-level risk terms,STAGE5A_SUPPLEMENT_001,20151001,https://data.gdeltproject.org/gdeltv2/20151001120000.export.CSV.zip,2026-09-28T14:30:12+00:00,200,DOWNLOADED,136767,27e914b2f6ef7b9ebbe471a287bd76bf9a65ff710e303e1214d298754766cb07,,20151001120000.export.CSV,1973,0,1973,1973,0,,,{},{},{},{},gdelt_event_20151001120000.tsv,0,e3b0c44298fc1c149afbf4c8996fb92427ae41e4649b934ca495991b7852b855,gdelt_event_20151001120000.tsv,True,,
GDELT,GDELT_EVENT,20151101120000.export.CSV.zip,2015-01-01T00:00:00Z,2026-08-31T23:59:59Z,Ecuador|Colombia|Peru,structured target geography AND frozen broad source-level risk terms,STAGE5A_SUPPLEMENT_001,20151101,https://data.gdeltproject.org/gdeltv2/20151101120000.export.CSV.zip,2026-09-28T14:30:25+00:00,,DOWNLOAD_FAILED,0,,URLError: <urlopen error _ssl.c:983: The handshake operation timed out>,,,,,,,,,,,,,,,,,,,
GDELT,GDELT_EVENT,20151201120000.export.CSV.zip,2015-01-01T00:00:00Z,2026-08-31T23:59:59Z,Ecuador|Colombia|Peru,structured target geography AND frozen broad source-level risk terms,STAGE5A_SUPPLEMENT_001,20151201,https://data.gdeltproject.org/gdeltv2/20151201120000.export.CSV.zip,2026-09-28T14:30:49+00:00,200,DOWNLOADED,170689,d0e50b11898401ca601505a7bffe817cd4211610c19f9018a98a0147cdda0753,,20151201120000.export.CSV,2547,0,2547,2547,0,,,{},{},{},{},gdelt_event_20151201120000.tsv,0,e3b0c44298fc1c149afbf4c8996fb92427ae41e4649b934ca495991b7852b855,gdelt_event_20151201120000.tsv,True,,
GDELT,GDELT_EVENT,20160101120000.export.CSV.zip,2015-01-01T00:00:00Z,2026-08-31T23:59:59Z,Ecuador|Colombia|Peru,structured target geography AND frozen broad source-level risk terms,STAGE5A_SUPPLEMENT_001,20160101,https://data.gdeltproject.org/gdeltv2/20160101120000.export.CSV.zip,2026-09-28T14:31:05+00:00,200,DOWNLOADED,61701,03535ec41236b672f205bd2444ec08482943ada9f4dc26b65e1f3487968e0e3e,,20160101120000.export.CSV,927,0,927,927,0,,,{},{},{},{},gdelt_event_20160101120000.tsv,0,e3b0c44298fc1c149afbf4c8996fb92427ae41e4649b934ca495991b7852b855,gdelt_event_20160101120000.tsv,True,,
GDELT,GDELT_EVENT,20160201120000.export.CSV.zip,2015-01-01T00:00:00Z,2026-08-31T23:59:59Z,Ecuador|Colombia|Peru,structured target geography AND frozen broad source-level risk terms,STAGE5A_SUPPLEMENT_001,20160201,https://data.gdeltproject.org/gdeltv2/20160201120000.export.CSV.zip,2026-09-28T14:31:08+00:00,200,DOWNLOADED,149611,539da19184d6e2f7fd12749c5f01f81e0d9c004bcdfca2d5cea8794c4d346152,,20160201120000.export.CSV,2191,0,2191,2191,0,,,{},{},{},{},gdelt_event_20160201120000.tsv,0,e3b0c44298fc1c149afbf4c8996fb92427ae41e4649b934ca495991b7852b855,gdelt_event_20160201120000.tsv,True,,
GDELT,GDELT_EVENT,20160301120000.export.CSV.zip,2015-01-01T00:00:00Z,2026-08-31T23:59:59Z,Ecuador|Colombia|Peru,structured target geography AND frozen broad source-level risk terms,STAGE5A_SUPPLEMENT_001,20160301,https://data.gdeltproject.org/gdeltv2/20160301120000.export.CSV.zip,2026-09-28T14:31:14+00:00,200,DOWNLOADED,154048,abde9a4d0cad818e77a019ecfb0adb58df01668b2c26376322c3ab49e57d693b,,20160301120000.export.CSV,2267,0,2267,2267,0,,,{},{},{},{},gdelt_event_20160301120000.tsv,0,e3b0c44298fc1c149afbf4c8996fb92427ae41e4649b934ca495991b7852b855,gdelt_event_20160301120000.tsv,True,,
GDELT,GDELT_EVENT,20160401120000.export.CSV.zip,2015-01-01T00:00:00Z,2026-08-31T23:59:59Z,Ecuador|Colombia|Peru,structured target geography AND frozen broad source-level risk terms,STAGE5A_SUPPLEMENT_001,20160401,https://data.gdeltproject.org/gdeltv2/20160401120000.export.CSV.zip,2026-09-28T14:31:19+00:00,200,DOWNLOADED,152085,dfe656a1334b69601e3bfc3f424ac491bb27d9859b133284657307f15ad4da0f,,20160401120000.export.CSV,2316,0,2316,2316,0,,,{},{},{},{},gdelt_event_20160401120000.tsv,0,e3b0c44298fc1c149afbf4c8996fb92427ae41e4649b934ca495991b7852b855,gdelt_event_20160401120000.tsv,True,,
GDELT,GDELT_EVENT,20160501120000.export.CSV.zip,2015-01-01T00:00:00Z,2026-08-31T23:59:59Z,Ecuador|Colombia|Peru,structured target geography AND frozen broad source-level risk terms,STAGE5A_SUPPLEMENT_001,20160501,https://data.gdeltproject.org/gdeltv2/20160501120000.export.CSV.zip,2026-09-28T14:31:23+00:00,200,DOWNLOADED,71228,10e5bda1119f2abab4bca6e42d9179257a66530a71a719efcc78dcc2a1a7c738,,20160501120000.export.CSV,1084,0,1084,1084,0,,,{},{},{},{},gdelt_event_20160501120000.tsv,0,e3b0c44298fc1c149afbf4c8996fb92427ae41e4649b934ca495991b7852b855,gdelt_event_20160501120000.tsv,True,,
GDELT,GDELT_EVENT,20160601120000.export.CSV.zip,2015-01-01T00:00:00Z,2026-08-31T23:59:59Z,Ecuador|Colombia|Peru,structured target geography AND frozen broad source-level risk terms,STAGE5A_SUPPLEMENT_001,20160601,https://data.gdeltproject.org/gdeltv2/20160601120000.export.CSV.zip,2026-09-28T14:31:27+00:00,200,DOWNLOADED,182382,9b554dbd1c41074eb588465dca12fa22a15dcf213e5d3b92422a391770f30b56,,20160601120000.export.CSV,2699,0,2699,2699,0,,,{},{},{},{},gdelt_event_20160601120000.tsv,0,e3b0c44298fc1c149afbf4c8996fb92427ae41e4649b934ca495991b7852b855,gdelt_event_20160601120000.tsv,True,,
GDELT,GDELT_EVENT,20160701120000.export.CSV.zip,2015-01-01T00:00:00Z,2026-08-31T23:59:59Z,Ecuador|Colombia|Peru,structured target geography AND frozen broad source-level risk terms,STAGE5A_SUPPLEMENT_001,20160701,https://data.gdeltproject.org/gdeltv2/20160701120000.export.CSV.zip,2026-09-28T14:31:32+00:00,200,DOWNLOADED,159938,89131f1e4186cb81709dbc3aa73160ed469cb876668822e81c4096862a97e818,,20160701120000.export.CSV,2395,0,2395,2395,0,,,{},{},{},{},gdelt_event_20160701120000.tsv,0,e3b0c44298fc1c149afbf4c8996fb92427ae41e4649b934ca495991b7852b855,gdelt_event_20160701120000.tsv,True,,
GDELT,GDELT_EVENT,20160801120000.export.CSV.zip,2015-01-01T00:00:00Z,2026-08-31T23:59:59Z,Ecuador|Colombia|Peru,structured target geography AND frozen broad source-level risk terms,STAGE5A_SUPPLEMENT_001,20160801,https://data.gdeltproject.org/gdeltv2/20160801120000.export.CSV.zip,2026-09-28T14:31:36+00:00,200,DOWNLOADED,177311,64e3ad93a5fc9770a496abd0714dfaba11c9546d732b86425167fd2ff875d83f,,20160801120000.export.CSV,2735,0,2735,2735,0,,,{},{},{},{},gdelt_event_20160801120000.tsv,0,e3b0c44298fc1c149afbf4c8996fb92427ae41e4649b934ca495991b7852b855,gdelt_event_20160801120000.tsv,True,,
GDELT,GDELT_EVENT,20160901120000.export.CSV.zip,2015-01-01T00:00:00Z,2026-08-31T23:59:59Z,Ecuador|Colombia|Peru,structured target geography AND frozen broad source-level risk terms,STAGE5A_SUPPLEMENT_001,20160901,https://data.gdeltproject.org/gdeltv2/20160901120000.export.CSV.zip,2026-09-28T14:31:42+00:00,200,DOWNLOADED,189809,88389d1962ea86c09c5bea8acbd1b60fcd9ea69fabea07e83c3874dc3edc07ff,,20160901120000.export.CSV,2851,0,2851,2851,0,,,{},{},{},{},gdelt_event_20160901120000.tsv,0,e3b0c44298fc1c149afbf4c8996fb92427ae41e4649b934ca495991b7852b855,gdelt_event_20160901120000.tsv,True,,
GDELT,GDELT_EVENT,20161001120000.export.CSV.zip,2015-01-01T00:00:00Z,2026-08-31T23:59:59Z,Ecuador|Colombia|Peru,structured target geography AND frozen broad source-level risk terms,STAGE5A_SUPPLEMENT_001,20161001,https://data.gdeltproject.org/gdeltv2/20161001120000.export.CSV.zip,2026-09-28T14:31:50+00:00,200,DOWNLOADED,85718,477eb262a8c4c2af9713fa3aca95138f8fd8cf2f8b79f96801c5ffacf78078ee,,20161001120000.export.CSV,1378,0,1378,1378,0,,,{},{},{},{},gdelt_event_20161001120000.tsv,0,e3b0c44298fc1c149afbf4c8996fb92427ae41e4649b934ca495991b7852b855,gdelt_event_20161001120000.tsv,True,,
GDELT,GDELT_EVENT,20161101120000.export.CSV.zip,2015-01-01T00:00:00Z,2026-08-31T23:59:59Z,Ecuador|Colombia|Peru,structured target geography AND frozen broad source-level risk terms,STAGE5A_SUPPLEMENT_001,20161101,https://data.gdeltproject.org/gdeltv2/20161101120000.export.CSV.zip,2026-09-28T14:31:58+00:00,200,DOWNLOADED,157023,1132e9f5bea28bcacc24855661fab41965c9a81fd6c2b13f3498fe5b1eb82b25,,20161101120000.export.CSV,2304,0,2304,2304,0,,,{},{},{},{},gdelt_event_20161101120000.tsv,0,e3b0c44298fc1c149afbf4c8996fb92427ae41e4649b934ca495991b7852b855,gdelt_event_20161101120000.tsv,True,,
GDELT,GDELT_EVENT,20161201120000.export.CSV.zip,2015-01-01T00:00:00Z,2026-08-31T23:59:59Z,Ecuador|Colombia|Peru,structured target geography AND frozen broad source-level risk terms,STAGE5A_SUPPLEMENT_001,20161201,https://data.gdeltproject.org/gdeltv2/20161201120000.export.CSV.zip,2026-09-28T14:32:03+00:00,200,DOWNLOADED,134455,0b2606c326b1c90b73d5d07369838497cb04762e7f63c6257d60887e9fe221a0,,20161201120000.export.CSV,1889,0,1889,1889,0,,,{},{},{},{},gdelt_event_20161201120000.tsv,0,e3b0c44298fc1c149afbf4c8996fb92427ae41e4649b934ca495991b7852b855,gdelt_event_20161201120000.tsv,True,,
GDELT,GDELT_EVENT,20170101120000.export.CSV.zip,2015-01-01T00:00:00Z,2026-08-31T23:59:59Z,Ecuador|Colombia|Peru,structured target geography AND frozen broad source-level risk terms,STAGE5A_SUPPLEMENT_001,20170101,https://data.gdeltproject.org/gdeltv2/20170101120000.export.CSV.zip,2026-09-28T14:32:09+00:00,200,DOWNLOADED,59538,0294011f1540e264e51bf5c5ccfafd874d234a7fba931c3da5fc599b253dec99,,20170101120000.export.CSV,956,0,956,956,0,,,{},{},{},{},gdelt_event_20170101120000.tsv,0,e3b0c44298fc1c149afbf4c8996fb92427ae41e4649b934ca495991b7852b855,gdelt_event_20170101120000.tsv,True,,
GDELT,GDELT_EVENT,20170201120000.export.CSV.zip,2015-01-01T00:00:00Z,2026-08-31T23:59:59Z,Ecuador|Colombia|Peru,structured target geography AND frozen broad source-level risk terms,STAGE5A_SUPPLEMENT_001,20170201,https://data.gdeltproject.org/gdeltv2/20170201120000.export.CSV.zip,2026-09-28T14:32:13+00:00,200,DOWNLOADED,152715,1ff8c278fe39d6a7040d68bdda2240fac4cf146809ac6f5826ceb9a03668bb07,,20170201120000.export.CSV,2221,0,2221,2221,0,,,{},{},{},{},gdelt_event_20170201120000.tsv,0,e3b0c44298fc1c149afbf4c8996fb92427ae41e4649b934ca495991b7852b855,gdelt_event_20170201120000.tsv,True,,
GDELT,GDELT_EVENT,20170301120000.export.CSV.zip,2015-01-01T00:00:00Z,2026-08-31T23:59:59Z,Ecuador|Colombia|Peru,structured target geography AND frozen broad source-level risk terms,STAGE5A_SUPPLEMENT_001,20170301,https://data.gdeltproject.org/gdeltv2/20170301120000.export.CSV.zip,2026-09-28T14:32:17+00:00,200,DOWNLOADED,174061,7cf9ced7aa3fa22f4807e17f352128a2810a06d5693d70c60d1fff5e90ddc3c1,,20170301120000.export.CSV,2561,0,2561,2561,0,,,{},{},{},{},gdelt_event_20170301120000.tsv,0,e3b0c44298fc1c149afbf4c8996fb92427ae41e4649b934ca495991b7852b855,gdelt_event_20170301120000.tsv,True,,
GDELT,GDELT_EVENT,20170401120000.export.CSV.zip,2015-01-01T00:00:00Z,2026-08-31T23:59:59Z,Ecuador|Colombia|Peru,structured target geography AND frozen broad source-level risk terms,STAGE5A_SUPPLEMENT_001,20170401,https://data.gdeltproject.org/gdeltv2/20170401120000.export.CSV.zip,2026-09-28T14:32:23+00:00,200,DOWNLOADED,119271,709949ff39dbd932f351c826f0eb159ee5a824952a042e81cdffc4a3c291b31e,,20170401120000.export.CSV,1717,0,1717,1717,0,,,{},{},{},{},gdelt_event_20170401120000.tsv,0,e3b0c44298fc1c149afbf4c8996fb92427ae41e4649b934ca495991b7852b855,gdelt_event_20170401120000.tsv,True,,
GDELT,GDELT_EVENT,20170501120000.export.CSV.zip,2015-01-01T00:00:00Z,2026-08-31T23:59:59Z,Ecuador|Colombia|Peru,structured target geography AND frozen broad source-level risk terms,STAGE5A_SUPPLEMENT_001,20170501,https://data.gdeltproject.org/gdeltv2/20170501120000.export.CSV.zip,2026-09-28T14:32:33+00:00,200,DOWNLOADED,116464,09cb49ea289e5a55f82082eb0850bcb2dad684b0c8f8dde5a5f0f08f21f85b6c,,20170501120000.export.CSV,1687,0,1687,1687,0,,,{},{},{},{},gdelt_event_20170501120000.tsv,0,e3b0c44298fc1c149afbf4c8996fb92427ae41e4649b934ca495991b7852b855,gdelt_event_20170501120000.tsv,True,,
GDELT,GDELT_EVENT,20170601120000.export.CSV.zip,2015-01-01T00:00:00Z,2026-08-31T23:59:59Z,Ecuador|Colombia|Peru,structured target geography AND frozen broad source-level risk terms,STAGE5A_SUPPLEMENT_001,20170601,https://data.gdeltproject.org/gdeltv2/20170601120000.export.CSV.zip,2026-09-28T14:32:36+00:00,200,DOWNLOADED,3185,9e23adb46cd8a477eabb49803cedeacf7e4ee5704f1913aa0ef2c303625b25cf,,20170601120000.export.CSV,72,0,72,72,0,,,{},{},{},{},gdelt_event_20170601120000.tsv,0,e3b0c44298fc1c149afbf4c8996fb92427ae41e4649b934ca495991b7852b855,gdelt_event_20170601120000.tsv,True,,
GDELT,GDELT_EVENT,20170701120000.export.CSV.zip,2015-01-01T00:00:00Z,2026-08-31T23:59:59Z,Ecuador|Colombia|Peru,structured target geography AND frozen broad source-level risk terms,STAGE5A_SUPPLEMENT_001,20170701,https://data.gdeltproject.org/gdeltv2/20170701120000.export.CSV.zip,2026-09-28T14:32:40+00:00,200,DOWNLOADED,130902,2619454049cb6fcf6ae5506a2d6fe15a688da6bb439d6f3a588b0d23c8bf8d4c,,20170701120000.export.CSV,1906,0,1906,1906,0,,,{},{},{},{},gdelt_event_20170701120000.tsv,0,e3b0c44298fc1c149afbf4c8996fb92427ae41e4649b934ca495991b7852b855,gdelt_event_20170701120000.tsv,True,,
GDELT,GDELT_EVENT,20170801120000.export.CSV.zip,2015-01-01T00:00:00Z,2026-08-31T23:59:59Z,Ecuador|Colombia|Peru,structured target geography AND frozen broad source-level risk terms,STAGE5A_SUPPLEMENT_001,20170801,https://data.gdeltproject.org/gdeltv2/20170801120000.export.CSV.zip,2026-09-28T14:32:45+00:00,200,DOWNLOADED,187410,a145add72dbd4cee2c1f1303fbd7a859dc7f844d1742fac5e2e2fe04c0a5bd23,,20170801120000.export.CSV,2619,0,2619,2619,0,,,{},{},{},{},gdelt_event_20170801120000.tsv,0,e3b0c44298fc1c149afbf4c8996fb92427ae41e4649b934ca495991b7852b855,gdelt_event_20170801120000.tsv,True,,
GDELT,GDELT_EVENT,20170901120000.export.CSV.zip,2015-01-01T00:00:00Z,2026-08-31T23:59:59Z,Ecuador|Colombia|Peru,structured target geography AND frozen broad source-level risk terms,STAGE5A_SUPPLEMENT_001,20170901,https://data.gdeltproject.org/gdeltv2/20170901120000.export.CSV.zip,2026-09-28T14:32:51+00:00,200,DOWNLOADED,1282,6cecc128e6d82146507f4375698500e6edfbe36db5666b3895300302206621d8,,20170901120000.export.CSV,27,0,27,27,0,,,{},{},{},{},gdelt_event_20170901120000.tsv,0,e3b0c44298fc1c149afbf4c8996fb92427ae41e4649b934ca495991b7852b855,gdelt_event_20170901120000.tsv,True,,
GDELT,GDELT_EVENT,20171001120000.export.CSV.zip,2015-01-01T00:00:00Z,2026-08-31T23:59:59Z,Ecuador|Colombia|Peru,structured target geography AND frozen broad source-level risk terms,STAGE5A_SUPPLEMENT_001,20171001,https://data.gdeltproject.org/gdeltv2/20171001120000.export.CSV.zip,2026-09-28T14:32:59+00:00,200,DOWNLOADED,97176,c1fa3d1161f1d169174b3b2ab930c5165b910668ed263d87e0e986bf4a81f4c7,,20171001120000.export.CSV,1493,0,1493,1493,0,,,{},{},{},{},gdelt_event_20171001120000.tsv,0,e3b0c44298fc1c149afbf4c8996fb92427ae41e4649b934ca495991b7852b855,gdelt_event_20171001120000.tsv,True,,
GDELT,GDELT_EVENT,20171101120000.export.CSV.zip,2015-01-01T00:00:00Z,2026-08-31T23:59:59Z,Ecuador|Colombia|Peru,structured target geography AND frozen broad source-level risk terms,STAGE5A_SUPPLEMENT_001,20171101,https://data.gdeltproject.org/gdeltv2/20171101120000.export.CSV.zip,2026-09-28T14:33:05+00:00,200,DOWNLOADED,142486,f03c17f312de3f8db3e9e38a514d368c54166fbd757c705bd828be425effaee6,,20171101120000.export.CSV,2129,0,2129,2129,0,,,{},{},{},{},gdelt_event_20171101120000.tsv,0,e3b0c44298fc1c149afbf4c8996fb92427ae41e4649b934ca495991b7852b855,gdelt_event_20171101120000.tsv,True,,
GDELT,GDELT_EVENT,20171201120000.export.CSV.zip,2015-01-01T00:00:00Z,2026-08-31T23:59:59Z,Ecuador|Colombia|Peru,structured target geography AND frozen broad source-level risk terms,STAGE5A_SUPPLEMENT_001,20171201,https://data.gdeltproject.org/gdeltv2/20171201120000.export.CSV.zip,2026-09-28T14:33:10+00:00,200,DOWNLOADED,134732,4106e51ff9e83ddf016275b07ee5622f1487951ac8b93c32cbe3df9fcdf2d2c3,,20171201120000.export.CSV,1948,0,1948,1948,0,,,{},{},{},{},gdelt_event_20171201120000.tsv,0,e3b0c44298fc1c149afbf4c8996fb92427ae41e4649b934ca495991b7852b855,gdelt_event_20171201120000.tsv,True,,
GDELT,GDELT_EVENT,20180101120000.export.CSV.zip,2015-01-01T00:00:00Z,2026-08-31T23:59:59Z,Ecuador|Colombia|Peru,structured target geography AND frozen broad source-level risk terms,STAGE5A_SUPPLEMENT_001,20180101,https://data.gdeltproject.org/gdeltv2/20180101120000.export.CSV.zip,2026-09-28T14:33:14+00:00,200,DOWNLOADED,51619,61d5f53ecc9587cfe875143f6a343d35ca51d016117270054a907a7232b497bf,,20180101120000.export.CSV,812,0,812,812,0,,,{},{},{},{},gdelt_event_20180101120000.tsv,0,e3b0c44298fc1c149afbf4c8996fb92427ae41e4649b934ca495991b7852b855,gdelt_event_20180101120000.tsv,True,,
GDELT,GDELT_EVENT,20180201120000.export.CSV.zip,2015-01-01T00:00:00Z,2026-08-31T23:59:59Z,Ecuador|Colombia|Peru,structured target geography AND frozen broad source-level risk terms,STAGE5A_SUPPLEMENT_001,20180201,https://data.gdeltproject.org/gdeltv2/20180201120000.export.CSV.zip,2026-09-28T14:33:19+00:00,200,DOWNLOADED,133892,ab4965f2930e3a4cdf541bcde149baa327c53f3efc1f2fb517789f21d76a5857,,20180201120000.export.CSV,1855,0,1855,1855,0,,,{},{},{},{},gdelt_event_20180201120000.tsv,0,e3b0c44298fc1c149afbf4c8996fb92427ae41e4649b934ca495991b7852b855,gdelt_event_20180201120000.tsv,True,,
GDELT,GDELT_EVENT,20180301120000.export.CSV.zip,2015-01-01T00:00:00Z,2026-08-31T23:59:59Z,Ecuador|Colombia|Peru,structured target geography AND frozen broad source-level risk terms,STAGE5A_SUPPLEMENT_001,20180301,https://data.gdeltproject.org/gdeltv2/20180301120000.export.CSV.zip,2026-09-28T14:33:26+00:00,200,DOWNLOADED,136439,67d57102bf7aa7e308a5cdf0109a04043d6d3280ad91bc6687c28964f15064ad,,20180301120000.export.CSV,1933,0,1933,1933,0,,,{},{},{},{},gdelt_event_20180301120000.tsv,0,e3b0c44298fc1c149afbf4c8996fb92427ae41e4649b934ca495991b7852b855,gdelt_event_20180301120000.tsv,True,,
GDELT,GDELT_EVENT,20180401120000.export.CSV.zip,2015-01-01T00:00:00Z,2026-08-31T23:59:59Z,Ecuador|Colombia|Peru,structured target geography AND frozen broad source-level risk terms,STAGE5A_SUPPLEMENT_001,20180401,https://data.gdeltproject.org/gdeltv2/20180401120000.export.CSV.zip,2026-09-28T14:33:34+00:00,200,DOWNLOADED,91669,4755b336b729bad4a50ed21d3e143679fd29715d62910104131b9cbcd888e271,,20180401120000.export.CSV,1388,0,1388,1388,0,,,{},{},{},{},gdelt_event_20180401120000.tsv,0,e3b0c44298fc1c149afbf4c8996fb92427ae41e4649b934ca495991b7852b855,gdelt_event_20180401120000.tsv,True,,
GDELT,GDELT_EVENT,20180501120000.export.CSV.zip,2015-01-01T00:00:00Z,2026-08-31T23:59:59Z,Ecuador|Colombia|Peru,structured target geography AND frozen broad source-level risk terms,STAGE5A_SUPPLEMENT_001,20180501,https://data.gdeltproject.org/gdeltv2/20180501120000.export.CSV.zip,2026-09-28T14:33:44+00:00,200,DOWNLOADED,112911,5de082543dad392e2b2b4a0d7862758b8e06a0057d262d24aaf49cabb7ea0381,,20180501120000.export.CSV,1654,0,1654,1654,0,,,{},{},{},{},gdelt_event_20180501120000.tsv,0,e3b0c44298fc1c149afbf4c8996fb92427ae41e4649b934ca495991b7852b855,gdelt_event_20180501120000.tsv,True,,
GDELT,GDELT_EVENT,20180601120000.export.CSV.zip,2015-01-01T00:00:00Z,2026-08-31T23:59:59Z,Ecuador|Colombia|Peru,structured target geography AND frozen broad source-level risk terms,STAGE5A_SUPPLEMENT_001,20180601,https://data.gdeltproject.org/gdeltv2/20180601120000.export.CSV.zip,2026-09-28T14:33:49+00:00,200,DOWNLOADED,149798,d93873a710e7f969953e3186003c0b8a5919190330d691169b535865e0a1e5ff,,20180601120000.export.CSV,2142,0,2142,2142,0,,,{},{},{},{},gdelt_event_20180601120000.tsv,0,e3b0c44298fc1c149afbf4c8996fb92427ae41e4649b934ca495991b7852b855,gdelt_event_20180601120000.tsv,True,,
GDELT,GDELT_EVENT,20180701120000.export.CSV.zip,2015-01-01T00:00:00Z,2026-08-31T23:59:59Z,Ecuador|Colombia|Peru,structured target geography AND frozen broad source-level risk terms,STAGE5A_SUPPLEMENT_001,20180701,https://data.gdeltproject.org/gdeltv2/20180701120000.export.CSV.zip,2026-09-28T14:33:56+00:00,200,DOWNLOADED,75799,d72bc288f6721cb6e3902ce3a30c0ad9f639705f2aedd976a7ac27c465b81226,,20180701120000.export.CSV,1061,0,1061,1061,0,,,{},{},{},{},gdelt_event_20180701120000.tsv,0,e3b0c44298fc1c149afbf4c8996fb92427ae41e4649b934ca495991b7852b855,gdelt_event_20180701120000.tsv,True,,
GDELT,GDELT_EVENT,20180801120000.export.CSV.zip,2015-01-01T00:00:00Z,2026-08-31T23:59:59Z,Ecuador|Colombia|Peru,structured target geography AND frozen broad source-level risk terms,STAGE5A_SUPPLEMENT_001,20180801,https://data.gdeltproject.org/gdeltv2/20180801120000.export.CSV.zip,2026-09-28T14:34:01+00:00,200,DOWNLOADED,128331,b4a7535402611a552268e1d2b868aca228b688f2e8853a375007989bbc0409ba,,20180801120000.export.CSV,1842,0,1842,1842,0,,,{},{},{},{},gdelt_event_20180801120000.tsv,0,e3b0c44298fc1c149afbf4c8996fb92427ae41e4649b934ca495991b7852b855,gdelt_event_20180801120000.tsv,True,,
GDELT,GDELT_EVENT,20180901120000.export.CSV.zip,2015-01-01T00:00:00Z,2026-08-31T23:59:59Z,Ecuador|Colombia|Peru,structured target geography AND frozen broad source-level risk terms,STAGE5A_SUPPLEMENT_001,20180901,https://data.gdeltproject.org/gdeltv2/20180901120000.export.CSV.zip,2026-09-28T14:34:06+00:00,200,DOWNLOADED,50450,049ea4a36663e6b76987d263e4772e4797c3513208e96b021cfa09a7d68b53b2,,20180901120000.export.CSV,735,0,735,735,0,,,{},{},{},{},gdelt_event_20180901120000.tsv,0,e3b0c44298fc1c149afbf4c8996fb92427ae41e4649b934ca495991b7852b855,gdelt_event_20180901120000.tsv,True,,
GDELT,GDELT_EVENT,20181001120000.export.CSV.zip,2015-01-01T00:00:00Z,2026-08-31T23:59:59Z,Ecuador|Colombia|Peru,structured target geography AND frozen broad source-level risk terms,STAGE5A_SUPPLEMENT_001,20181001,https://data.gdeltproject.org/gdeltv2/20181001120000.export.CSV.zip,2026-09-28T14:34:15+00:00,200,DOWNLOADED,129466,96fd8b469ddcb6c1996197466b2395105566d80b61251717d57e6f6f3bdbfd2f,,20181001120000.export.CSV,1992,0,1992,1992,0,,,{},{},{},{},gdelt_event_20181001120000.tsv,0,e3b0c44298fc1c149afbf4c8996fb92427ae41e4649b934ca495991b7852b855,gdelt_event_20181001120000.tsv,True,,
GDELT,GDELT_EVENT,20181101120000.export.CSV.zip,2015-01-01T00:00:00Z,2026-08-31T23:59:59Z,Ecuador|Colombia|Peru,structured target geography AND frozen broad source-level risk terms,STAGE5A_SUPPLEMENT_001,20181101,https://data.gdeltproject.org/gdeltv2/20181101120000.export.CSV.zip,2026-09-28T14:34:21+00:00,200,DOWNLOADED,130719,3a64d4bef0a327f52581519d8999408791cfcf620c5b030793c57675a247f44c,,20181101120000.export.CSV,1881,0,1881,1881,0,,,{},{},{},{},gdelt_event_20181101120000.tsv,0,e3b0c44298fc1c149afbf4c8996fb92427ae41e4649b934ca495991b7852b855,gdelt_event_20181101120000.tsv,True,,
GDELT,GDELT_EVENT,20181201120000.export.CSV.zip,2015-01-01T00:00:00Z,2026-08-31T23:59:59Z,Ecuador|Colombia|Peru,structured target geography AND frozen broad source-level risk terms,STAGE5A_SUPPLEMENT_001,20181201,https://data.gdeltproject.org/gdeltv2/20181201120000.export.CSV.zip,2026-09-28T14:34:24+00:00,200,DOWNLOADED,60401,88e2c2bb868504ac89420abd48b7f5389e2e6792641dd019c6ddccf48717094a,,20181201120000.export.CSV,914,0,914,914,0,,,{},{},{},{},gdelt_event_20181201120000.tsv,0,e3b0c44298fc1c149afbf4c8996fb92427ae41e4649b934ca495991b7852b855,gdelt_event_20181201120000.tsv,True,,
GDELT,GDELT_EVENT,20190101120000.export.CSV.zip,2015-01-01T00:00:00Z,2026-08-31T23:59:59Z,Ecuador|Colombia|Peru,structured target geography AND frozen broad source-level risk terms,STAGE5A_SUPPLEMENT_001,20190101,https://data.gdeltproject.org/gdeltv2/20190101120000.export.CSV.zip,2026-09-28T14:34:28+00:00,200,DOWNLOADED,44379,d469d433e7aca4ed4016e11cdf9da000abc119ff5e74138502f06dc600363b1d,,20190101120000.export.CSV,643,0,643,643,0,,,{},{},{},{},gdelt_event_20190101120000.tsv,0,e3b0c44298fc1c149afbf4c8996fb92427ae41e4649b934ca495991b7852b855,gdelt_event_20190101120000.tsv,True,,
GDELT,GDELT_EVENT,20190201120000.export.CSV.zip,2015-01-01T00:00:00Z,2026-08-31T23:59:59Z,Ecuador|Colombia|Peru,structured target geography AND frozen broad source-level risk terms,STAGE5A_SUPPLEMENT_001,20190201,https://data.gdeltproject.org/gdeltv2/20190201120000.export.CSV.zip,2026-09-28T14:34:33+00:00,200,DOWNLOADED,124259,774d82eacf27674bd15ad8b61b562cb36185c8e6e5264bf089e6951fc9fe3b56,,20190201120000.export.CSV,1763,0,1763,1763,0,,,{},{},{},{},gdelt_event_20190201120000.tsv,0,e3b0c44298fc1c149afbf4c8996fb92427ae41e4649b934ca495991b7852b855,gdelt_event_20190201120000.tsv,True,,
GDELT,GDELT_EVENT,20190301120000.export.CSV.zip,2015-01-01T00:00:00Z,2026-08-31T23:59:59Z,Ecuador|Colombia|Peru,structured target geography AND frozen broad source-level risk terms,STAGE5A_SUPPLEMENT_001,20190301,https://data.gdeltproject.org/gdeltv2/20190301120000.export.CSV.zip,2026-09-28T14:34:37+00:00,200,DOWNLOADED,119430,1e79defdb8a8b443b4dc56d97fc2bd736787aae8295370947c5a39e1e97b63d7,,20190301120000.export.CSV,1756,0,1756,1756,0,,,{},{},{},{},gdelt_event_20190301120000.tsv,0,e3b0c44298fc1c149afbf4c8996fb92427ae41e4649b934ca495991b7852b855,gdelt_event_20190301120000.tsv,True,,
GDELT,GDELT_EVENT,20190401120000.export.CSV.zip,2015-01-01T00:00:00Z,2026-08-31T23:59:59Z,Ecuador|Colombia|Peru,structured target geography AND frozen broad source-level risk terms,STAGE5A_SUPPLEMENT_001,20190401,https://data.gdeltproject.org/gdeltv2/20190401120000.export.CSV.zip,2026-09-28T14:34:41+00:00,200,DOWNLOADED,138827,ac388abce6aed1f312fd0cfe56bc878a4bd41273b22d513cc28e37f5d292932c,,20190401120000.export.CSV,2108,0,2108,2108,0,,,{},{},{},{},gdelt_event_20190401120000.tsv,0,e3b0c44298fc1c149afbf4c8996fb92427ae41e4649b934ca495991b7852b855,gdelt_event_20190401120000.tsv,True,,
GDELT,GDELT_EVENT,20190501120000.export.CSV.zip,2015-01-01T00:00:00Z,2026-08-31T23:59:59Z,Ecuador|Colombia|Peru,structured target geography AND frozen broad source-level risk terms,STAGE5A_SUPPLEMENT_001,20190501,https://data.gdeltproject.org/gdeltv2/20190501120000.export.CSV.zip,2026-09-28T14:34:46+00:00,200,DOWNLOADED,184031,80fa30b36d02a4d17635a4a13c7ca6cb478fedbe1b9ca6ab66e0cf157e80d913,,20190501120000.export.CSV,2803,0,2803,2803,0,,,{},{},{},{},gdelt_event_20190501120000.tsv,0,e3b0c44298fc1c149afbf4c8996fb92427ae41e4649b934ca495991b7852b855,gdelt_event_20190501120000.tsv,True,,
GDELT,GDELT_EVENT,20190601120000.export.CSV.zip,2015-01-01T00:00:00Z,2026-08-31T23:59:59Z,Ecuador|Colombia|Peru,structured target geography AND frozen broad source-level risk terms,STAGE5A_SUPPLEMENT_001,20190601,https://data.gdeltproject.org/gdeltv2/20190601120000.export.CSV.zip,2026-09-28T14:34:52+00:00,200,DOWNLOADED,68065,bd225dd5df0f5566531f01b7491dbe644db75ed83563afd558e9d36cb2ce8457,,20190601120000.export.CSV,1033,0,1033,1033,0,,,{},{},{},{},gdelt_event_20190601120000.tsv,0,e3b0c44298fc1c149afbf4c8996fb92427ae41e4649b934ca495991b7852b855,gdelt_event_20190601120000.tsv,True,,
GDELT,GDELT_EVENT,20190701120000.export.CSV.zip,2015-01-01T00:00:00Z,2026-08-31T23:59:59Z,Ecuador|Colombia|Peru,structured target geography AND frozen broad source-level risk terms,STAGE5A_SUPPLEMENT_001,20190701,https://data.gdeltproject.org/gdeltv2/20190701120000.export.CSV.zip,2026-09-28T14:34:57+00:00,200,DOWNLOADED,112751,8bb498b290f17709241de9a27b0d2bfdbd54156a7a148e3f58c5d4a0f0639e23,,20190701120000.export.CSV,1567,0,1567,1567,0,,,{},{},{},{},gdelt_event_20190701120000.tsv,0,e3b0c44298fc1c149afbf4c8996fb92427ae41e4649b934ca495991b7852b855,gdelt_event_20190701120000.tsv,True,,
GDELT,GDELT_EVENT,20190801120000.export.CSV.zip,2015-01-01T00:00:00Z,2026-08-31T23:59:59Z,Ecuador|Colombia|Peru,structured target geography AND frozen broad source-level risk terms,STAGE5A_SUPPLEMENT_001,20190801,https://data.gdeltproject.org/gdeltv2/20190801120000.export.CSV.zip,2026-09-28T14:35:03+00:00,200,DOWNLOADED,128443,c128db3f211b1ae03af220f778af9ed5f61d2b01d50ac4b7a45f2784ddcb2fd4,,20190801120000.export.CSV,1842,0,1842,1842,0,,,{},{},{},{},gdelt_event_20190801120000.tsv,0,e3b0c44298fc1c149afbf4c8996fb92427ae41e4649b934ca495991b7852b855,gdelt_event_20190801120000.tsv,True,,
GDELT,GDELT_EVENT,20190901120000.export.CSV.zip,2015-01-01T00:00:00Z,2026-08-31T23:59:59Z,Ecuador|Colombia|Peru,structured target geography AND frozen broad source-level risk terms,STAGE5A_SUPPLEMENT_001,20190901,https://data.gdeltproject.org/gdeltv2/20190901120000.export.CSV.zip,2026-09-28T14:35:08+00:00,200,DOWNLOADED,53054,dbb611910604a1b1a19a485ce1311c2aae07104d7c95a0b6749b7f4b667bdc86,,20190901120000.export.CSV,813,0,813,813,0,,,{},{},{},{},gdelt_event_20190901120000.tsv,0,e3b0c44298fc1c149afbf4c8996fb92427ae41e4649b934ca495991b7852b855,gdelt_event_20190901120000.tsv,True,,
GDELT,GDELT_EVENT,20191001120000.export.CSV.zip,2015-01-01T00:00:00Z,2026-08-31T23:59:59Z,Ecuador|Colombia|Peru,structured target geography AND frozen broad source-level risk terms,STAGE5A_SUPPLEMENT_001,20191001,https://data.gdeltproject.org/gdeltv2/20191001120000.export.CSV.zip,2026-09-28T14:35:12+00:00,200,DOWNLOADED,126854,c95b3b3e4a8b01198eaab53cb26681661708a1b9205ed4350f953571dbe6ed77,,20191001120000.export.CSV,1823,0,1823,1823,0,,,{},{},{},{},gdelt_event_20191001120000.tsv,0,e3b0c44298fc1c149afbf4c8996fb92427ae41e4649b934ca495991b7852b855,gdelt_event_20191001120000.tsv,True,,
GDELT,GDELT_EVENT,20191101120000.export.CSV.zip,2015-01-01T00:00:00Z,2026-08-31T23:59:59Z,Ecuador|Colombia|Peru,structured target geography AND frozen broad source-level risk terms,STAGE5A_SUPPLEMENT_001,20191101,https://data.gdeltproject.org/gdeltv2/20191101120000.export.CSV.zip,2026-09-28T14:35:21+00:00,200,DOWNLOAD_FAILED,0,,TimeoutError: The read operation timed out,,,,,,,,,,,,,,,,,,,
GDELT,GDELT_EVENT,20191201120000.export.CSV.zip,2015-01-01T00:00:00Z,2026-08-31T23:59:59Z,Ecuador|Colombia|Peru,structured target geography AND frozen broad source-level risk terms,STAGE5A_SUPPLEMENT_001,20191201,https://data.gdeltproject.org/gdeltv2/20191201120000.export.CSV.zip,2026-09-28T14:36:04+00:00,,DOWNLOAD_FAILED,0,,RemoteDisconnected: Remote end closed connection without response,,,,,,,,,,,,,,,,,,,
GDELT,GDELT_EVENT,20200101120000.export.CSV.zip,2015-01-01T00:00:00Z,2026-08-31T23:59:59Z,Ecuador|Colombia|Peru,structured target geography AND frozen broad source-level risk terms,STAGE5A_SUPPLEMENT_001,20200101,https://data.gdeltproject.org/gdeltv2/20200101120000.export.CSV.zip,2026-09-28T14:36:06+00:00,200,DOWNLOADED,52827,ae576c4db753ac514877c3e71122a4322ad08b40bf96b61eb8c6ad5994fcd28a,,20200101120000.export.CSV,856,0,856,856,0,,,{},{},{},{},gdelt_event_20200101120000.tsv,0,e3b0c44298fc1c149afbf4c8996fb92427ae41e4649b934ca495991b7852b855,gdelt_event_20200101120000.tsv,True,,
GDELT,GDELT_EVENT,20200201120000.export.CSV.zip,2015-01-01T00:00:00Z,2026-08-31T23:59:59Z,Ecuador|Colombia|Peru,structured target geography AND frozen broad source-level risk terms,STAGE5A_SUPPLEMENT_001,20200201,https://data.gdeltproject.org/gdeltv2/20200201120000.export.CSV.zip,2026-09-28T14:36:12+00:00,200,DOWNLOADED,60485,400ec009e50cac7c6e04cb7692bc9baa7c493166078f9bebc9162ac9747c26ff,,20200201120000.export.CSV,925,0,925,925,0,,,{},{},{},{},gdelt_event_20200201120000.tsv,0,e3b0c44298fc1c149afbf4c8996fb92427ae41e4649b934ca495991b7852b855,gdelt_event_20200201120000.tsv,True,,
GDELT,GDELT_EVENT,20200301120000.export.CSV.zip,2015-01-01T00:00:00Z,2026-08-31T23:59:59Z,Ecuador|Colombia|Peru,structured target geography AND frozen broad source-level risk terms,STAGE5A_SUPPLEMENT_001,20200301,https://data.gdeltproject.org/gdeltv2/20200301120000.export.CSV.zip,2026-09-28T14:36:23+00:00,200,DOWNLOADED,48684,4c637398886c6ec803a3111c3689777a3f58d49a585799765a1f8e06a83ca854,,20200301120000.export.CSV,792,0,792,792,0,,,{},{},{},{},gdelt_event_20200301120000.tsv,0,e3b0c44298fc1c149afbf4c8996fb92427ae41e4649b934ca495991b7852b855,gdelt_event_20200301120000.tsv,True,,
GDELT,GDELT_EVENT,20200401120000.export.CSV.zip,2015-01-01T00:00:00Z,2026-08-31T23:59:59Z,Ecuador|Colombia|Peru,structured target geography AND frozen broad source-level risk terms,STAGE5A_SUPPLEMENT_001,20200401,https://data.gdeltproject.org/gdeltv2/20200401120000.export.CSV.zip,2026-09-28T14:36:28+00:00,200,DOWNLOADED,97746,a98e78f9d0c42779ebcc1962f487f758c92400cfc5efac9d0fca909df8437f52,,20200401120000.export.CSV,1326,0,1326,1326,0,,,{},{},{},{},gdelt_event_20200401120000.tsv,0,e3b0c44298fc1c149afbf4c8996fb92427ae41e4649b934ca495991b7852b855,gdelt_event_20200401120000.tsv,True,,
GDELT,GDELT_EVENT,20200501120000.export.CSV.zip,2015-01-01T00:00:00Z,2026-08-31T23:59:59Z,Ecuador|Colombia|Peru,structured target geography AND frozen broad source-level risk terms,STAGE5A_SUPPLEMENT_001,20200501,https://data.gdeltproject.org/gdeltv2/20200501120000.export.CSV.zip,2026-09-28T14:36:31+00:00,200,DOWNLOADED,97158,005b549a586e16183fe0eb02757aacce003c7e627eeeeb1f4845e3c16d687032,,20200501120000.export.CSV,1373,0,1373,1373,0,,,{},{},{},{},gdelt_event_20200501120000.tsv,0,e3b0c44298fc1c149afbf4c8996fb92427ae41e4649b934ca495991b7852b855,gdelt_event_20200501120000.tsv,True,,
GDELT,GDELT_EVENT,20200601120000.export.CSV.zip,2015-01-01T00:00:00Z,2026-08-31T23:59:59Z,Ecuador|Colombia|Peru,structured target geography AND frozen broad source-level risk terms,STAGE5A_SUPPLEMENT_001,20200601,https://data.gdeltproject.org/gdeltv2/20200601120000.export.CSV.zip,2026-09-28T14:36:37+00:00,200,DOWNLOADED,97225,85e0b61cc09a2fc6ff3ac6a231b5487c10c5527c6c5f18a194aecf97cba1efc9,,20200601120000.export.CSV,1463,0,1463,1463,0,,,{},{},{},{},gdelt_event_20200601120000.tsv,0,e3b0c44298fc1c149afbf4c8996fb92427ae41e4649b934ca495991b7852b855,gdelt_event_20200601120000.tsv,True,,
GDELT,GDELT_EVENT,20200701120000.export.CSV.zip,2015-01-01T00:00:00Z,2026-08-31T23:59:59Z,Ecuador|Colombia|Peru,structured target geography AND frozen broad source-level risk terms,STAGE5A_SUPPLEMENT_001,20200701,https://data.gdeltproject.org/gdeltv2/20200701120000.export.CSV.zip,2026-09-28T14:36:41+00:00,200,DOWNLOADED,116326,7a88ffdadb254cb817be9bcfaa8c6c89069a2b464af5713c7e058c38008cb177,,20200701120000.export.CSV,1704,0,1704,1704,0,,,{},{},{},{},gdelt_event_20200701120000.tsv,0,e3b0c44298fc1c149afbf4c8996fb92427ae41e4649b934ca495991b7852b855,gdelt_event_20200701120000.tsv,True,,
GDELT,GDELT_EVENT,20200801120000.export.CSV.zip,2015-01-01T00:00:00Z,2026-08-31T23:59:59Z,Ecuador|Colombia|Peru,structured target geography AND frozen broad source-level risk terms,STAGE5A_SUPPLEMENT_001,20200801,https://data.gdeltproject.org/gdeltv2/20200801120000.export.CSV.zip,2026-09-28T14:36:46+00:00,200,DOWNLOADED,44873,1a1dd1a9106992bc5f87a37c9e3a6d3001340f39da47683910b4549f9782bdef,,20200801120000.export.CSV,658,0,658,658,0,,,{},{},{},{},gdelt_event_20200801120000.tsv,0,e3b0c44298fc1c149afbf4c8996fb92427ae41e4649b934ca495991b7852b855,gdelt_event_20200801120000.tsv,True,,
GDELT,GDELT_EVENT,20200901120000.export.CSV.zip,2015-01-01T00:00:00Z,2026-08-31T23:59:59Z,Ecuador|Colombia|Peru,structured target geography AND frozen broad source-level risk terms,STAGE5A_SUPPLEMENT_001,20200901,https://data.gdeltproject.org/gdeltv2/20200901120000.export.CSV.zip,2026-09-28T14:36:49+00:00,200,DOWNLOADED,110581,77edacb74169e0d17133d655d11925d3a55622a74b38c13acda6ec499240678e,,20200901120000.export.CSV,1608,0,1608,1608,0,,,{},{},{},{},gdelt_event_20200901120000.tsv,0,e3b0c44298fc1c149afbf4c8996fb92427ae41e4649b934ca495991b7852b855,gdelt_event_20200901120000.tsv,True,,
GDELT,GDELT_EVENT,20201001120000.export.CSV.zip,2015-01-01T00:00:00Z,2026-08-31T23:59:59Z,Ecuador|Colombia|Peru,structured target geography AND frozen broad source-level risk terms,STAGE5A_SUPPLEMENT_001,20201001,https://data.gdeltproject.org/gdeltv2/20201001120000.export.CSV.zip,2026-09-28T14:36:55+00:00,200,DOWNLOADED,107635,31379a04eef9fd96f32a70e167f12168bbfa923cbbb16c86d66f457c48357cb2,,20201001120000.export.CSV,1493,0,1493,1493,0,,,{},{},{},{},gdelt_event_20201001120000.tsv,0,e3b0c44298fc1c149afbf4c8996fb92427ae41e4649b934ca495991b7852b855,gdelt_event_20201001120000.tsv,True,,
GDELT,GDELT_EVENT,20201101120000.export.CSV.zip,2015-01-01T00:00:00Z,2026-08-31T23:59:59Z,Ecuador|Colombia|Peru,structured target geography AND frozen broad source-level risk terms,STAGE5A_SUPPLEMENT_001,20201101,https://data.gdeltproject.org/gdeltv2/20201101120000.export.CSV.zip,2026-09-28T14:37:00+00:00,200,DOWNLOADED,64419,06a82d4648fc5558e483e2386fd828e5a2bf05d6e57a47563812ec311b4b9cd5,,20201101120000.export.CSV,1042,0,1042,1042,0,,,{},{},{},{},gdelt_event_20201101120000.tsv,0,e3b0c44298fc1c149afbf4c8996fb92427ae41e4649b934ca495991b7852b855,gdelt_event_20201101120000.tsv,True,,
GDELT,GDELT_EVENT,20201201120000.export.CSV.zip,2015-01-01T00:00:00Z,2026-08-31T23:59:59Z,Ecuador|Colombia|Peru,structured target geography AND frozen broad source-level risk terms,STAGE5A_SUPPLEMENT_001,20201201,https://data.gdeltproject.org/gdeltv2/20201201120000.export.CSV.zip,2026-09-28T14:37:03+00:00,200,DOWNLOADED,90501,02f654b185ea18e1ac4add25dd40383d963aaf408fb2c8c3fdbef5b0d565bbd9,,20201201120000.export.CSV,1363,0,1363,1363,0,,,{},{},{},{},gdelt_event_20201201120000.tsv,0,e3b0c44298fc1c149afbf4c8996fb92427ae41e4649b934ca495991b7852b855,gdelt_event_20201201120000.tsv,True,,
GDELT,GDELT_EVENT,20210101120000.export.CSV.zip,2015-01-01T00:00:00Z,2026-08-31T23:59:59Z,Ecuador|Colombia|Peru,structured target geography AND frozen broad source-level risk terms,STAGE5A_SUPPLEMENT_001,20210101,https://data.gdeltproject.org/gdeltv2/20210101120000.export.CSV.zip,2026-09-28T14:37:11+00:00,200,DOWNLOADED,38620,30b981cd85bf75d7bbbb68c4e9ec48ecf133ef31175115a39aea122f8cb1e682,,20210101120000.export.CSV,578,0,578,578,0,,,{},{},{},{},gdelt_event_20210101120000.tsv,0,e3b0c44298fc1c149afbf4c8996fb92427ae41e4649b934ca495991b7852b855,gdelt_event_20210101120000.tsv,True,,
GDELT,GDELT_EVENT,20210201120000.export.CSV.zip,2015-01-01T00:00:00Z,2026-08-31T23:59:59Z,Ecuador|Colombia|Peru,structured target geography AND frozen broad source-level risk terms,STAGE5A_SUPPLEMENT_001,20210201,https://data.gdeltproject.org/gdeltv2/20210201120000.export.CSV.zip,2026-09-28T14:37:14+00:00,200,DOWNLOADED,84942,c51ecbd3c856e6fb01aee8950f7abd4dd6f2a6c6b59d173ab8ad23cd1a1409c8,,20210201120000.export.CSV,1274,0,1274,1274,0,,,{},{},{},{},gdelt_event_20210201120000.tsv,0,e3b0c44298fc1c149afbf4c8996fb92427ae41e4649b934ca495991b7852b855,gdelt_event_20210201120000.tsv,True,,
GDELT,GDELT_EVENT,20210301120000.export.CSV.zip,2015-01-01T00:00:00Z,2026-08-31T23:59:59Z,Ecuador|Colombia|Peru,structured target geography AND frozen broad source-level risk terms,STAGE5A_SUPPLEMENT_001,20210301,https://data.gdeltproject.org/gdeltv2/20210301120000.export.CSV.zip,2026-09-28T14:37:22+00:00,200,DOWNLOADED,92207,88b11d3f237b20039e86902bb7979d6bdecb879635749c64d8794658e6f3f0c8,,20210301120000.export.CSV,1338,0,1338,1338,0,,,{},{},{},{},gdelt_event_20210301120000.tsv,0,e3b0c44298fc1c149afbf4c8996fb92427ae41e4649b934ca495991b7852b855,gdelt_event_20210301120000.tsv,True,,
GDELT,GDELT_EVENT,20210401120000.export.CSV.zip,2015-01-01T00:00:00Z,2026-08-31T23:59:59Z,Ecuador|Colombia|Peru,structured target geography AND frozen broad source-level risk terms,STAGE5A_SUPPLEMENT_001,20210401,https://data.gdeltproject.org/gdeltv2/20210401120000.export.CSV.zip,2026-09-28T14:37:27+00:00,200,DOWNLOADED,87634,3fc1686ec69ac9fdbc0276a5c576a4b85cf20615dc7076a239533c6575410e51,,20210401120000.export.CSV,1269,0,1269,1269,0,,,{},{},{},{},gdelt_event_20210401120000.tsv,0,e3b0c44298fc1c149afbf4c8996fb92427ae41e4649b934ca495991b7852b855,gdelt_event_20210401120000.tsv,True,,
GDELT,GDELT_EVENT,20210501120000.export.CSV.zip,2015-01-01T00:00:00Z,2026-08-31T23:59:59Z,Ecuador|Colombia|Peru,structured target geography AND frozen broad source-level risk terms,STAGE5A_SUPPLEMENT_001,20210501,https://data.gdeltproject.org/gdeltv2/20210501120000.export.CSV.zip,2026-09-28T14:37:33+00:00,200,DOWNLOADED,46984,8868b1e429f00032df20191ed89d6ec6df7081c8e61a56530089eab6f0ca3006,,20210501120000.export.CSV,694,0,694,694,0,,,{},{},{},{},gdelt_event_20210501120000.tsv,0,e3b0c44298fc1c149afbf4c8996fb92427ae41e4649b934ca495991b7852b855,gdelt_event_20210501120000.tsv,True,,
GDELT,GDELT_EVENT,20210601120000.export.CSV.zip,2015-01-01T00:00:00Z,2026-08-31T23:59:59Z,Ecuador|Colombia|Peru,structured target geography AND frozen broad source-level risk terms,STAGE5A_SUPPLEMENT_001,20210601,https://data.gdeltproject.org/gdeltv2/20210601120000.export.CSV.zip,2026-09-28T14:37:36+00:00,200,DOWNLOADED,93861,67f0a1299b24eae15caf85805716e2ddfca6072dee3f6c328c38c6d196bcdc5d,,20210601120000.export.CSV,1477,0,1477,1477,0,,,{},{},{},{},gdelt_event_20210601120000.tsv,0,e3b0c44298fc1c149afbf4c8996fb92427ae41e4649b934ca495991b7852b855,gdelt_event_20210601120000.tsv,True,,
GDELT,GDELT_EVENT,20210701120000.export.CSV.zip,2015-01-01T00:00:00Z,2026-08-31T23:59:59Z,Ecuador|Colombia|Peru,structured target geography AND frozen broad source-level risk terms,STAGE5A_SUPPLEMENT_001,20210701,https://data.gdeltproject.org/gdeltv2/20210701120000.export.CSV.zip,2026-09-28T14:37:42+00:00,200,DOWNLOADED,79975,61e640034441bef67814a3bc7ade8c97ba9c095125b97c109f8e49cd67141214,,20210701120000.export.CSV,1138,0,1138,1138,0,,,{},{},{},{},gdelt_event_20210701120000.tsv,0,e3b0c44298fc1c149afbf4c8996fb92427ae41e4649b934ca495991b7852b855,gdelt_event_20210701120000.tsv,True,,
GDELT,GDELT_EVENT,20210801120000.export.CSV.zip,2015-01-01T00:00:00Z,2026-08-31T23:59:59Z,Ecuador|Colombia|Peru,structured target geography AND frozen broad source-level risk terms,STAGE5A_SUPPLEMENT_001,20210801,https://data.gdeltproject.org/gdeltv2/20210801120000.export.CSV.zip,2026-09-28T14:37:46+00:00,200,DOWNLOADED,38327,998f5c40edcd7c31c8cdc02050fd63436be122b298af6e94d6565e85f121f668,,20210801120000.export.CSV,593,0,593,593,0,,,{},{},{},{},gdelt_event_20210801120000.tsv,0,e3b0c44298fc1c149afbf4c8996fb92427ae41e4649b934ca495991b7852b855,gdelt_event_20210801120000.tsv,True,,
GDELT,GDELT_EVENT,20210901120000.export.CSV.zip,2015-01-01T00:00:00Z,2026-08-31T23:59:59Z,Ecuador|Colombia|Peru,structured target geography AND frozen broad source-level risk terms,STAGE5A_SUPPLEMENT_001,20210901,https://data.gdeltproject.org/gdeltv2/20210901120000.export.CSV.zip,2026-09-28T14:37:50+00:00,200,DOWNLOADED,104187,465d50bdc821a83c1463c0046f5832b210b8788eec2876a98f94d056e873f3f2,,20210901120000.export.CSV,1569,0,1569,1569,0,,,{},{},{},{},gdelt_event_20210901120000.tsv,0,e3b0c44298fc1c149afbf4c8996fb92427ae41e4649b934ca495991b7852b855,gdelt_event_20210901120000.tsv,True,,
GDELT,GDELT_EVENT,20211001120000.export.CSV.zip,2015-01-01T00:00:00Z,2026-08-31T23:59:59Z,Ecuador|Colombia|Peru,structured target geography AND frozen broad source-level risk terms,STAGE5A_SUPPLEMENT_001,20211001,https://data.gdeltproject.org/gdeltv2/20211001120000.export.CSV.zip,2026-09-28T14:37:53+00:00,200,DOWNLOADED,75642,faeb19ec821febf089cbd5deef0bb3e741c21d5911c046b7851e1aabbb9cd0ae,,20211001120000.export.CSV,1089,0,1089,1089,0,,,{},{},{},{},gdelt_event_20211001120000.tsv,0,e3b0c44298fc1c149afbf4c8996fb92427ae41e4649b934ca495991b7852b855,gdelt_event_20211001120000.tsv,True,,
GDELT,GDELT_EVENT,20211101120000.export.CSV.zip,2015-01-01T00:00:00Z,2026-08-31T23:59:59Z,Ecuador|Colombia|Peru,structured target geography AND frozen broad source-level risk terms,STAGE5A_SUPPLEMENT_001,20211101,https://data.gdeltproject.org/gdeltv2/20211101120000.export.CSV.zip,2026-09-28T14:37:57+00:00,200,DOWNLOADED,97024,a1b02f161fa2d80e43008a7fa93b67a71df37e24084bba9a18848e5d19e3c1f6,,20211101120000.export.CSV,1464,0,1464,1464,0,,,{},{},{},{},gdelt_event_20211101120000.tsv,0,e3b0c44298fc1c149afbf4c8996fb92427ae41e4649b934ca495991b7852b855,gdelt_event_20211101120000.tsv,True,,
GDELT,GDELT_EVENT,20211201120000.export.CSV.zip,2015-01-01T00:00:00Z,2026-08-31T23:59:59Z,Ecuador|Colombia|Peru,structured target geography AND frozen broad source-level risk terms,STAGE5A_SUPPLEMENT_001,20211201,https://data.gdeltproject.org/gdeltv2/20211201120000.export.CSV.zip,2026-09-28T14:38:06+00:00,200,DOWNLOADED,92015,b1771a71c9f39d9d520fff6e009346989eea8953f18684c51dfbcbfcc82e40d3,,20211201120000.export.CSV,1347,0,1347,1347,0,,,{},{},{},{},gdelt_event_20211201120000.tsv,0,e3b0c44298fc1c149afbf4c8996fb92427ae41e4649b934ca495991b7852b855,gdelt_event_20211201120000.tsv,True,,
GDELT,GDELT_EVENT,20220101120000.export.CSV.zip,2015-01-01T00:00:00Z,2026-08-31T23:59:59Z,Ecuador|Colombia|Peru,structured target geography AND frozen broad source-level risk terms,STAGE5A_SUPPLEMENT_001,20220101,https://data.gdeltproject.org/gdeltv2/20220101120000.export.CSV.zip,2026-09-28T14:38:11+00:00,200,DOWNLOADED,22344,698746b3987d2eb282141b68e93f252f6e3361d5f770b1bff8c56a886faf718b,,20220101120000.export.CSV,346,0,346,346,0,,,{},{},{},{},gdelt_event_20220101120000.tsv,0,e3b0c44298fc1c149afbf4c8996fb92427ae41e4649b934ca495991b7852b855,gdelt_event_20220101120000.tsv,True,,
GDELT,GDELT_EVENT,20220201120000.export.CSV.zip,2015-01-01T00:00:00Z,2026-08-31T23:59:59Z,Ecuador|Colombia|Peru,structured target geography AND frozen broad source-level risk terms,STAGE5A_SUPPLEMENT_001,20220201,https://data.gdeltproject.org/gdeltv2/20220201120000.export.CSV.zip,2026-09-28T14:38:14+00:00,200,DOWNLOADED,84008,637cf520f926dbdc2b7909a1a70d5790fcc48a142b7d8447d21aa0c24f254f52,,20220201120000.export.CSV,1216,0,1216,1216,0,,,{},{},{},{},gdelt_event_20220201120000.tsv,0,e3b0c44298fc1c149afbf4c8996fb92427ae41e4649b934ca495991b7852b855,gdelt_event_20220201120000.tsv,True,,
GDELT,GDELT_EVENT,20220301120000.export.CSV.zip,2015-01-01T00:00:00Z,2026-08-31T23:59:59Z,Ecuador|Colombia|Peru,structured target geography AND frozen broad source-level risk terms,STAGE5A_SUPPLEMENT_001,20220301,https://data.gdeltproject.org/gdeltv2/20220301120000.export.CSV.zip,2026-09-28T14:38:18+00:00,200,DOWNLOADED,95252,6c46dfff2c8a125c8c1379cad861637c7b27709be867625e55a78bfe218cb4a3,,20220301120000.export.CSV,1540,0,1540,1540,0,,,{},{},{},{},gdelt_event_20220301120000.tsv,0,e3b0c44298fc1c149afbf4c8996fb92427ae41e4649b934ca495991b7852b855,gdelt_event_20220301120000.tsv,True,,
GDELT,GDELT_EVENT,20220401120000.export.CSV.zip,2015-01-01T00:00:00Z,2026-08-31T23:59:59Z,Ecuador|Colombia|Peru,structured target geography AND frozen broad source-level risk terms,STAGE5A_SUPPLEMENT_001,20220401,https://data.gdeltproject.org/gdeltv2/20220401120000.export.CSV.zip,2026-09-28T14:38:28+00:00,200,DOWNLOADED,86527,b6bd94c4d9db408ca3df93f94f6ee73d4ba2020590538d7af19187ce71bf1a8e,,20220401120000.export.CSV,1364,0,1364,1364,0,,,{},{},{},{},gdelt_event_20220401120000.tsv,0,e3b0c44298fc1c149afbf4c8996fb92427ae41e4649b934ca495991b7852b855,gdelt_event_20220401120000.tsv,True,,
GDELT,GDELT_EVENT,20220501120000.export.CSV.zip,2015-01-01T00:00:00Z,2026-08-31T23:59:59Z,Ecuador|Colombia|Peru,structured target geography AND frozen broad source-level risk terms,STAGE5A_SUPPLEMENT_001,20220501,https://data.gdeltproject.org/gdeltv2/20220501120000.export.CSV.zip,2026-09-28T14:38:32+00:00,200,DOWNLOADED,37011,9e18d985f7f392844dc86a65f772c0eee3fdde5e94795d5b4ba48fc9f023129d,,20220501120000.export.CSV,599,0,599,599,0,,,{},{},{},{},gdelt_event_20220501120000.tsv,0,e3b0c44298fc1c149afbf4c8996fb92427ae41e4649b934ca495991b7852b855,gdelt_event_20220501120000.tsv,True,,
GDELT,GDELT_EVENT,20220601120000.export.CSV.zip,2015-01-01T00:00:00Z,2026-08-31T23:59:59Z,Ecuador|Colombia|Peru,structured target geography AND frozen broad source-level risk terms,STAGE5A_SUPPLEMENT_001,20220601,https://data.gdeltproject.org/gdeltv2/20220601120000.export.CSV.zip,2026-09-28T14:38:36+00:00,200,DOWNLOADED,75478,6e57d954f2a6e0e076aa499679a02a62f9254cdcc44b6ce787b5a9c18bf8b36e,,20220601120000.export.CSV,1095,0,1095,1095,0,,,{},{},{},{},gdelt_event_20220601120000.tsv,0,e3b0c44298fc1c149afbf4c8996fb92427ae41e4649b934ca495991b7852b855,gdelt_event_20220601120000.tsv,True,,
GDELT,GDELT_EVENT,20220701120000.export.CSV.zip,2015-01-01T00:00:00Z,2026-08-31T23:59:59Z,Ecuador|Colombia|Peru,structured target geography AND frozen broad source-level risk terms,STAGE5A_SUPPLEMENT_001,20220701,https://data.gdeltproject.org/gdeltv2/20220701120000.export.CSV.zip,2026-09-28T14:38:40+00:00,200,DOWNLOADED,74338,66bc822da0e86e50dee5e8ac2f4042221552a567362beffd31a0f136fc64e410,,20220701120000.export.CSV,1116,0,1116,1116,0,,,{},{},{},{},gdelt_event_20220701120000.tsv,0,e3b0c44298fc1c149afbf4c8996fb92427ae41e4649b934ca495991b7852b855,gdelt_event_20220701120000.tsv,True,,
GDELT,GDELT_EVENT,20220801120000.export.CSV.zip,2015-01-01T00:00:00Z,2026-08-31T23:59:59Z,Ecuador|Colombia|Peru,structured target geography AND frozen broad source-level risk terms,STAGE5A_SUPPLEMENT_001,20220801,https://data.gdeltproject.org/gdeltv2/20220801120000.export.CSV.zip,2026-09-28T14:38:43+00:00,200,DOWNLOADED,67113,42ff8caab30bd12e2e06d13c4f56473f0076f0eda5192c6da3cb00921b5bdc6e,,20220801120000.export.CSV,1038,0,1038,1038,0,,,{},{},{},{},gdelt_event_20220801120000.tsv,0,e3b0c44298fc1c149afbf4c8996fb92427ae41e4649b934ca495991b7852b855,gdelt_event_20220801120000.tsv,True,,
GDELT,GDELT_EVENT,20220901120000.export.CSV.zip,2015-01-01T00:00:00Z,2026-08-31T23:59:59Z,Ecuador|Colombia|Peru,structured target geography AND frozen broad source-level risk terms,STAGE5A_SUPPLEMENT_001,20220901,https://data.gdeltproject.org/gdeltv2/20220901120000.export.CSV.zip,2026-09-28T14:38:47+00:00,200,DOWNLOADED,70893,3e19ab6b5d37c848513dc641492b309e5b6de0f6ffc158e535e307af38ca460f,,20220901120000.export.CSV,1088,0,1088,1088,0,,,{},{},{},{},gdelt_event_20220901120000.tsv,0,e3b0c44298fc1c149afbf4c8996fb92427ae41e4649b934ca495991b7852b855,gdelt_event_20220901120000.tsv,True,,
GDELT,GDELT_EVENT,20221001120000.export.CSV.zip,2015-01-01T00:00:00Z,2026-08-31T23:59:59Z,Ecuador|Colombia|Peru,structured target geography AND frozen broad source-level risk terms,STAGE5A_SUPPLEMENT_001,20221001,https://data.gdeltproject.org/gdeltv2/20221001120000.export.CSV.zip,2026-09-28T14:38:52+00:00,200,DOWNLOADED,39625,4844a1f4f3aff52e6308b6087120deb9430581e7aec55f90057dea137b293435,,20221001120000.export.CSV,634,0,634,634,0,,,{},{},{},{},gdelt_event_20221001120000.tsv,0,e3b0c44298fc1c149afbf4c8996fb92427ae41e4649b934ca495991b7852b855,gdelt_event_20221001120000.tsv,True,,
GDELT,GDELT_EVENT,20221101120000.export.CSV.zip,2015-01-01T00:00:00Z,2026-08-31T23:59:59Z,Ecuador|Colombia|Peru,structured target geography AND frozen broad source-level risk terms,STAGE5A_SUPPLEMENT_001,20221101,https://data.gdeltproject.org/gdeltv2/20221101120000.export.CSV.zip,2026-09-28T14:38:56+00:00,200,DOWNLOADED,84113,3b86ff63efd32d63f077e255c053c89401482ad8b5bdf9a107172c4db7df9eb5,,20221101120000.export.CSV,1476,0,1476,1476,0,,,{},{},{},{},gdelt_event_20221101120000.tsv,0,e3b0c44298fc1c149afbf4c8996fb92427ae41e4649b934ca495991b7852b855,gdelt_event_20221101120000.tsv,True,,
GDELT,GDELT_EVENT,20221201120000.export.CSV.zip,2015-01-01T00:00:00Z,2026-08-31T23:59:59Z,Ecuador|Colombia|Peru,structured target geography AND frozen broad source-level risk terms,STAGE5A_SUPPLEMENT_001,20221201,https://data.gdeltproject.org/gdeltv2/20221201120000.export.CSV.zip,2026-09-28T14:39:00+00:00,200,DOWNLOADED,82957,e0308a276e82bfaeb8eb7d7814487bcce85b6d80cfc7be5e1936f96c001a00a9,,20221201120000.export.CSV,1361,0,1361,1361,0,,,{},{},{},{},gdelt_event_20221201120000.tsv,0,e3b0c44298fc1c149afbf4c8996fb92427ae41e4649b934ca495991b7852b855,gdelt_event_20221201120000.tsv,True,,
GDELT,GDELT_EVENT,20230101120000.export.CSV.zip,2015-01-01T00:00:00Z,2026-08-31T23:59:59Z,Ecuador|Colombia|Peru,structured target geography AND frozen broad source-level risk terms,STAGE5A_SUPPLEMENT_001,20230101,https://data.gdeltproject.org/gdeltv2/20230101120000.export.CSV.zip,2026-09-28T14:39:05+00:00,200,DOWNLOADED,21584,fe2721dbe3a58068949f0e625017dabb569b1152d081797bd7b13b3a29826648,,20230101120000.export.CSV,343,0,343,343,0,,,{},{},{},{},gdelt_event_20230101120000.tsv,0,e3b0c44298fc1c149afbf4c8996fb92427ae41e4649b934ca495991b7852b855,gdelt_event_20230101120000.tsv,True,,
GDELT,GDELT_EVENT,20230201120000.export.CSV.zip,2015-01-01T00:00:00Z,2026-08-31T23:59:59Z,Ecuador|Colombia|Peru,structured target geography AND frozen broad source-level risk terms,STAGE5A_SUPPLEMENT_001,20230201,https://data.gdeltproject.org/gdeltv2/20230201120000.export.CSV.zip,2026-09-28T14:39:12+00:00,200,DOWNLOADED,73170,3b72f49e2087b146cf843fbe709027243064b840e91a871f3b1c77e5f295ef60,,20230201120000.export.CSV,1060,0,1060,1060,0,,,{},{},{},{},gdelt_event_20230201120000.tsv,0,e3b0c44298fc1c149afbf4c8996fb92427ae41e4649b934ca495991b7852b855,gdelt_event_20230201120000.tsv,True,,
GDELT,GDELT_EVENT,20230301120000.export.CSV.zip,2015-01-01T00:00:00Z,2026-08-31T23:59:59Z,Ecuador|Colombia|Peru,structured target geography AND frozen broad source-level risk terms,STAGE5A_SUPPLEMENT_001,20230301,https://data.gdeltproject.org/gdeltv2/20230301120000.export.CSV.zip,2026-09-28T14:39:26+00:00,,DOWNLOAD_FAILED,0,,RemoteDisconnected: Remote end closed connection without response,,,,,,,,,,,,,,,,,,,
GDELT,GDELT_EVENT,20230401120000.export.CSV.zip,2015-01-01T00:00:00Z,2026-08-31T23:59:59Z,Ecuador|Colombia|Peru,structured target geography AND frozen broad source-level risk terms,STAGE5A_SUPPLEMENT_001,20230401,https://data.gdeltproject.org/gdeltv2/20230401120000.export.CSV.zip,2026-09-28T14:39:28+00:00,200,DOWNLOADED,60711,d5164fa67ed4ced75db2a49e3c4d84f9a034ec1247a35128e927302022392412,,20230401120000.export.CSV,916,0,916,916,0,,,{},{},{},{},gdelt_event_20230401120000.tsv,0,e3b0c44298fc1c149afbf4c8996fb92427ae41e4649b934ca495991b7852b855,gdelt_event_20230401120000.tsv,True,,
GDELT,GDELT_EVENT,20230501120000.export.CSV.zip,2015-01-01T00:00:00Z,2026-08-31T23:59:59Z,Ecuador|Colombia|Peru,structured target geography AND frozen broad source-level risk terms,STAGE5A_SUPPLEMENT_001,20230501,https://data.gdeltproject.org/gdeltv2/20230501120000.export.CSV.zip,2026-09-28T14:39:31+00:00,200,DOWNLOADED,102176,853172b47bf8348e40994e289f83ffb5593810144e6e77311e57bd01fa95b749,,20230501120000.export.CSV,1544,0,1544,1544,0,,,{},{},{},{},gdelt_event_20230501120000.tsv,0,e3b0c44298fc1c149afbf4c8996fb92427ae41e4649b934ca495991b7852b855,gdelt_event_20230501120000.tsv,True,,
GDELT,GDELT_EVENT,20230601120000.export.CSV.zip,2015-01-01T00:00:00Z,2026-08-31T23:59:59Z,Ecuador|Colombia|Peru,structured target geography AND frozen broad source-level risk terms,STAGE5A_SUPPLEMENT_001,20230601,https://data.gdeltproject.org/gdeltv2/20230601120000.export.CSV.zip,2026-09-28T14:39:35+00:00,200,DOWNLOADED,111458,f741601e0a5b0d480575b774824190af7c75d685ad992906cee08f72dd1e5228,,20230601120000.export.CSV,1591,0,1591,1591,0,,,{},{},{},{},gdelt_event_20230601120000.tsv,0,e3b0c44298fc1c149afbf4c8996fb92427ae41e4649b934ca495991b7852b855,gdelt_event_20230601120000.tsv,True,,
GDELT,GDELT_EVENT,20230701120000.export.CSV.zip,2015-01-01T00:00:00Z,2026-08-31T23:59:59Z,Ecuador|Colombia|Peru,structured target geography AND frozen broad source-level risk terms,STAGE5A_SUPPLEMENT_001,20230701,https://data.gdeltproject.org/gdeltv2/20230701120000.export.CSV.zip,2026-09-28T14:39:39+00:00,200,DOWNLOADED,51588,1851e234cb293ac8b91e72ea7bd788fb7813029bb0ce9c3c5b6350ad1d315e89,,20230701120000.export.CSV,797,0,797,797,0,,,{},{},{},{},gdelt_event_20230701120000.tsv,0,e3b0c44298fc1c149afbf4c8996fb92427ae41e4649b934ca495991b7852b855,gdelt_event_20230701120000.tsv,True,,
GDELT,GDELT_EVENT,20230801120000.export.CSV.zip,2015-01-01T00:00:00Z,2026-08-31T23:59:59Z,Ecuador|Colombia|Peru,structured target geography AND frozen broad source-level risk terms,STAGE5A_SUPPLEMENT_001,20230801,https://data.gdeltproject.org/gdeltv2/20230801120000.export.CSV.zip,2026-09-28T14:39:42+00:00,200,DOWNLOADED,134900,cc970cc6af5169a9d8d54cfcb6b3551f241008e8351c9bd03f43f86fb6c36d31,,20230801120000.export.CSV,2453,0,2453,2453,0,,,{},{},{},{},gdelt_event_20230801120000.tsv,0,e3b0c44298fc1c149afbf4c8996fb92427ae41e4649b934ca495991b7852b855,gdelt_event_20230801120000.tsv,True,,
GDELT,GDELT_EVENT,20230901120000.export.CSV.zip,2015-01-01T00:00:00Z,2026-08-31T23:59:59Z,Ecuador|Colombia|Peru,structured target geography AND frozen broad source-level risk terms,STAGE5A_SUPPLEMENT_001,20230901,https://data.gdeltproject.org/gdeltv2/20230901120000.export.CSV.zip,2026-09-28T14:39:46+00:00,200,DOWNLOADED,146597,5789201015e52d0487430272ac4c660cc9e84b524e2f36019dc85b4dcdfb3bcc,,20230901120000.export.CSV,2446,0,2446,2446,0,,,{},{},{},{},gdelt_event_20230901120000.tsv,0,e3b0c44298fc1c149afbf4c8996fb92427ae41e4649b934ca495991b7852b855,gdelt_event_20230901120000.tsv,True,,
GDELT,GDELT_EVENT,20231001120000.export.CSV.zip,2015-01-01T00:00:00Z,2026-08-31T23:59:59Z,Ecuador|Colombia|Peru,structured target geography AND frozen broad source-level risk terms,STAGE5A_SUPPLEMENT_001,20231001,https://data.gdeltproject.org/gdeltv2/20231001120000.export.CSV.zip,2026-09-28T14:39:51+00:00,200,DOWNLOADED,48992,eef7568c3e6659edada39a698a589f393f6651d48f0cf3621e917306ff5f56a9,,20231001120000.export.CSV,790,0,790,790,0,,,{},{},{},{},gdelt_event_20231001120000.tsv,0,e3b0c44298fc1c149afbf4c8996fb92427ae41e4649b934ca495991b7852b855,gdelt_event_20231001120000.tsv,True,,
GDELT,GDELT_EVENT,20231101120000.export.CSV.zip,2015-01-01T00:00:00Z,2026-08-31T23:59:59Z,Ecuador|Colombia|Peru,structured target geography AND frozen broad source-level risk terms,STAGE5A_SUPPLEMENT_001,20231101,https://data.gdeltproject.org/gdeltv2/20231101120000.export.CSV.zip,2026-09-28T14:39:57+00:00,200,DOWNLOADED,148829,5512e4a119ed69238f85d2206eda7ed891e1cbdbf96623d83d694f89403c05c7,,20231101120000.export.CSV,2362,0,2362,2362,0,,,{},{},{},{},gdelt_event_20231101120000.tsv,0,e3b0c44298fc1c149afbf4c8996fb92427ae41e4649b934ca495991b7852b855,gdelt_event_20231101120000.tsv,True,,
GDELT,GDELT_EVENT,20231201120000.export.CSV.zip,2015-01-01T00:00:00Z,2026-08-31T23:59:59Z,Ecuador|Colombia|Peru,structured target geography AND frozen broad source-level risk terms,STAGE5A_SUPPLEMENT_001,20231201,https://data.gdeltproject.org/gdeltv2/20231201120000.export.CSV.zip,2026-09-28T14:40:03+00:00,200,DOWNLOADED,79920,e7d8a5a1b234f46990e56e8fa37947fd210d6fb922d2bdc5d1da9c7be3b80e11,,20231201120000.export.CSV,1206,0,1206,1206,0,,,{},{},{},{},gdelt_event_20231201120000.tsv,0,e3b0c44298fc1c149afbf4c8996fb92427ae41e4649b934ca495991b7852b855,gdelt_event_20231201120000.tsv,True,,
GDELT,GDELT_EVENT,20240101120000.export.CSV.zip,2015-01-01T00:00:00Z,2026-08-31T23:59:59Z,Ecuador|Colombia|Peru,structured target geography AND frozen broad source-level risk terms,STAGE5A_SUPPLEMENT_001,20240101,https://data.gdeltproject.org/gdeltv2/20240101120000.export.CSV.zip,2026-09-28T14:40:08+00:00,200,DOWNLOADED,45909,f20e93726de9d60667eb6f704cd31b3aea313d89061ec7511e2080a3a0e5dddd,,20240101120000.export.CSV,703,0,703,703,0,,,{},{},{},{},gdelt_event_20240101120000.tsv,0,e3b0c44298fc1c149afbf4c8996fb92427ae41e4649b934ca495991b7852b855,gdelt_event_20240101120000.tsv,True,,
GDELT,GDELT_EVENT,20240201120000.export.CSV.zip,2015-01-01T00:00:00Z,2026-08-31T23:59:59Z,Ecuador|Colombia|Peru,structured target geography AND frozen broad source-level risk terms,STAGE5A_SUPPLEMENT_001,20240201,https://data.gdeltproject.org/gdeltv2/20240201120000.export.CSV.zip,2026-09-28T14:40:12+00:00,200,DOWNLOADED,116622,478e5b98988cee5a4b0f8e1dc6ec4339b24c5c2fb5ec5d8ce085d24366c4da8b,,20240201120000.export.CSV,1742,0,1742,1742,0,,,{},{},{},{},gdelt_event_20240201120000.tsv,0,e3b0c44298fc1c149afbf4c8996fb92427ae41e4649b934ca495991b7852b855,gdelt_event_20240201120000.tsv,True,,
GDELT,GDELT_EVENT,20240301120000.export.CSV.zip,2015-01-01T00:00:00Z,2026-08-31T23:59:59Z,Ecuador|Colombia|Peru,structured target geography AND frozen broad source-level risk terms,STAGE5A_SUPPLEMENT_001,20240301,https://data.gdeltproject.org/gdeltv2/20240301120000.export.CSV.zip,2026-09-28T14:40:19+00:00,,DOWNLOAD_FAILED,0,,URLError: <urlopen error _ssl.c:983: The handshake operation timed out>,,,,,,,,,,,,,,,,,,,
GDELT,GDELT_EVENT,20240401120000.export.CSV.zip,2015-01-01T00:00:00Z,2026-08-31T23:59:59Z,Ecuador|Colombia|Peru,structured target geography AND frozen broad source-level risk terms,STAGE5A_SUPPLEMENT_001,20240401,https://data.gdeltproject.org/gdeltv2/20240401120000.export.CSV.zip,2026-09-28T14:40:40+00:00,200,DOWNLOADED,90784,7f8321ed9020034829c4f152da48e9522950d1044cac6e082f50ebffdb59eaca,,20240401120000.export.CSV,1434,0,1434,1434,0,,,{},{},{},{},gdelt_event_20240401120000.tsv,0,e3b0c44298fc1c149afbf4c8996fb92427ae41e4649b934ca495991b7852b855,gdelt_event_20240401120000.tsv,True,,
GDELT,GDELT_EVENT,20240501120000.export.CSV.zip,2015-01-01T00:00:00Z,2026-08-31T23:59:59Z,Ecuador|Colombia|Peru,structured target geography AND frozen broad source-level risk terms,STAGE5A_SUPPLEMENT_001,20240501,https://data.gdeltproject.org/gdeltv2/20240501120000.export.CSV.zip,2026-09-28T14:40:51+00:00,,DOWNLOAD_FAILED,0,,URLError: <urlopen error _ssl.c:983: The handshake operation timed out>,,,,,,,,,,,,,,,,,,,
GDELT,GDELT_EVENT,20240601120000.export.CSV.zip,2015-01-01T00:00:00Z,2026-08-31T23:59:59Z,Ecuador|Colombia|Peru,structured target geography AND frozen broad source-level risk terms,STAGE5A_SUPPLEMENT_001,20240601,https://data.gdeltproject.org/gdeltv2/20240601120000.export.CSV.zip,2026-09-28T14:41:07+00:00,200,DOWNLOADED,46436,04beb9be011fa54974b02d54aa084e8abba2c6b6ec3171ae7bcd62396910aebb,,20240601120000.export.CSV,804,0,804,804,0,,,{},{},{},{},gdelt_event_20240601120000.tsv,0,e3b0c44298fc1c149afbf4c8996fb92427ae41e4649b934ca495991b7852b855,gdelt_event_20240601120000.tsv,True,,
GDELT,GDELT_EVENT,20240701120000.export.CSV.zip,2015-01-01T00:00:00Z,2026-08-31T23:59:59Z,Ecuador|Colombia|Peru,structured target geography AND frozen broad source-level risk terms,STAGE5A_SUPPLEMENT_001,20240701,https://data.gdeltproject.org/gdeltv2/20240701120000.export.CSV.zip,2026-09-28T14:41:14+00:00,200,DOWNLOADED,97675,fba06ed0f183887fe1d9e147c1963f972be1039459c75445f8c7065b94e79902,,20240701120000.export.CSV,1411,0,1411,1411,0,,,{},{},{},{},gdelt_event_20240701120000.tsv,0,e3b0c44298fc1c149afbf4c8996fb92427ae41e4649b934ca495991b7852b855,gdelt_event_20240701120000.tsv,True,,
GDELT,GDELT_EVENT,20240801120000.export.CSV.zip,2015-01-01T00:00:00Z,2026-08-31T23:59:59Z,Ecuador|Colombia|Peru,structured target geography AND frozen broad source-level risk terms,STAGE5A_SUPPLEMENT_001,20240801,https://data.gdeltproject.org/gdeltv2/20240801120000.export.CSV.zip,2026-09-28T14:41:19+00:00,200,DOWNLOADED,86652,adada34e5d4734e79a897961c8650a284aa5a404f6965916fee9f19979b231b4,,20240801120000.export.CSV,1271,0,1271,1271,0,,,{},{},{},{},gdelt_event_20240801120000.tsv,0,e3b0c44298fc1c149afbf4c8996fb92427ae41e4649b934ca495991b7852b855,gdelt_event_20240801120000.tsv,True,,
GDELT,GDELT_EVENT,20240901120000.export.CSV.zip,2015-01-01T00:00:00Z,2026-08-31T23:59:59Z,Ecuador|Colombia|Peru,structured target geography AND frozen broad source-level risk terms,STAGE5A_SUPPLEMENT_001,20240901,https://data.gdeltproject.org/gdeltv2/20240901120000.export.CSV.zip,2026-09-28T14:41:22+00:00,200,DOWNLOADED,50551,dc46b55db679c8e95bcb30a55c1c693672a7efb915d50d8665e14904eec3b0aa,,20240901120000.export.CSV,828,0,828,828,0,,,{},{},{},{},gdelt_event_20240901120000.tsv,0,e3b0c44298fc1c149afbf4c8996fb92427ae41e4649b934ca495991b7852b855,gdelt_event_20240901120000.tsv,True,,
GDELT,GDELT_EVENT,20241001120000.export.CSV.zip,2015-01-01T00:00:00Z,2026-08-31T23:59:59Z,Ecuador|Colombia|Peru,structured target geography AND frozen broad source-level risk terms,STAGE5A_SUPPLEMENT_001,20241001,https://data.gdeltproject.org/gdeltv2/20241001120000.export.CSV.zip,2026-09-28T14:41:29+00:00,200,DOWNLOADED,89390,078b28e63e44cae7e88c6c65273a827b432e769e6a3549b30745253fd477668d,,20241001120000.export.CSV,1397,0,1397,1397,0,,,{},{},{},{},gdelt_event_20241001120000.tsv,0,e3b0c44298fc1c149afbf4c8996fb92427ae41e4649b934ca495991b7852b855,gdelt_event_20241001120000.tsv,True,,
GDELT,GDELT_EVENT,20241101120000.export.CSV.zip,2015-01-01T00:00:00Z,2026-08-31T23:59:59Z,Ecuador|Colombia|Peru,structured target geography AND frozen broad source-level risk terms,STAGE5A_SUPPLEMENT_001,20241101,https://data.gdeltproject.org/gdeltv2/20241101120000.export.CSV.zip,2026-09-28T14:41:32+00:00,200,DOWNLOADED,107787,1195aeacf1454ef88ba1003e0fbf08210b1525ea489100e0cc938e5fc0404421,,20241101120000.export.CSV,1561,0,1561,1561,0,,,{},{},{},{},gdelt_event_20241101120000.tsv,0,e3b0c44298fc1c149afbf4c8996fb92427ae41e4649b934ca495991b7852b855,gdelt_event_20241101120000.tsv,True,,
GDELT,GDELT_EVENT,20241201120000.export.CSV.zip,2015-01-01T00:00:00Z,2026-08-31T23:59:59Z,Ecuador|Colombia|Peru,structured target geography AND frozen broad source-level risk terms,STAGE5A_SUPPLEMENT_001,20241201,https://data.gdeltproject.org/gdeltv2/20241201120000.export.CSV.zip,2026-09-28T14:41:36+00:00,200,DOWNLOADED,55258,85111533b4b30e3f6dac6af646cdf3b9a59be3435aeb2f1d858f1e3379749840,,20241201120000.export.CSV,914,0,914,914,0,,,{},{},{},{},gdelt_event_20241201120000.tsv,0,e3b0c44298fc1c149afbf4c8996fb92427ae41e4649b934ca495991b7852b855,gdelt_event_20241201120000.tsv,True,,
GDELT,GDELT_EVENT,20250101120000.export.CSV.zip,2015-01-01T00:00:00Z,2026-08-31T23:59:59Z,Ecuador|Colombia|Peru,structured target geography AND frozen broad source-level risk terms,STAGE5A_SUPPLEMENT_001,20250101,https://data.gdeltproject.org/gdeltv2/20250101120000.export.CSV.zip,2026-09-28T14:41:41+00:00,200,DOWNLOADED,47351,e9e9712d937f981e3219bcd0dbcd7b35226d1e25ff39f7af8c84b277203ed751,,20250101120000.export.CSV,778,0,778,778,0,,,{},{},{},{},gdelt_event_20250101120000.tsv,0,e3b0c44298fc1c149afbf4c8996fb92427ae41e4649b934ca495991b7852b855,gdelt_event_20250101120000.tsv,True,,
GDELT,GDELT_EVENT,20250201120000.export.CSV.zip,2015-01-01T00:00:00Z,2026-08-31T23:59:59Z,Ecuador|Colombia|Peru,structured target geography AND frozen broad source-level risk terms,STAGE5A_SUPPLEMENT_001,20250201,https://data.gdeltproject.org/gdeltv2/20250201120000.export.CSV.zip,2026-09-28T14:41:46+00:00,200,DOWNLOADED,40934,736e9962756fb32c92f13810960c1edd4a0d9917ce56c724bb41cff9c93833df,,20250201120000.export.CSV,642,0,642,642,0,,,{},{},{},{},gdelt_event_20250201120000.tsv,0,e3b0c44298fc1c149afbf4c8996fb92427ae41e4649b934ca495991b7852b855,gdelt_event_20250201120000.tsv,True,,
GDELT,GDELT_EVENT,20250301120000.export.CSV.zip,2015-01-01T00:00:00Z,2026-08-31T23:59:59Z,Ecuador|Colombia|Peru,structured target geography AND frozen broad source-level risk terms,STAGE5A_SUPPLEMENT_001,20250301,https://data.gdeltproject.org/gdeltv2/20250301120000.export.CSV.zip,2026-09-28T14:41:50+00:00,200,DOWNLOADED,40368,61a61edf35cca744d8611e56e82045089da8cefe57369feb4049c0417fe16ef0,,20250301120000.export.CSV,655,0,655,655,0,,,{},{},{},{},gdelt_event_20250301120000.tsv,0,e3b0c44298fc1c149afbf4c8996fb92427ae41e4649b934ca495991b7852b855,gdelt_event_20250301120000.tsv,True,,
GDELT,GDELT_EVENT,20250401120000.export.CSV.zip,2015-01-01T00:00:00Z,2026-08-31T23:59:59Z,Ecuador|Colombia|Peru,structured target geography AND frozen broad source-level risk terms,STAGE5A_SUPPLEMENT_001,20250401,https://data.gdeltproject.org/gdeltv2/20250401120000.export.CSV.zip,2026-09-28T14:41:57+00:00,200,DOWNLOADED,102448,6a2f09a0bc2c763399102a2b9b08212c4cbdb815a81fe2e4057d5702f2e260d0,,20250401120000.export.CSV,1495,0,1495,1495,0,,,{},{},{},{},gdelt_event_20250401120000.tsv,0,e3b0c44298fc1c149afbf4c8996fb92427ae41e4649b934ca495991b7852b855,gdelt_event_20250401120000.tsv,True,,
GDELT,GDELT_EVENT,20250501120000.export.CSV.zip,2015-01-01T00:00:00Z,2026-08-31T23:59:59Z,Ecuador|Colombia|Peru,structured target geography AND frozen broad source-level risk terms,STAGE5A_SUPPLEMENT_001,20250501,https://data.gdeltproject.org/gdeltv2/20250501120000.export.CSV.zip,2026-09-28T14:42:00+00:00,200,DOWNLOADED,90837,f5bbfe239e70dd1520033965bc6ebc7aa2edf15f78bb58ee1df308f4f193d155,,20250501120000.export.CSV,1376,0,1376,1376,0,,,{},{},{},{},gdelt_event_20250501120000.tsv,0,e3b0c44298fc1c149afbf4c8996fb92427ae41e4649b934ca495991b7852b855,gdelt_event_20250501120000.tsv,True,,
GDELT,GDELT_EVENT,20250601120000.export.CSV.zip,2015-01-01T00:00:00Z,2026-08-31T23:59:59Z,Ecuador|Colombia|Peru,structured target geography AND frozen broad source-level risk terms,STAGE5A_SUPPLEMENT_001,20250601,https://data.gdeltproject.org/gdeltv2/20250601120000.export.CSV.zip,2026-09-28T14:42:04+00:00,200,DOWNLOADED,51043,eb83a515bde03b843d7cecc25fb628e760b2baa70253e6f85473ef2c938580ce,,20250601120000.export.CSV,850,0,850,850,0,,,{},{},{},{},gdelt_event_20250601120000.tsv,0,e3b0c44298fc1c149afbf4c8996fb92427ae41e4649b934ca495991b7852b855,gdelt_event_20250601120000.tsv,True,,
GDELT,GDELT_EVENT,20250701120000.export.CSV.zip,2015-01-01T00:00:00Z,2026-08-31T23:59:59Z,Ecuador|Colombia|Peru,structured target geography AND frozen broad source-level risk terms,STAGE5A_SUPPLEMENT_001,20250701,https://data.gdeltproject.org/gdeltv2/20250701120000.export.CSV.zip,2026-09-28T14:42:07+00:00,404,DOWNLOAD_FAILED,0,,HTTP Error 404: Not Found,,,,,,,,,,,,,,,,,,,
GDELT,GDELT_EVENT,20250801120000.export.CSV.zip,2015-01-01T00:00:00Z,2026-08-31T23:59:59Z,Ecuador|Colombia|Peru,structured target geography AND frozen broad source-level risk terms,STAGE5A_SUPPLEMENT_001,20250801,https://data.gdeltproject.org/gdeltv2/20250801120000.export.CSV.zip,2026-09-28T14:42:12+00:00,200,DOWNLOADED,90337,280b7774139c4d62bc599ec8a1fdb1b1e5b64ca2fdeecd3947de02e5f3e70911,,20250801120000.export.CSV,1370,0,1370,1370,0,,,{},{},{},{},gdelt_event_20250801120000.tsv,0,e3b0c44298fc1c149afbf4c8996fb92427ae41e4649b934ca495991b7852b855,gdelt_event_20250801120000.tsv,True,,
GDELT,GDELT_EVENT,20250901120000.export.CSV.zip,2015-01-01T00:00:00Z,2026-08-31T23:59:59Z,Ecuador|Colombia|Peru,structured target geography AND frozen broad source-level risk terms,STAGE5A_SUPPLEMENT_001,20250901,https://data.gdeltproject.org/gdeltv2/20250901120000.export.CSV.zip,2026-09-28T14:42:17+00:00,200,DOWNLOADED,81865,51942706d50251303d9f0c415efe176cab0c4270c3fa0b75ef02f5816179d5e7,,20250901120000.export.CSV,1270,0,1270,1270,0,,,{},{},{},{},gdelt_event_20250901120000.tsv,0,e3b0c44298fc1c149afbf4c8996fb92427ae41e4649b934ca495991b7852b855,gdelt_event_20250901120000.tsv,True,,
GDELT,GDELT_EVENT,20251001120000.export.CSV.zip,2015-01-01T00:00:00Z,2026-08-31T23:59:59Z,Ecuador|Colombia|Peru,structured target geography AND frozen broad source-level risk terms,STAGE5A_SUPPLEMENT_001,20251001,https://data.gdeltproject.org/gdeltv2/20251001120000.export.CSV.zip,2026-09-28T14:42:20+00:00,200,DOWNLOADED,95139,63060bbae9f204591b5a568e51231ff591fd6cf6dbbd5422481f22e9b4b88490,,20251001120000.export.CSV,1370,0,1370,1370,0,,,{},{},{},{},gdelt_event_20251001120000.tsv,0,e3b0c44298fc1c149afbf4c8996fb92427ae41e4649b934ca495991b7852b855,gdelt_event_20251001120000.tsv,True,,
GDELT,GDELT_EVENT,20251101120000.export.CSV.zip,2015-01-01T00:00:00Z,2026-08-31T23:59:59Z,Ecuador|Colombia|Peru,structured target geography AND frozen broad source-level risk terms,STAGE5A_SUPPLEMENT_001,20251101,https://data.gdeltproject.org/gdeltv2/20251101120000.export.CSV.zip,2026-09-28T14:42:23+00:00,200,DOWNLOADED,58961,eaac02b961b2a1f09e1604bd5d04b28e9312320957fe46266fca3d96bdc92ec9,,20251101120000.export.CSV,961,0,961,961,0,,,{},{},{},{},gdelt_event_20251101120000.tsv,0,e3b0c44298fc1c149afbf4c8996fb92427ae41e4649b934ca495991b7852b855,gdelt_event_20251101120000.tsv,True,,
GDELT,GDELT_EVENT,20251201120000.export.CSV.zip,2015-01-01T00:00:00Z,2026-08-31T23:59:59Z,Ecuador|Colombia|Peru,structured target geography AND frozen broad source-level risk terms,STAGE5A_SUPPLEMENT_001,20251201,https://data.gdeltproject.org/gdeltv2/20251201120000.export.CSV.zip,2026-09-28T14:42:29+00:00,200,DOWNLOADED,63919,23f5fad99bf078bef8c87a095ed165380e994f88214eff2953a4efb2001f55ef,,20251201120000.export.CSV,986,0,986,986,0,,,{},{},{},{},gdelt_event_20251201120000.tsv,0,e3b0c44298fc1c149afbf4c8996fb92427ae41e4649b934ca495991b7852b855,gdelt_event_20251201120000.tsv,True,,
GDELT,GDELT_EVENT,20260101120000.export.CSV.zip,2015-01-01T00:00:00Z,2026-08-31T23:59:59Z,Ecuador|Colombia|Peru,structured target geography AND frozen broad source-level risk terms,STAGE5A_SUPPLEMENT_001,20260101,https://data.gdeltproject.org/gdeltv2/20260101120000.export.CSV.zip,2026-09-28T14:42:32+00:00,200,DOWNLOADED,26416,4dc6e7f467626b3d09642e8535ee674a3f8ce2c82764308ab7a8bfb5981e50de,,20260101120000.export.CSV,448,0,448,448,0,,,{},{},{},{},gdelt_event_20260101120000.tsv,0,e3b0c44298fc1c149afbf4c8996fb92427ae41e4649b934ca495991b7852b855,gdelt_event_20260101120000.tsv,True,,
GDELT,GDELT_EVENT,20260201120000.export.CSV.zip,2015-01-01T00:00:00Z,2026-08-31T23:59:59Z,Ecuador|Colombia|Peru,structured target geography AND frozen broad source-level risk terms,STAGE5A_SUPPLEMENT_001,20260201,https://data.gdeltproject.org/gdeltv2/20260201120000.export.CSV.zip,2026-09-28T14:42:41+00:00,200,DOWNLOADED,53471,ce36afcdef4f261c4c87a9fae19cf680933bd77938d22f816f7a4c84506ace77,,20260201120000.export.CSV,905,0,905,905,0,,,{},{},{},{},gdelt_event_20260201120000.tsv,0,e3b0c44298fc1c149afbf4c8996fb92427ae41e4649b934ca495991b7852b855,gdelt_event_20260201120000.tsv,True,,
GDELT,GDELT_EVENT,20260301120000.export.CSV.zip,2015-01-01T00:00:00Z,2026-08-31T23:59:59Z,Ecuador|Colombia|Peru,structured target geography AND frozen broad source-level risk terms,STAGE5A_SUPPLEMENT_001,20260301,https://data.gdeltproject.org/gdeltv2/20260301120000.export.CSV.zip,2026-09-28T14:42:46+00:00,200,DOWNLOADED,57647,30a69e998f2789163d2000af131da2711ecc257e65256bb16c095d68bf46c7fe,,20260301120000.export.CSV,1030,0,1030,1030,0,,,{},{},{},{},gdelt_event_20260301120000.tsv,0,e3b0c44298fc1c149afbf4c8996fb92427ae41e4649b934ca495991b7852b855,gdelt_event_20260301120000.tsv,True,,
GDELT,GDELT_EVENT,20260401120000.export.CSV.zip,2015-01-01T00:00:00Z,2026-08-31T23:59:59Z,Ecuador|Colombia|Peru,structured target geography AND frozen broad source-level risk terms,STAGE5A_SUPPLEMENT_001,20260401,https://data.gdeltproject.org/gdeltv2/20260401120000.export.CSV.zip,2026-09-28T14:42:50+00:00,200,DOWNLOADED,100849,77abca1dd8a062b04e7ed2ce878b8fa13e7f729c493cb740b1c80a78673fbcd7,,20260401120000.export.CSV,1650,0,1650,1650,0,,,{},{},{},{},gdelt_event_20260401120000.tsv,0,e3b0c44298fc1c149afbf4c8996fb92427ae41e4649b934ca495991b7852b855,gdelt_event_20260401120000.tsv,True,,
GDELT,GDELT_EVENT,20260501120000.export.CSV.zip,2015-01-01T00:00:00Z,2026-08-31T23:59:59Z,Ecuador|Colombia|Peru,structured target geography AND frozen broad source-level risk terms,STAGE5A_SUPPLEMENT_001,20260501,https://data.gdeltproject.org/gdeltv2/20260501120000.export.CSV.zip,2026-09-28T14:42:53+00:00,200,DOWNLOADED,74395,faede98ef0a20e60eea9787fd838405d6be8240f3524c42935d7833b185d62f4,,20260501120000.export.CSV,1135,0,1135,1135,0,,,{},{},{},{},gdelt_event_20260501120000.tsv,0,e3b0c44298fc1c149afbf4c8996fb92427ae41e4649b934ca495991b7852b855,gdelt_event_20260501120000.tsv,True,,
GDELT,GDELT_EVENT,20260601120000.export.CSV.zip,2015-01-01T00:00:00Z,2026-08-31T23:59:59Z,Ecuador|Colombia|Peru,structured target geography AND frozen broad source-level risk terms,STAGE5A_SUPPLEMENT_001,20260601,https://data.gdeltproject.org/gdeltv2/20260601120000.export.CSV.zip,2026-09-28T14:42:58+00:00,200,DOWNLOADED,86939,63625680d60e68193db31c6ab7546da380af001606b27935f2afc1d507297eb7,,20260601120000.export.CSV,1299,0,1299,1299,0,,,{},{},{},{},gdelt_event_20260601120000.tsv,0,e3b0c44298fc1c149afbf4c8996fb92427ae41e4649b934ca495991b7852b855,gdelt_event_20260601120000.tsv,True,,
GDELT,GDELT_EVENT,20260701120000.export.CSV.zip,2015-01-01T00:00:00Z,2026-08-31T23:59:59Z,Ecuador|Colombia|Peru,structured target geography AND frozen broad source-level risk terms,STAGE5A_SUPPLEMENT_001,20260701,https://data.gdeltproject.org/gdeltv2/20260701120000.export.CSV.zip,2026-09-28T14:43:05+00:00,200,DOWNLOADED,91024,c34bb38d89aeae8fc679c8c9963dcbce4ad02677fdcac1d48b21ea2412e49a1b,,20260701120000.export.CSV,1286,0,1286,1286,0,,,{},{},{},{},gdelt_event_20260701120000.tsv,0,e3b0c44298fc1c149afbf4c8996fb92427ae41e4649b934ca495991b7852b855,gdelt_event_20260701120000.tsv,True,,
GDELT,GDELT_EVENT,20260801120000.export.CSV.zip,2015-01-01T00:00:00Z,2026-08-31T23:59:59Z,Ecuador|Colombia|Peru,structured target geography AND frozen broad source-level risk terms,STAGE5A_SUPPLEMENT_001,20260801,https://data.gdeltproject.org/gdeltv2/20260801120000.export.CSV.zip,2026-09-28T14:43:09+00:00,200,DOWNLOADED,79197,257938b7a3638844218f8420eac594ad7303989ba3ba0d49f26fe73f3dc390e6,,20260801120000.export.CSV,1401,0,1401,1401,0,,,{},{},{},{},gdelt_event_20260801120000.tsv,0,e3b0c44298fc1c149afbf4c8996fb92427ae41e4649b934ca495991b7852b855,gdelt_event_20260801120000.tsv,True,,
GDELT,GDELT_EVENT,20260831120000.export.CSV.zip,2015-01-01T00:00:00Z,2026-08-31T23:59:59Z,Ecuador|Colombia|Peru,structured target geography AND frozen broad source-level risk terms,STAGE5A_SUPPLEMENT_001,20260831,https://data.gdeltproject.org/gdeltv2/20260831120000.export.CSV.zip,2026-09-28T14:43:12+00:00,,DOWNLOAD_FAILED,0,,URLError: <urlopen error _ssl.c:983: The handshake operation timed out>,,,,,,,,,,,,,,,,,,,
GDELT,GDELT_GKG,,2015-01-01T00:00:00Z,2026-08-31T23:59:59Z,Ecuador|Colombia|Peru,structured target geography AND frozen broad source-level risk terms,STAGE5A_SUPPLEMENT_001,,https://data.gdeltproject.org/gdeltv2,2026-09-28T14:43:28+00:00,200 on availability checks,DOWNLOAD_FAILED,0,,three bounded GKG stream runs did not complete; no partial output accepted,,,,,,,,,,,,,,,,,,20150219120000.gkg.csv.zip,0
