source_family,candidate_timestamp,official_url,http_status,advertised_size_bytes,error,supplement_batch_id
GDELT_EVENT,20150219120000,https://data.gdeltproject.org/gdeltv2/20150219120000.export.CSV.zip,200,119836,,STAGE5A_SUPPLEMENT_001
GDELT_EVENT,20150301120000,https://data.gdeltproject.org/gdeltv2/20150301120000.export.CSV.zip,200,64350,,STAGE5A_SUPPLEMENT_001
GDELT_EVENT,20150401120000,https://data.gdeltproject.org/gdeltv2/20150401120000.export.CSV.zip,200,144973,,STAGE5A_SUPPLEMENT_001
GDELT_EVENT,20150501120000,https://data.gdeltproject.org/gdeltv2/20150501120000.export.CSV.zip,200,115105,,STAGE5A_SUPPLEMENT_001
GDELT_EVENT,20150601120000,https://data.gdeltproject.org/gdeltv2/20150601120000.export.CSV.zip,200,125285,,STAGE5A_SUPPLEMENT_001
GDELT_EVENT,20150701120000,https://data.gdeltproject.org/gdeltv2/20150701120000.export.CSV.zip,200,146624,,STAGE5A_SUPPLEMENT_001
GDELT_EVENT,20150801120000,https://data.gdeltproject.org/gdeltv2/20150801120000.export.CSV.zip,200,86297,,STAGE5A_SUPPLEMENT_001
GDELT_EVENT,20150901120000,https://data.gdeltproject.org/gdeltv2/20150901120000.export.CSV.zip,200,154759,,STAGE5A_SUPPLEMENT_001
GDELT_EVENT,20151001120000,https://data.gdeltproject.org/gdeltv2/20151001120000.export.CSV.zip,200,136767,,STAGE5A_SUPPLEMENT_001
GDELT_EVENT,20151101120000,https://data.gdeltproject.org/gdeltv2/20151101120000.export.CSV.zip,200,71807,,STAGE5A_SUPPLEMENT_001
GDELT_EVENT,20151201120000,https://data.gdeltproject.org/gdeltv2/20151201120000.export.CSV.zip,200,170689,,STAGE5A_SUPPLEMENT_001
GDELT_EVENT,20160101120000,https://data.gdeltproject.org/gdeltv2/20160101120000.export.CSV.zip,200,61701,,STAGE5A_SUPPLEMENT_001
GDELT_EVENT,20160201120000,https://data.gdeltproject.org/gdeltv2/20160201120000.export.CSV.zip,200,149611,,STAGE5A_SUPPLEMENT_001
GDELT_EVENT,20160301120000,https://data.gdeltproject.org/gdeltv2/20160301120000.export.CSV.zip,200,154048,,STAGE5A_SUPPLEMENT_001
GDELT_EVENT,20160401120000,https://data.gdeltproject.org/gdeltv2/20160401120000.export.CSV.zip,200,152085,,STAGE5A_SUPPLEMENT_001
GDELT_EVENT,20160501120000,https://data.gdeltproject.org/gdeltv2/20160501120000.export.CSV.zip,200,71228,,STAGE5A_SUPPLEMENT_001
GDELT_EVENT,20160601120000,https://data.gdeltproject.org/gdeltv2/20160601120000.export.CSV.zip,200,182382,,STAGE5A_SUPPLEMENT_001
GDELT_EVENT,20160701120000,https://data.gdeltproject.org/gdeltv2/20160701120000.export.CSV.zip,200,159938,,STAGE5A_SUPPLEMENT_001
GDELT_EVENT,20160801120000,https://data.gdeltproject.org/gdeltv2/20160801120000.export.CSV.zip,200,177311,,STAGE5A_SUPPLEMENT_001
GDELT_EVENT,20160901120000,https://data.gdeltproject.org/gdeltv2/20160901120000.export.CSV.zip,200,189809,,STAGE5A_SUPPLEMENT_001
GDELT_EVENT,20161001120000,https://data.gdeltproject.org/gdeltv2/20161001120000.export.CSV.zip,200,85718,,STAGE5A_SUPPLEMENT_001
GDELT_EVENT,20161101120000,https://data.gdeltproject.org/gdeltv2/20161101120000.export.CSV.zip,200,157023,,STAGE5A_SUPPLEMENT_001
GDELT_EVENT,20161201120000,https://data.gdeltproject.org/gdeltv2/20161201120000.export.CSV.zip,200,134455,,STAGE5A_SUPPLEMENT_001
GDELT_EVENT,20170101120000,https://data.gdeltproject.org/gdeltv2/20170101120000.export.CSV.zip,200,59538,,STAGE5A_SUPPLEMENT_001
GDELT_EVENT,20170201120000,https://data.gdeltproject.org/gdeltv2/20170201120000.export.CSV.zip,200,152715,,STAGE5A_SUPPLEMENT_001
GDELT_EVENT,20170301120000,https://data.gdeltproject.org/gdeltv2/20170301120000.export.CSV.zip,200,174061,,STAGE5A_SUPPLEMENT_001
GDELT_EVENT,20170401120000,https://data.gdeltproject.org/gdeltv2/20170401120000.export.CSV.zip,200,119271,,STAGE5A_SUPPLEMENT_001
GDELT_EVENT,20170501120000,https://data.gdeltproject.org/gdeltv2/20170501120000.export.CSV.zip,200,116464,,STAGE5A_SUPPLEMENT_001
GDELT_EVENT,20170601120000,https://data.gdeltproject.org/gdeltv2/20170601120000.export.CSV.zip,200,3185,,STAGE5A_SUPPLEMENT_001
GDELT_EVENT,20170701120000,https://data.gdeltproject.org/gdeltv2/20170701120000.export.CSV.zip,200,130902,,STAGE5A_SUPPLEMENT_001
GDELT_EVENT,20170801120000,https://data.gdeltproject.org/gdeltv2/20170801120000.export.CSV.zip,200,187410,,STAGE5A_SUPPLEMENT_001
GDELT_EVENT,20170901120000,https://data.gdeltproject.org/gdeltv2/20170901120000.export.CSV.zip,200,1282,,STAGE5A_SUPPLEMENT_001
GDELT_EVENT,20171001120000,https://data.gdeltproject.org/gdeltv2/20171001120000.export.CSV.zip,200,97176,,STAGE5A_SUPPLEMENT_001
GDELT_EVENT,20171101120000,https://data.gdeltproject.org/gdeltv2/20171101120000.export.CSV.zip,200,142486,,STAGE5A_SUPPLEMENT_001
GDELT_EVENT,20171201120000,https://data.gdeltproject.org/gdeltv2/20171201120000.export.CSV.zip,200,134732,,STAGE5A_SUPPLEMENT_001
GDELT_EVENT,20180101120000,https://data.gdeltproject.org/gdeltv2/20180101120000.export.CSV.zip,200,51619,,STAGE5A_SUPPLEMENT_001
GDELT_EVENT,20180201120000,https://data.gdeltproject.org/gdeltv2/20180201120000.export.CSV.zip,200,133892,,STAGE5A_SUPPLEMENT_001
GDELT_EVENT,20180301120000,https://data.gdeltproject.org/gdeltv2/20180301120000.export.CSV.zip,200,136439,,STAGE5A_SUPPLEMENT_001
GDELT_EVENT,20180401120000,https://data.gdeltproject.org/gdeltv2/20180401120000.export.CSV.zip,200,91669,,STAGE5A_SUPPLEMENT_001
GDELT_EVENT,20180501120000,https://data.gdeltproject.org/gdeltv2/20180501120000.export.CSV.zip,200,112911,,STAGE5A_SUPPLEMENT_001
GDELT_EVENT,20180601120000,https://data.gdeltproject.org/gdeltv2/20180601120000.export.CSV.zip,200,149798,,STAGE5A_SUPPLEMENT_001
GDELT_EVENT,20180701120000,https://data.gdeltproject.org/gdeltv2/20180701120000.export.CSV.zip,200,75799,,STAGE5A_SUPPLEMENT_001
GDELT_EVENT,20180801120000,https://data.gdeltproject.org/gdeltv2/20180801120000.export.CSV.zip,200,128331,,STAGE5A_SUPPLEMENT_001
GDELT_EVENT,20180901120000,https://data.gdeltproject.org/gdeltv2/20180901120000.export.CSV.zip,200,50450,,STAGE5A_SUPPLEMENT_001
GDELT_EVENT,20181001120000,https://data.gdeltproject.org/gdeltv2/20181001120000.export.CSV.zip,200,129466,,STAGE5A_SUPPLEMENT_001
GDELT_EVENT,20181101120000,https://data.gdeltproject.org/gdeltv2/20181101120000.export.CSV.zip,200,130719,,STAGE5A_SUPPLEMENT_001
GDELT_EVENT,20181201120000,https://data.gdeltproject.org/gdeltv2/20181201120000.export.CSV.zip,200,60401,,STAGE5A_SUPPLEMENT_001
GDELT_EVENT,20190101120000,https://data.gdeltproject.org/gdeltv2/20190101120000.export.CSV.zip,200,44379,,STAGE5A_SUPPLEMENT_001
GDELT_EVENT,20190201120000,https://data.gdeltproject.org/gdeltv2/20190201120000.export.CSV.zip,200,124259,,STAGE5A_SUPPLEMENT_001
GDELT_EVENT,20190301120000,https://data.gdeltproject.org/gdeltv2/20190301120000.export.CSV.zip,200,119430,,STAGE5A_SUPPLEMENT_001
GDELT_EVENT,20190401120000,https://data.gdeltproject.org/gdeltv2/20190401120000.export.CSV.zip,200,138827,,STAGE5A_SUPPLEMENT_001
GDELT_EVENT,20190501120000,https://data.gdeltproject.org/gdeltv2/20190501120000.export.CSV.zip,200,184031,,STAGE5A_SUPPLEMENT_001
GDELT_EVENT,20190601120000,https://data.gdeltproject.org/gdeltv2/20190601120000.export.CSV.zip,200,68065,,STAGE5A_SUPPLEMENT_001
GDELT_EVENT,20190701120000,https://data.gdeltproject.org/gdeltv2/20190701120000.export.CSV.zip,200,112751,,STAGE5A_SUPPLEMENT_001
GDELT_EVENT,20190801120000,https://data.gdeltproject.org/gdeltv2/20190801120000.export.CSV.zip,200,128443,,STAGE5A_SUPPLEMENT_001
GDELT_EVENT,20190901120000,https://data.gdeltproject.org/gdeltv2/20190901120000.export.CSV.zip,200,53054,,STAGE5A_SUPPLEMENT_001
GDELT_EVENT,20191001120000,https://data.gdeltproject.org/gdeltv2/20191001120000.export.CSV.zip,200,126854,,STAGE5A_SUPPLEMENT_001
GDELT_EVENT,20191101120000,https://data.gdeltproject.org/gdeltv2/20191101120000.export.CSV.zip,200,94182,,STAGE5A_SUPPLEMENT_001
GDELT_EVENT,20191201120000,https://data.gdeltproject.org/gdeltv2/20191201120000.export.CSV.zip,,,RemoteDisconnected: Remote end closed connection without response,STAGE5A_SUPPLEMENT_001
GDELT_EVENT,20200101120000,https://data.gdeltproject.org/gdeltv2/20200101120000.export.CSV.zip,200,52827,,STAGE5A_SUPPLEMENT_001
GDELT_EVENT,20200201120000,https://data.gdeltproject.org/gdeltv2/20200201120000.export.CSV.zip,200,60485,,STAGE5A_SUPPLEMENT_001
GDELT_EVENT,20200301120000,https://data.gdeltproject.org/gdeltv2/20200301120000.export.CSV.zip,200,48684,,STAGE5A_SUPPLEMENT_001
GDELT_EVENT,20200401120000,https://data.gdeltproject.org/gdeltv2/20200401120000.export.CSV.zip,200,97746,,STAGE5A_SUPPLEMENT_001
GDELT_EVENT,20200501120000,https://data.gdeltproject.org/gdeltv2/20200501120000.export.CSV.zip,200,97158,,STAGE5A_SUPPLEMENT_001
GDELT_EVENT,20200601120000,https://data.gdeltproject.org/gdeltv2/20200601120000.export.CSV.zip,200,97225,,STAGE5A_SUPPLEMENT_001
GDELT_EVENT,20200701120000,https://data.gdeltproject.org/gdeltv2/20200701120000.export.CSV.zip,200,116326,,STAGE5A_SUPPLEMENT_001
GDELT_EVENT,20200801120000,https://data.gdeltproject.org/gdeltv2/20200801120000.export.CSV.zip,200,44873,,STAGE5A_SUPPLEMENT_001
GDELT_EVENT,20200901120000,https://data.gdeltproject.org/gdeltv2/20200901120000.export.CSV.zip,200,110581,,STAGE5A_SUPPLEMENT_001
GDELT_EVENT,20201001120000,https://data.gdeltproject.org/gdeltv2/20201001120000.export.CSV.zip,200,107635,,STAGE5A_SUPPLEMENT_001
GDELT_EVENT,20201101120000,https://data.gdeltproject.org/gdeltv2/20201101120000.export.CSV.zip,200,64419,,STAGE5A_SUPPLEMENT_001
GDELT_EVENT,20201201120000,https://data.gdeltproject.org/gdeltv2/20201201120000.export.CSV.zip,200,90501,,STAGE5A_SUPPLEMENT_001
GDELT_EVENT,20210101120000,https://data.gdeltproject.org/gdeltv2/20210101120000.export.CSV.zip,200,38620,,STAGE5A_SUPPLEMENT_001
GDELT_EVENT,20210201120000,https://data.gdeltproject.org/gdeltv2/20210201120000.export.CSV.zip,200,84942,,STAGE5A_SUPPLEMENT_001
GDELT_EVENT,20210301120000,https://data.gdeltproject.org/gdeltv2/20210301120000.export.CSV.zip,200,92207,,STAGE5A_SUPPLEMENT_001
GDELT_EVENT,20210401120000,https://data.gdeltproject.org/gdeltv2/20210401120000.export.CSV.zip,200,87634,,STAGE5A_SUPPLEMENT_001
GDELT_EVENT,20210501120000,https://data.gdeltproject.org/gdeltv2/20210501120000.export.CSV.zip,200,46984,,STAGE5A_SUPPLEMENT_001
GDELT_EVENT,20210601120000,https://data.gdeltproject.org/gdeltv2/20210601120000.export.CSV.zip,200,93861,,STAGE5A_SUPPLEMENT_001
GDELT_EVENT,20210701120000,https://data.gdeltproject.org/gdeltv2/20210701120000.export.CSV.zip,200,79975,,STAGE5A_SUPPLEMENT_001
GDELT_EVENT,20210801120000,https://data.gdeltproject.org/gdeltv2/20210801120000.export.CSV.zip,200,38327,,STAGE5A_SUPPLEMENT_001
GDELT_EVENT,20210901120000,https://data.gdeltproject.org/gdeltv2/20210901120000.export.CSV.zip,200,104187,,STAGE5A_SUPPLEMENT_001
GDELT_EVENT,20211001120000,https://data.gdeltproject.org/gdeltv2/20211001120000.export.CSV.zip,200,75642,,STAGE5A_SUPPLEMENT_001
GDELT_EVENT,20211101120000,https://data.gdeltproject.org/gdeltv2/20211101120000.export.CSV.zip,200,97024,,STAGE5A_SUPPLEMENT_001
GDELT_EVENT,20211201120000,https://data.gdeltproject.org/gdeltv2/20211201120000.export.CSV.zip,200,92015,,STAGE5A_SUPPLEMENT_001
GDELT_EVENT,20220101120000,https://data.gdeltproject.org/gdeltv2/20220101120000.export.CSV.zip,200,22344,,STAGE5A_SUPPLEMENT_001
GDELT_EVENT,20220201120000,https://data.gdeltproject.org/gdeltv2/20220201120000.export.CSV.zip,200,84008,,STAGE5A_SUPPLEMENT_001
GDELT_EVENT,20220301120000,https://data.gdeltproject.org/gdeltv2/20220301120000.export.CSV.zip,200,95252,,STAGE5A_SUPPLEMENT_001
GDELT_EVENT,20220401120000,https://data.gdeltproject.org/gdeltv2/20220401120000.export.CSV.zip,200,86527,,STAGE5A_SUPPLEMENT_001
GDELT_EVENT,20220501120000,https://data.gdeltproject.org/gdeltv2/20220501120000.export.CSV.zip,200,37011,,STAGE5A_SUPPLEMENT_001
GDELT_EVENT,20220601120000,https://data.gdeltproject.org/gdeltv2/20220601120000.export.CSV.zip,200,75478,,STAGE5A_SUPPLEMENT_001
GDELT_EVENT,20220701120000,https://data.gdeltproject.org/gdeltv2/20220701120000.export.CSV.zip,200,74338,,STAGE5A_SUPPLEMENT_001
GDELT_EVENT,20220801120000,https://data.gdeltproject.org/gdeltv2/20220801120000.export.CSV.zip,200,67113,,STAGE5A_SUPPLEMENT_001
GDELT_EVENT,20220901120000,https://data.gdeltproject.org/gdeltv2/20220901120000.export.CSV.zip,200,70893,,STAGE5A_SUPPLEMENT_001
GDELT_EVENT,20221001120000,https://data.gdeltproject.org/gdeltv2/20221001120000.export.CSV.zip,200,39625,,STAGE5A_SUPPLEMENT_001
GDELT_EVENT,20221101120000,https://data.gdeltproject.org/gdeltv2/20221101120000.export.CSV.zip,200,84113,,STAGE5A_SUPPLEMENT_001
GDELT_EVENT,20221201120000,https://data.gdeltproject.org/gdeltv2/20221201120000.export.CSV.zip,200,82957,,STAGE5A_SUPPLEMENT_001
GDELT_EVENT,20230101120000,https://data.gdeltproject.org/gdeltv2/20230101120000.export.CSV.zip,200,21584,,STAGE5A_SUPPLEMENT_001
GDELT_EVENT,20230201120000,https://data.gdeltproject.org/gdeltv2/20230201120000.export.CSV.zip,200,73170,,STAGE5A_SUPPLEMENT_001
GDELT_EVENT,20230301120000,https://data.gdeltproject.org/gdeltv2/20230301120000.export.CSV.zip,,,RemoteDisconnected: Remote end closed connection without response,STAGE5A_SUPPLEMENT_001
GDELT_EVENT,20230401120000,https://data.gdeltproject.org/gdeltv2/20230401120000.export.CSV.zip,200,60711,,STAGE5A_SUPPLEMENT_001
GDELT_EVENT,20230501120000,https://data.gdeltproject.org/gdeltv2/20230501120000.export.CSV.zip,200,102176,,STAGE5A_SUPPLEMENT_001
GDELT_EVENT,20230601120000,https://data.gdeltproject.org/gdeltv2/20230601120000.export.CSV.zip,200,111458,,STAGE5A_SUPPLEMENT_001
GDELT_EVENT,20230701120000,https://data.gdeltproject.org/gdeltv2/20230701120000.export.CSV.zip,200,51588,,STAGE5A_SUPPLEMENT_001
GDELT_EVENT,20230801120000,https://data.gdeltproject.org/gdeltv2/20230801120000.export.CSV.zip,200,134900,,STAGE5A_SUPPLEMENT_001
GDELT_EVENT,20230901120000,https://data.gdeltproject.org/gdeltv2/20230901120000.export.CSV.zip,200,146597,,STAGE5A_SUPPLEMENT_001
GDELT_EVENT,20231001120000,https://data.gdeltproject.org/gdeltv2/20231001120000.export.CSV.zip,200,48992,,STAGE5A_SUPPLEMENT_001
GDELT_EVENT,20231101120000,https://data.gdeltproject.org/gdeltv2/20231101120000.export.CSV.zip,200,148829,,STAGE5A_SUPPLEMENT_001
GDELT_EVENT,20231201120000,https://data.gdeltproject.org/gdeltv2/20231201120000.export.CSV.zip,200,79920,,STAGE5A_SUPPLEMENT_001
GDELT_EVENT,20240101120000,https://data.gdeltproject.org/gdeltv2/20240101120000.export.CSV.zip,200,45909,,STAGE5A_SUPPLEMENT_001
GDELT_EVENT,20240201120000,https://data.gdeltproject.org/gdeltv2/20240201120000.export.CSV.zip,200,116622,,STAGE5A_SUPPLEMENT_001
GDELT_EVENT,20240301120000,https://data.gdeltproject.org/gdeltv2/20240301120000.export.CSV.zip,200,88493,,STAGE5A_SUPPLEMENT_001
GDELT_EVENT,20240401120000,https://data.gdeltproject.org/gdeltv2/20240401120000.export.CSV.zip,200,90784,,STAGE5A_SUPPLEMENT_001
GDELT_EVENT,20240501120000,https://data.gdeltproject.org/gdeltv2/20240501120000.export.CSV.zip,200,108397,,STAGE5A_SUPPLEMENT_001
GDELT_EVENT,20240601120000,https://data.gdeltproject.org/gdeltv2/20240601120000.export.CSV.zip,200,46436,,STAGE5A_SUPPLEMENT_001
GDELT_EVENT,20240701120000,https://data.gdeltproject.org/gdeltv2/20240701120000.export.CSV.zip,200,97675,,STAGE5A_SUPPLEMENT_001
GDELT_EVENT,20240801120000,https://data.gdeltproject.org/gdeltv2/20240801120000.export.CSV.zip,200,86652,,STAGE5A_SUPPLEMENT_001
GDELT_EVENT,20240901120000,https://data.gdeltproject.org/gdeltv2/20240901120000.export.CSV.zip,200,50551,,STAGE5A_SUPPLEMENT_001
GDELT_EVENT,20241001120000,https://data.gdeltproject.org/gdeltv2/20241001120000.export.CSV.zip,200,89390,,STAGE5A_SUPPLEMENT_001
GDELT_EVENT,20241101120000,https://data.gdeltproject.org/gdeltv2/20241101120000.export.CSV.zip,200,107787,,STAGE5A_SUPPLEMENT_001
GDELT_EVENT,20241201120000,https://data.gdeltproject.org/gdeltv2/20241201120000.export.CSV.zip,200,55258,,STAGE5A_SUPPLEMENT_001
GDELT_EVENT,20250101120000,https://data.gdeltproject.org/gdeltv2/20250101120000.export.CSV.zip,200,47351,,STAGE5A_SUPPLEMENT_001
GDELT_EVENT,20250201120000,https://data.gdeltproject.org/gdeltv2/20250201120000.export.CSV.zip,200,40934,,STAGE5A_SUPPLEMENT_001
GDELT_EVENT,20250301120000,https://data.gdeltproject.org/gdeltv2/20250301120000.export.CSV.zip,200,40368,,STAGE5A_SUPPLEMENT_001
GDELT_EVENT,20250401120000,https://data.gdeltproject.org/gdeltv2/20250401120000.export.CSV.zip,200,102448,,STAGE5A_SUPPLEMENT_001
GDELT_EVENT,20250501120000,https://data.gdeltproject.org/gdeltv2/20250501120000.export.CSV.zip,200,90837,,STAGE5A_SUPPLEMENT_001
GDELT_EVENT,20250601120000,https://data.gdeltproject.org/gdeltv2/20250601120000.export.CSV.zip,200,51043,,STAGE5A_SUPPLEMENT_001
GDELT_EVENT,20250701120000,https://data.gdeltproject.org/gdeltv2/20250701120000.export.CSV.zip,404,,HTTP Error 404: Not Found,STAGE5A_SUPPLEMENT_001
GDELT_EVENT,20250801120000,https://data.gdeltproject.org/gdeltv2/20250801120000.export.CSV.zip,200,90337,,STAGE5A_SUPPLEMENT_001
GDELT_EVENT,20250901120000,https://data.gdeltproject.org/gdeltv2/20250901120000.export.CSV.zip,200,81865,,STAGE5A_SUPPLEMENT_001
GDELT_EVENT,20251001120000,https://data.gdeltproject.org/gdeltv2/20251001120000.export.CSV.zip,200,95139,,STAGE5A_SUPPLEMENT_001
GDELT_EVENT,20251101120000,https://data.gdeltproject.org/gdeltv2/20251101120000.export.CSV.zip,200,58961,,STAGE5A_SUPPLEMENT_001
GDELT_EVENT,20251201120000,https://data.gdeltproject.org/gdeltv2/20251201120000.export.CSV.zip,200,63919,,STAGE5A_SUPPLEMENT_001
GDELT_EVENT,20260101120000,https://data.gdeltproject.org/gdeltv2/20260101120000.export.CSV.zip,200,26416,,STAGE5A_SUPPLEMENT_001
GDELT_EVENT,20260201120000,https://data.gdeltproject.org/gdeltv2/20260201120000.export.CSV.zip,200,53471,,STAGE5A_SUPPLEMENT_001
GDELT_EVENT,20260301120000,https://data.gdeltproject.org/gdeltv2/20260301120000.export.CSV.zip,200,57647,,STAGE5A_SUPPLEMENT_001
GDELT_EVENT,20260401120000,https://data.gdeltproject.org/gdeltv2/20260401120000.export.CSV.zip,200,100849,,STAGE5A_SUPPLEMENT_001
GDELT_EVENT,20260501120000,https://data.gdeltproject.org/gdeltv2/20260501120000.export.CSV.zip,200,74395,,STAGE5A_SUPPLEMENT_001
GDELT_EVENT,20260601120000,https://data.gdeltproject.org/gdeltv2/20260601120000.export.CSV.zip,200,86939,,STAGE5A_SUPPLEMENT_001
GDELT_EVENT,20260701120000,https://data.gdeltproject.org/gdeltv2/20260701120000.export.CSV.zip,200,91024,,STAGE5A_SUPPLEMENT_001
GDELT_EVENT,20260801120000,https://data.gdeltproject.org/gdeltv2/20260801120000.export.CSV.zip,200,79197,,STAGE5A_SUPPLEMENT_001
GDELT_EVENT,20260831120000,https://data.gdeltproject.org/gdeltv2/20260831120000.export.CSV.zip,200,100440,,STAGE5A_SUPPLEMENT_001
