regime,mode,depot_id,product_id,inventory,incumbent_inventory,absolute_change,base_commit,paper2_frozen_sha,calibration_id
R0_NOMINAL,KEEP,calibrated_inventory_node_11,CLEANING,15635.125000000002,15635.125000000002,0.0,2f0ea2d0af2af5424cf947866a6b1e9ca121859c,51aebd06edf8f5d6d124d0f3eebdbb901e63274f,UNIT_COST_BASED
R0_NOMINAL,KEEP,calibrated_inventory_node_11,DAIRY,4065.05,4065.05,0.0,2f0ea2d0af2af5424cf947866a6b1e9ca121859c,51aebd06edf8f5d6d124d0f3eebdbb901e63274f,UNIT_COST_BASED
R0_NOMINAL,KEEP,calibrated_inventory_node_11,BREAD/BAKERY,4729.450000000001,4729.450000000001,0.0,2f0ea2d0af2af5424cf947866a6b1e9ca121859c,51aebd06edf8f5d6d124d0f3eebdbb901e63274f,UNIT_COST_BASED
R0_NOMINAL,KEEP,calibrated_inventory_node_7,CLEANING,36192.475000000006,36192.475000000006,0.0,2f0ea2d0af2af5424cf947866a6b1e9ca121859c,51aebd06edf8f5d6d124d0f3eebdbb901e63274f,UNIT_COST_BASED
R0_NOMINAL,KEEP,calibrated_inventory_node_7,DAIRY,36416.325000000004,36416.325000000004,0.0,2f0ea2d0af2af5424cf947866a6b1e9ca121859c,51aebd06edf8f5d6d124d0f3eebdbb901e63274f,UNIT_COST_BASED
R0_NOMINAL,KEEP,calibrated_inventory_node_7,BREAD/BAKERY,19796.2292,19796.2292,0.0,2f0ea2d0af2af5424cf947866a6b1e9ca121859c,51aebd06edf8f5d6d124d0f3eebdbb901e63274f,UNIT_COST_BASED
R0_NOMINAL,REOPTIMIZE,calibrated_inventory_node_11,CLEANING,11756.0,15635.125000000002,3879.125000000002,2f0ea2d0af2af5424cf947866a6b1e9ca121859c,51aebd06edf8f5d6d124d0f3eebdbb901e63274f,UNIT_COST_BASED
R0_NOMINAL,REOPTIMIZE,calibrated_inventory_node_11,DAIRY,3616.0,4065.05,449.0500000000002,2f0ea2d0af2af5424cf947866a6b1e9ca121859c,51aebd06edf8f5d6d124d0f3eebdbb901e63274f,UNIT_COST_BASED
R0_NOMINAL,REOPTIMIZE,calibrated_inventory_node_11,BREAD/BAKERY,4184.0,4729.450000000001,545.4500000000007,2f0ea2d0af2af5424cf947866a6b1e9ca121859c,51aebd06edf8f5d6d124d0f3eebdbb901e63274f,UNIT_COST_BASED
R0_NOMINAL,REOPTIMIZE,calibrated_inventory_node_7,CLEANING,30440.0,36192.475000000006,5752.475000000006,2f0ea2d0af2af5424cf947866a6b1e9ca121859c,51aebd06edf8f5d6d124d0f3eebdbb901e63274f,UNIT_COST_BASED
R0_NOMINAL,REOPTIMIZE,calibrated_inventory_node_7,DAIRY,34102.0,36416.325000000004,2314.3250000000044,2f0ea2d0af2af5424cf947866a6b1e9ca121859c,51aebd06edf8f5d6d124d0f3eebdbb901e63274f,UNIT_COST_BASED
R0_NOMINAL,REOPTIMIZE,calibrated_inventory_node_7,BREAD/BAKERY,17829.535000000003,19796.2292,1966.694199999998,2f0ea2d0af2af5424cf947866a6b1e9ca121859c,51aebd06edf8f5d6d124d0f3eebdbb901e63274f,UNIT_COST_BASED
R1_DEMAND_ONLY,KEEP,calibrated_inventory_node_11,CLEANING,15635.125000000002,15635.125000000002,0.0,2f0ea2d0af2af5424cf947866a6b1e9ca121859c,51aebd06edf8f5d6d124d0f3eebdbb901e63274f,UNIT_COST_BASED
R1_DEMAND_ONLY,KEEP,calibrated_inventory_node_11,DAIRY,4065.05,4065.05,0.0,2f0ea2d0af2af5424cf947866a6b1e9ca121859c,51aebd06edf8f5d6d124d0f3eebdbb901e63274f,UNIT_COST_BASED
R1_DEMAND_ONLY,KEEP,calibrated_inventory_node_11,BREAD/BAKERY,4729.450000000001,4729.450000000001,0.0,2f0ea2d0af2af5424cf947866a6b1e9ca121859c,51aebd06edf8f5d6d124d0f3eebdbb901e63274f,UNIT_COST_BASED
R1_DEMAND_ONLY,KEEP,calibrated_inventory_node_7,CLEANING,36192.475000000006,36192.475000000006,0.0,2f0ea2d0af2af5424cf947866a6b1e9ca121859c,51aebd06edf8f5d6d124d0f3eebdbb901e63274f,UNIT_COST_BASED
R1_DEMAND_ONLY,KEEP,calibrated_inventory_node_7,DAIRY,36416.325000000004,36416.325000000004,0.0,2f0ea2d0af2af5424cf947866a6b1e9ca121859c,51aebd06edf8f5d6d124d0f3eebdbb901e63274f,UNIT_COST_BASED
R1_DEMAND_ONLY,KEEP,calibrated_inventory_node_7,BREAD/BAKERY,19796.2292,19796.2292,0.0,2f0ea2d0af2af5424cf947866a6b1e9ca121859c,51aebd06edf8f5d6d124d0f3eebdbb901e63274f,UNIT_COST_BASED
R1_DEMAND_ONLY,REOPTIMIZE,calibrated_inventory_node_11,CLEANING,18809.6,15635.125000000002,3174.4749999999967,2f0ea2d0af2af5424cf947866a6b1e9ca121859c,51aebd06edf8f5d6d124d0f3eebdbb901e63274f,UNIT_COST_BASED
R1_DEMAND_ONLY,REOPTIMIZE,calibrated_inventory_node_11,DAIRY,3616.0,4065.05,449.0500000000002,2f0ea2d0af2af5424cf947866a6b1e9ca121859c,51aebd06edf8f5d6d124d0f3eebdbb901e63274f,UNIT_COST_BASED
R1_DEMAND_ONLY,REOPTIMIZE,calibrated_inventory_node_11,BREAD/BAKERY,4184.0,4729.450000000001,545.4500000000007,2f0ea2d0af2af5424cf947866a6b1e9ca121859c,51aebd06edf8f5d6d124d0f3eebdbb901e63274f,UNIT_COST_BASED
R1_DEMAND_ONLY,REOPTIMIZE,calibrated_inventory_node_7,CLEANING,30440.0,36192.475000000006,5752.475000000006,2f0ea2d0af2af5424cf947866a6b1e9ca121859c,51aebd06edf8f5d6d124d0f3eebdbb901e63274f,UNIT_COST_BASED
R1_DEMAND_ONLY,REOPTIMIZE,calibrated_inventory_node_7,DAIRY,40597.2,36416.325000000004,4180.874999999993,2f0ea2d0af2af5424cf947866a6b1e9ca121859c,51aebd06edf8f5d6d124d0f3eebdbb901e63274f,UNIT_COST_BASED
R1_DEMAND_ONLY,REOPTIMIZE,calibrated_inventory_node_7,BREAD/BAKERY,17829.535000000003,19796.2292,1966.694199999998,2f0ea2d0af2af5424cf947866a6b1e9ca121859c,51aebd06edf8f5d6d124d0f3eebdbb901e63274f,UNIT_COST_BASED
R2_REGIONAL_ONLY,KEEP,calibrated_inventory_node_11,CLEANING,15635.125000000002,15635.125000000002,0.0,2f0ea2d0af2af5424cf947866a6b1e9ca121859c,51aebd06edf8f5d6d124d0f3eebdbb901e63274f,UNIT_COST_BASED
R2_REGIONAL_ONLY,KEEP,calibrated_inventory_node_11,DAIRY,4065.05,4065.05,0.0,2f0ea2d0af2af5424cf947866a6b1e9ca121859c,51aebd06edf8f5d6d124d0f3eebdbb901e63274f,UNIT_COST_BASED
R2_REGIONAL_ONLY,KEEP,calibrated_inventory_node_11,BREAD/BAKERY,4729.450000000001,4729.450000000001,0.0,2f0ea2d0af2af5424cf947866a6b1e9ca121859c,51aebd06edf8f5d6d124d0f3eebdbb901e63274f,UNIT_COST_BASED
R2_REGIONAL_ONLY,KEEP,calibrated_inventory_node_7,CLEANING,36192.475000000006,36192.475000000006,0.0,2f0ea2d0af2af5424cf947866a6b1e9ca121859c,51aebd06edf8f5d6d124d0f3eebdbb901e63274f,UNIT_COST_BASED
R2_REGIONAL_ONLY,KEEP,calibrated_inventory_node_7,DAIRY,36416.325000000004,36416.325000000004,0.0,2f0ea2d0af2af5424cf947866a6b1e9ca121859c,51aebd06edf8f5d6d124d0f3eebdbb901e63274f,UNIT_COST_BASED
R2_REGIONAL_ONLY,KEEP,calibrated_inventory_node_7,BREAD/BAKERY,19796.2292,19796.2292,0.0,2f0ea2d0af2af5424cf947866a6b1e9ca121859c,51aebd06edf8f5d6d124d0f3eebdbb901e63274f,UNIT_COST_BASED
R2_REGIONAL_ONLY,REOPTIMIZE,calibrated_inventory_node_11,CLEANING,13155.829999999998,15635.125000000002,2479.2950000000037,2f0ea2d0af2af5424cf947866a6b1e9ca121859c,51aebd06edf8f5d6d124d0f3eebdbb901e63274f,UNIT_COST_BASED
R2_REGIONAL_ONLY,REOPTIMIZE,calibrated_inventory_node_11,DAIRY,11896.484775,4065.05,7831.434775000001,2f0ea2d0af2af5424cf947866a6b1e9ca121859c,51aebd06edf8f5d6d124d0f3eebdbb901e63274f,UNIT_COST_BASED
R2_REGIONAL_ONLY,REOPTIMIZE,calibrated_inventory_node_11,BREAD/BAKERY,8095.285225,4729.450000000001,3365.835224999999,2f0ea2d0af2af5424cf947866a6b1e9ca121859c,51aebd06edf8f5d6d124d0f3eebdbb901e63274f,UNIT_COST_BASED
R2_REGIONAL_ONLY,REOPTIMIZE,calibrated_inventory_node_7,CLEANING,35717.3,36192.475000000006,475.1750000000029,2f0ea2d0af2af5424cf947866a6b1e9ca121859c,51aebd06edf8f5d6d124d0f3eebdbb901e63274f,UNIT_COST_BASED
R2_REGIONAL_ONLY,REOPTIMIZE,calibrated_inventory_node_7,DAIRY,28602.65,36416.325000000004,7813.675000000003,2f0ea2d0af2af5424cf947866a6b1e9ca121859c,51aebd06edf8f5d6d124d0f3eebdbb901e63274f,UNIT_COST_BASED
R2_REGIONAL_ONLY,REOPTIMIZE,calibrated_inventory_node_7,BREAD/BAKERY,17704.62525,19796.2292,2091.6039500000006,2f0ea2d0af2af5424cf947866a6b1e9ca121859c,51aebd06edf8f5d6d124d0f3eebdbb901e63274f,UNIT_COST_BASED
R3_NETWORK_ONLY,KEEP,calibrated_inventory_node_11,CLEANING,15635.125000000002,15635.125000000002,0.0,2f0ea2d0af2af5424cf947866a6b1e9ca121859c,51aebd06edf8f5d6d124d0f3eebdbb901e63274f,UNIT_COST_BASED
R3_NETWORK_ONLY,KEEP,calibrated_inventory_node_11,DAIRY,4065.05,4065.05,0.0,2f0ea2d0af2af5424cf947866a6b1e9ca121859c,51aebd06edf8f5d6d124d0f3eebdbb901e63274f,UNIT_COST_BASED
R3_NETWORK_ONLY,KEEP,calibrated_inventory_node_11,BREAD/BAKERY,4729.450000000001,4729.450000000001,0.0,2f0ea2d0af2af5424cf947866a6b1e9ca121859c,51aebd06edf8f5d6d124d0f3eebdbb901e63274f,UNIT_COST_BASED
R3_NETWORK_ONLY,KEEP,calibrated_inventory_node_7,CLEANING,36192.475000000006,36192.475000000006,0.0,2f0ea2d0af2af5424cf947866a6b1e9ca121859c,51aebd06edf8f5d6d124d0f3eebdbb901e63274f,UNIT_COST_BASED
R3_NETWORK_ONLY,KEEP,calibrated_inventory_node_7,DAIRY,36416.325000000004,36416.325000000004,0.0,2f0ea2d0af2af5424cf947866a6b1e9ca121859c,51aebd06edf8f5d6d124d0f3eebdbb901e63274f,UNIT_COST_BASED
R3_NETWORK_ONLY,KEEP,calibrated_inventory_node_7,BREAD/BAKERY,19796.2292,19796.2292,0.0,2f0ea2d0af2af5424cf947866a6b1e9ca121859c,51aebd06edf8f5d6d124d0f3eebdbb901e63274f,UNIT_COST_BASED
R3_NETWORK_ONLY,REOPTIMIZE,calibrated_inventory_node_11,CLEANING,16167.5,15635.125000000002,532.3749999999982,2f0ea2d0af2af5424cf947866a6b1e9ca121859c,51aebd06edf8f5d6d124d0f3eebdbb901e63274f,UNIT_COST_BASED
R3_NETWORK_ONLY,REOPTIMIZE,calibrated_inventory_node_11,DAIRY,8275.0,4065.05,4209.95,2f0ea2d0af2af5424cf947866a6b1e9ca121859c,51aebd06edf8f5d6d124d0f3eebdbb901e63274f,UNIT_COST_BASED
R3_NETWORK_ONLY,REOPTIMIZE,calibrated_inventory_node_11,BREAD/BAKERY,6606.9875,4729.450000000001,1877.5374999999995,2f0ea2d0af2af5424cf947866a6b1e9ca121859c,51aebd06edf8f5d6d124d0f3eebdbb901e63274f,UNIT_COST_BASED
R3_NETWORK_ONLY,REOPTIMIZE,calibrated_inventory_node_7,CLEANING,26028.5,36192.475000000006,10163.975000000006,2f0ea2d0af2af5424cf947866a6b1e9ca121859c,51aebd06edf8f5d6d124d0f3eebdbb901e63274f,UNIT_COST_BASED
R3_NETWORK_ONLY,REOPTIMIZE,calibrated_inventory_node_7,DAIRY,29443.0,36416.325000000004,6973.325000000004,2f0ea2d0af2af5424cf947866a6b1e9ca121859c,51aebd06edf8f5d6d124d0f3eebdbb901e63274f,UNIT_COST_BASED
R3_NETWORK_ONLY,REOPTIMIZE,calibrated_inventory_node_7,BREAD/BAKERY,15406.5475,19796.2292,4389.681700000001,2f0ea2d0af2af5424cf947866a6b1e9ca121859c,51aebd06edf8f5d6d124d0f3eebdbb901e63274f,UNIT_COST_BASED
R4_DEMAND_PLUS_REGIONAL,KEEP,calibrated_inventory_node_11,CLEANING,15635.125000000002,15635.125000000002,0.0,2f0ea2d0af2af5424cf947866a6b1e9ca121859c,51aebd06edf8f5d6d124d0f3eebdbb901e63274f,UNIT_COST_BASED
R4_DEMAND_PLUS_REGIONAL,KEEP,calibrated_inventory_node_11,DAIRY,4065.05,4065.05,0.0,2f0ea2d0af2af5424cf947866a6b1e9ca121859c,51aebd06edf8f5d6d124d0f3eebdbb901e63274f,UNIT_COST_BASED
R4_DEMAND_PLUS_REGIONAL,KEEP,calibrated_inventory_node_11,BREAD/BAKERY,4729.450000000001,4729.450000000001,0.0,2f0ea2d0af2af5424cf947866a6b1e9ca121859c,51aebd06edf8f5d6d124d0f3eebdbb901e63274f,UNIT_COST_BASED
R4_DEMAND_PLUS_REGIONAL,KEEP,calibrated_inventory_node_7,CLEANING,36192.475000000006,36192.475000000006,0.0,2f0ea2d0af2af5424cf947866a6b1e9ca121859c,51aebd06edf8f5d6d124d0f3eebdbb901e63274f,UNIT_COST_BASED
R4_DEMAND_PLUS_REGIONAL,KEEP,calibrated_inventory_node_7,DAIRY,36416.325000000004,36416.325000000004,0.0,2f0ea2d0af2af5424cf947866a6b1e9ca121859c,51aebd06edf8f5d6d124d0f3eebdbb901e63274f,UNIT_COST_BASED
R4_DEMAND_PLUS_REGIONAL,KEEP,calibrated_inventory_node_7,BREAD/BAKERY,19796.2292,19796.2292,0.0,2f0ea2d0af2af5424cf947866a6b1e9ca121859c,51aebd06edf8f5d6d124d0f3eebdbb901e63274f,UNIT_COST_BASED
R4_DEMAND_PLUS_REGIONAL,REOPTIMIZE,calibrated_inventory_node_11,CLEANING,10794.6,15635.125000000002,4840.5250000000015,2f0ea2d0af2af5424cf947866a6b1e9ca121859c,51aebd06edf8f5d6d124d0f3eebdbb901e63274f,UNIT_COST_BASED
R4_DEMAND_PLUS_REGIONAL,REOPTIMIZE,calibrated_inventory_node_11,DAIRY,14845.715,4065.05,10780.665,2f0ea2d0af2af5424cf947866a6b1e9ca121859c,51aebd06edf8f5d6d124d0f3eebdbb901e63274f,UNIT_COST_BASED
R4_DEMAND_PLUS_REGIONAL,REOPTIMIZE,calibrated_inventory_node_11,BREAD/BAKERY,7507.285,4729.450000000001,2777.834999999999,2f0ea2d0af2af5424cf947866a6b1e9ca121859c,51aebd06edf8f5d6d124d0f3eebdbb901e63274f,UNIT_COST_BASED
R4_DEMAND_PLUS_REGIONAL,REOPTIMIZE,calibrated_inventory_node_7,CLEANING,38047.88977480219,36192.475000000006,1855.414774802186,2f0ea2d0af2af5424cf947866a6b1e9ca121859c,51aebd06edf8f5d6d124d0f3eebdbb901e63274f,UNIT_COST_BASED
R4_DEMAND_PLUS_REGIONAL,REOPTIMIZE,calibrated_inventory_node_7,DAIRY,31010.62371638142,36416.325000000004,5405.701283618586,2f0ea2d0af2af5424cf947866a6b1e9ca121859c,51aebd06edf8f5d6d124d0f3eebdbb901e63274f,UNIT_COST_BASED
R4_DEMAND_PLUS_REGIONAL,REOPTIMIZE,calibrated_inventory_node_7,BREAD/BAKERY,17704.62525,19796.2292,2091.6039500000006,2f0ea2d0af2af5424cf947866a6b1e9ca121859c,51aebd06edf8f5d6d124d0f3eebdbb901e63274f,UNIT_COST_BASED
R5_DEMAND_PLUS_NETWORK,KEEP,calibrated_inventory_node_11,CLEANING,15635.125000000002,15635.125000000002,0.0,2f0ea2d0af2af5424cf947866a6b1e9ca121859c,51aebd06edf8f5d6d124d0f3eebdbb901e63274f,UNIT_COST_BASED
R5_DEMAND_PLUS_NETWORK,KEEP,calibrated_inventory_node_11,DAIRY,4065.05,4065.05,0.0,2f0ea2d0af2af5424cf947866a6b1e9ca121859c,51aebd06edf8f5d6d124d0f3eebdbb901e63274f,UNIT_COST_BASED
R5_DEMAND_PLUS_NETWORK,KEEP,calibrated_inventory_node_11,BREAD/BAKERY,4729.450000000001,4729.450000000001,0.0,2f0ea2d0af2af5424cf947866a6b1e9ca121859c,51aebd06edf8f5d6d124d0f3eebdbb901e63274f,UNIT_COST_BASED
R5_DEMAND_PLUS_NETWORK,KEEP,calibrated_inventory_node_7,CLEANING,36192.475000000006,36192.475000000006,0.0,2f0ea2d0af2af5424cf947866a6b1e9ca121859c,51aebd06edf8f5d6d124d0f3eebdbb901e63274f,UNIT_COST_BASED
R5_DEMAND_PLUS_NETWORK,KEEP,calibrated_inventory_node_7,DAIRY,36416.325000000004,36416.325000000004,0.0,2f0ea2d0af2af5424cf947866a6b1e9ca121859c,51aebd06edf8f5d6d124d0f3eebdbb901e63274f,UNIT_COST_BASED
R5_DEMAND_PLUS_NETWORK,KEEP,calibrated_inventory_node_7,BREAD/BAKERY,19796.2292,19796.2292,0.0,2f0ea2d0af2af5424cf947866a6b1e9ca121859c,51aebd06edf8f5d6d124d0f3eebdbb901e63274f,UNIT_COST_BASED
R5_DEMAND_PLUS_NETWORK,REOPTIMIZE,calibrated_inventory_node_11,CLEANING,18809.6,15635.125000000002,3174.4749999999967,2f0ea2d0af2af5424cf947866a6b1e9ca121859c,51aebd06edf8f5d6d124d0f3eebdbb901e63274f,UNIT_COST_BASED
R5_DEMAND_PLUS_NETWORK,REOPTIMIZE,calibrated_inventory_node_11,DAIRY,4647.097393822393,4065.05,582.0473938223931,2f0ea2d0af2af5424cf947866a6b1e9ca121859c,51aebd06edf8f5d6d124d0f3eebdbb901e63274f,UNIT_COST_BASED
R5_DEMAND_PLUS_NETWORK,REOPTIMIZE,calibrated_inventory_node_11,BREAD/BAKERY,4184.0,4729.450000000001,545.4500000000007,2f0ea2d0af2af5424cf947866a6b1e9ca121859c,51aebd06edf8f5d6d124d0f3eebdbb901e63274f,UNIT_COST_BASED
R5_DEMAND_PLUS_NETWORK,REOPTIMIZE,calibrated_inventory_node_7,CLEANING,30440.0,36192.475000000006,5752.475000000006,2f0ea2d0af2af5424cf947866a6b1e9ca121859c,51aebd06edf8f5d6d124d0f3eebdbb901e63274f,UNIT_COST_BASED
R5_DEMAND_PLUS_NETWORK,REOPTIMIZE,calibrated_inventory_node_7,DAIRY,39566.10260617761,36416.325000000004,3149.777606177602,2f0ea2d0af2af5424cf947866a6b1e9ca121859c,51aebd06edf8f5d6d124d0f3eebdbb901e63274f,UNIT_COST_BASED
R5_DEMAND_PLUS_NETWORK,REOPTIMIZE,calibrated_inventory_node_7,BREAD/BAKERY,17829.535000000003,19796.2292,1966.694199999998,2f0ea2d0af2af5424cf947866a6b1e9ca121859c,51aebd06edf8f5d6d124d0f3eebdbb901e63274f,UNIT_COST_BASED
R6_REGIONAL_PLUS_NETWORK,KEEP,calibrated_inventory_node_11,CLEANING,15635.125000000002,15635.125000000002,0.0,2f0ea2d0af2af5424cf947866a6b1e9ca121859c,51aebd06edf8f5d6d124d0f3eebdbb901e63274f,UNIT_COST_BASED
R6_REGIONAL_PLUS_NETWORK,KEEP,calibrated_inventory_node_11,DAIRY,4065.05,4065.05,0.0,2f0ea2d0af2af5424cf947866a6b1e9ca121859c,51aebd06edf8f5d6d124d0f3eebdbb901e63274f,UNIT_COST_BASED
R6_REGIONAL_PLUS_NETWORK,KEEP,calibrated_inventory_node_11,BREAD/BAKERY,4729.450000000001,4729.450000000001,0.0,2f0ea2d0af2af5424cf947866a6b1e9ca121859c,51aebd06edf8f5d6d124d0f3eebdbb901e63274f,UNIT_COST_BASED
R6_REGIONAL_PLUS_NETWORK,KEEP,calibrated_inventory_node_7,CLEANING,36192.475000000006,36192.475000000006,0.0,2f0ea2d0af2af5424cf947866a6b1e9ca121859c,51aebd06edf8f5d6d124d0f3eebdbb901e63274f,UNIT_COST_BASED
R6_REGIONAL_PLUS_NETWORK,KEEP,calibrated_inventory_node_7,DAIRY,36416.325000000004,36416.325000000004,0.0,2f0ea2d0af2af5424cf947866a6b1e9ca121859c,51aebd06edf8f5d6d124d0f3eebdbb901e63274f,UNIT_COST_BASED
R6_REGIONAL_PLUS_NETWORK,KEEP,calibrated_inventory_node_7,BREAD/BAKERY,19796.2292,19796.2292,0.0,2f0ea2d0af2af5424cf947866a6b1e9ca121859c,51aebd06edf8f5d6d124d0f3eebdbb901e63274f,UNIT_COST_BASED
R6_REGIONAL_PLUS_NETWORK,REOPTIMIZE,calibrated_inventory_node_11,CLEANING,12390.9,15635.125000000002,3244.225000000002,2f0ea2d0af2af5424cf947866a6b1e9ca121859c,51aebd06edf8f5d6d124d0f3eebdbb901e63274f,UNIT_COST_BASED
R6_REGIONAL_PLUS_NETWORK,REOPTIMIZE,calibrated_inventory_node_11,DAIRY,13648.9,4065.05,9583.849999999999,2f0ea2d0af2af5424cf947866a6b1e9ca121859c,51aebd06edf8f5d6d124d0f3eebdbb901e63274f,UNIT_COST_BASED
R6_REGIONAL_PLUS_NETWORK,REOPTIMIZE,calibrated_inventory_node_11,BREAD/BAKERY,7107.8,4729.450000000001,2378.3499999999995,2f0ea2d0af2af5424cf947866a6b1e9ca121859c,51aebd06edf8f5d6d124d0f3eebdbb901e63274f,UNIT_COST_BASED
R6_REGIONAL_PLUS_NETWORK,REOPTIMIZE,calibrated_inventory_node_7,CLEANING,31471.180772976255,36192.475000000006,4721.294227023751,2f0ea2d0af2af5424cf947866a6b1e9ca121859c,51aebd06edf8f5d6d124d0f3eebdbb901e63274f,UNIT_COST_BASED
R6_REGIONAL_PLUS_NETWORK,REOPTIMIZE,calibrated_inventory_node_7,DAIRY,26433.05,36416.325000000004,9983.275000000005,2f0ea2d0af2af5424cf947866a6b1e9ca121859c,51aebd06edf8f5d6d124d0f3eebdbb901e63274f,UNIT_COST_BASED
R6_REGIONAL_PLUS_NETWORK,REOPTIMIZE,calibrated_inventory_node_7,BREAD/BAKERY,16595.734750000003,19796.2292,3200.4944499999983,2f0ea2d0af2af5424cf947866a6b1e9ca121859c,51aebd06edf8f5d6d124d0f3eebdbb901e63274f,UNIT_COST_BASED
R7_FULL_COMPOUND,KEEP,calibrated_inventory_node_11,CLEANING,15635.125000000002,15635.125000000002,0.0,2f0ea2d0af2af5424cf947866a6b1e9ca121859c,51aebd06edf8f5d6d124d0f3eebdbb901e63274f,UNIT_COST_BASED
R7_FULL_COMPOUND,KEEP,calibrated_inventory_node_11,DAIRY,4065.05,4065.05,0.0,2f0ea2d0af2af5424cf947866a6b1e9ca121859c,51aebd06edf8f5d6d124d0f3eebdbb901e63274f,UNIT_COST_BASED
R7_FULL_COMPOUND,KEEP,calibrated_inventory_node_11,BREAD/BAKERY,4729.450000000001,4729.450000000001,0.0,2f0ea2d0af2af5424cf947866a6b1e9ca121859c,51aebd06edf8f5d6d124d0f3eebdbb901e63274f,UNIT_COST_BASED
R7_FULL_COMPOUND,KEEP,calibrated_inventory_node_7,CLEANING,36192.475000000006,36192.475000000006,0.0,2f0ea2d0af2af5424cf947866a6b1e9ca121859c,51aebd06edf8f5d6d124d0f3eebdbb901e63274f,UNIT_COST_BASED
R7_FULL_COMPOUND,KEEP,calibrated_inventory_node_7,DAIRY,36416.325000000004,36416.325000000004,0.0,2f0ea2d0af2af5424cf947866a6b1e9ca121859c,51aebd06edf8f5d6d124d0f3eebdbb901e63274f,UNIT_COST_BASED
R7_FULL_COMPOUND,KEEP,calibrated_inventory_node_7,BREAD/BAKERY,19796.2292,19796.2292,0.0,2f0ea2d0af2af5424cf947866a6b1e9ca121859c,51aebd06edf8f5d6d124d0f3eebdbb901e63274f,UNIT_COST_BASED
R7_FULL_COMPOUND,REOPTIMIZE,calibrated_inventory_node_11,CLEANING,12390.9,15635.125000000002,3244.225000000002,2f0ea2d0af2af5424cf947866a6b1e9ca121859c,51aebd06edf8f5d6d124d0f3eebdbb901e63274f,UNIT_COST_BASED
R7_FULL_COMPOUND,REOPTIMIZE,calibrated_inventory_node_11,DAIRY,13802.3,4065.05,9737.25,2f0ea2d0af2af5424cf947866a6b1e9ca121859c,51aebd06edf8f5d6d124d0f3eebdbb901e63274f,UNIT_COST_BASED
R7_FULL_COMPOUND,REOPTIMIZE,calibrated_inventory_node_11,BREAD/BAKERY,6954.4,4729.450000000001,2224.949999999999,2f0ea2d0af2af5424cf947866a6b1e9ca121859c,51aebd06edf8f5d6d124d0f3eebdbb901e63274f,UNIT_COST_BASED
R7_FULL_COMPOUND,REOPTIMIZE,calibrated_inventory_node_7,CLEANING,33963.26397878749,36192.475000000006,2229.211021212519,2f0ea2d0af2af5424cf947866a6b1e9ca121859c,51aebd06edf8f5d6d124d0f3eebdbb901e63274f,UNIT_COST_BASED
R7_FULL_COMPOUND,REOPTIMIZE,calibrated_inventory_node_7,DAIRY,26443.865582427967,36416.325000000004,9972.459417572038,2f0ea2d0af2af5424cf947866a6b1e9ca121859c,51aebd06edf8f5d6d124d0f3eebdbb901e63274f,UNIT_COST_BASED
R7_FULL_COMPOUND,REOPTIMIZE,calibrated_inventory_node_7,BREAD/BAKERY,15767.934750000004,19796.2292,4028.2944499999976,2f0ea2d0af2af5424cf947866a6b1e9ca121859c,51aebd06edf8f5d6d124d0f3eebdbb901e63274f,UNIT_COST_BASED
