regime,mode,scenario_count,robust_total_objective,first_stage_cost,reconfiguration_friction,worst_case_recourse_cost,transport_cost,shortage_cost,service_penalty,total_shortage,minimum_fill_rate,worst_region_fill_rate,inventory_l1_change_from_x0,changed_warehouse_product_cells,worst_scenario_id,worst_active_events,worst_event_type_composition,rerouted_volume_proxy,backup_warehouse_utilization_proxy,route_loss_exposure,served_demand_under_disrupted_arcs,status,base_commit,paper2_frozen_sha,calibration_id
R0_NOMINAL,KEEP,1,232620.54295000003,121931.03095000001,0.0,110689.51200000002,110689.51200000002,0.0,0.0,0.0,1.0,1.0,0.0,0,S00,,,0.0,0.0,0.0,0,OPTIMAL,2f0ea2d0af2af5424cf947866a6b1e9ca121859c,51aebd06edf8f5d6d124d0f3eebdbb901e63274f,UNIT_COST_BASED
R0_NOMINAL,REOPTIMIZE,1,218458.77971000003,107023.91175,745.3559600000006,110689.51200000002,110689.51200000002,0.0,0.0,0.0,1.0,1.0,14907.119200000012,6,S00,,,0.0,0.0,0.0,0,OPTIMAL,2f0ea2d0af2af5424cf947866a6b1e9ca121859c,51aebd06edf8f5d6d124d0f3eebdbb901e63274f,UNIT_COST_BASED
R1_DEMAND_ONLY,KEEP,4,401541.21919999935,121931.03095000001,0.0,279610.1882499993,122749.00075000002,50379.6374999999,106481.54999999936,3731.8249999999925,0.6309143507071513,0.8378542840389996,0.0,0,S07_E1_E2,E1|E2,FLASH_DEMAND_SURGE,3623.5250000000005,0.03242687269379051,0.0,0,OPTIMAL,2f0ea2d0af2af5424cf947866a6b1e9ca121859c,51aebd06edf8f5d6d124d0f3eebdbb901e63274f,UNIT_COST_BASED
R1_DEMAND_ONLY,REOPTIMIZE,4,246588.75471,120572.71175,803.4509599999997,125212.592,125212.592,0.0,0.0,0.0,1.0,1.0,16069.019199999995,6,S07_E1_E2,E1|E2,FLASH_DEMAND_SURGE,0.0,0.0,0.0,0,OPTIMAL,2f0ea2d0af2af5424cf947866a6b1e9ca121859c,51aebd06edf8f5d6d124d0f3eebdbb901e63274f,UNIT_COST_BASED
R2_REGIONAL_ONLY,KEEP,4,1572998.37225,121931.03095000001,0.0,1451067.3413,132832.80792500003,266867.41762499994,1051367.1157499999,18803.10025,0.5,0.6617831637855314,0.0,0,S16_E3_E4,E3|E4,REGIONAL_EMERGENCY_DISRUPTION,47896.825000000004,0.4499289355189158,54966.32525,43232.72525,OPTIMAL,2f0ea2d0af2af5424cf947866a6b1e9ca121859c,51aebd06edf8f5d6d124d0f3eebdbb901e63274f,UNIT_COST_BASED
R2_REGIONAL_ONLY,REOPTIMIZE,4,671083.4401725001,120268.55200000001,1202.8509475000003,549612.0372250001,145904.6306,136149.1908750001,267558.2157499999,10085.125250000005,0.5317388354648023,0.6629284075346479,24057.01895000001,6,S16_E3_E4,E3|E4,REGIONAL_EMERGENCY_DISRUPTION,56614.799999999996,0.4915666468668177,54966.32525,43232.72525,OPTIMAL,2f0ea2d0af2af5424cf947866a6b1e9ca121859c,51aebd06edf8f5d6d124d0f3eebdbb901e63274f,UNIT_COST_BASED
R3_NETWORK_ONLY,KEEP,4,246236.10295,121931.03095000001,0.0,124305.07199999999,115989.77199999998,8315.299999999997,0.0,593.9499999999998,0.9043866709594334,0.9612421817137748,0.0,0,S05_E5|S21_E5_E6,E5;E5|E6,TRANSPORT_NETWORK_DISRUPTION;TRANSPORT_NETWORK_DISRUPTION,16925.449999999997,0.16702705228478787,11493.4875,3831.1625,OPTIMAL,2f0ea2d0af2af5424cf947866a6b1e9ca121859c,51aebd06edf8f5d6d124d0f3eebdbb901e63274f,UNIT_COST_BASED
R3_NETWORK_ONLY,REOPTIMIZE,4,223143.486585,107023.91175,1407.3422099999993,114712.232625,114712.232625,0.0,0.0,0.0,1.0,1.0,28146.844200000007,6,S00|S05_E5|S06_E6|S21_E5_E6,;E5;E6;E5|E6,;TRANSPORT_NETWORK_DISRUPTION;TRANSPORT_NETWORK_DISRUPTION;TRANSPORT_NETWORK_DISRUPTION,11493.487500000001,0.11276136031348154,0.0,0,OPTIMAL,2f0ea2d0af2af5424cf947866a6b1e9ca121859c,51aebd06edf8f5d6d124d0f3eebdbb901e63274f,UNIT_COST_BASED
R4_DEMAND_PLUS_REGIONAL,KEEP,11,1713012.7672499998,121931.03095000001,0.0,1591081.7362999998,129158.46542500002,293959.255125,1167964.0157499998,20599.92525,0.5,0.6648906344943821,0.0,0,S09_E1_E4,E1|E4,FLASH_DEMAND_SURGE|REGIONAL_EMERGENCY_DISRUPTION,38541.175,0.36410995151384695,42307.32525,42307.32525,OPTIMAL,2f0ea2d0af2af5424cf947866a6b1e9ca121859c,51aebd06edf8f5d6d124d0f3eebdbb901e63274f,UNIT_COST_BASED
R4_DEMAND_PLUS_REGIONAL,REOPTIMIZE,11,676006.7399666047,125007.11549118362,1387.5872504210388,549612.0372250001,145895.7359178484,133549.44570385086,270166.85560330056,9892.551533618584,0.523629156089059,0.6693647310942048,27751.745008420774,6,S09_E1_E4|S13_E2_E4|S16_E3_E4,E1|E4;E2|E4;E3|E4,FLASH_DEMAND_SURGE|REGIONAL_EMERGENCY_DISRUPTION;FLASH_DEMAND_SURGE|REGIONAL_EMERGENCY_DISRUPTION;REGIONAL_EMERGENCY_DISRUPTION,51237.947432762834,0.43959280174106075,42307.32525,42307.32525,OPTIMAL,2f0ea2d0af2af5424cf947866a6b1e9ca121859c,51aebd06edf8f5d6d124d0f3eebdbb901e63274f,UNIT_COST_BASED
R5_DEMAND_PLUS_NETWORK,KEEP,11,401541.21919999935,121931.03095000001,0.0,279610.1882499993,122749.00075000002,50379.6374999999,106481.54999999936,3731.8249999999925,0.6309143507071513,0.8378542840389996,0.0,0,S07_E1_E2,E1|E2,FLASH_DEMAND_SURGE,3623.5250000000005,0.03242687269379051,0.0,0,OPTIMAL,2f0ea2d0af2af5424cf947866a6b1e9ca121859c,51aebd06edf8f5d6d124d0f3eebdbb901e63274f,UNIT_COST_BASED
R5_DEMAND_PLUS_NETWORK,REOPTIMIZE,11,246904.73379783786,120572.71175,758.5459599999999,125573.47608783784,125573.47608783784,0.0,0.0,0.0,1.0,1.0,15170.919199999997,6,S07_E1_E2|S14_E2_E5,E1|E2;E2|E5,FLASH_DEMAND_SURGE;FLASH_DEMAND_SURGE|TRANSPORT_NETWORK_DISRUPTION,1031.0973938223906,0.008929079657943687,0.0,0,OPTIMAL,2f0ea2d0af2af5424cf947866a6b1e9ca121859c,51aebd06edf8f5d6d124d0f3eebdbb901e63274f,UNIT_COST_BASED
R6_REGIONAL_PLUS_NETWORK,KEEP,11,2066437.585375,121931.03095000001,0.0,1944506.554425,118203.92104999999,367198.292625,1459104.34075,26123.587750000002,0.25,0.5378695435132287,0.0,0,S19_E4_E5,E4|E5,REGIONAL_EMERGENCY_DISRUPTION|TRANSPORT_NETWORK_DISRUPTION,43985.625,0.4687724167593152,50553.212750000006,42890.88775,OPTIMAL,2f0ea2d0af2af5424cf947866a6b1e9ca121859c,51aebd06edf8f5d6d124d0f3eebdbb901e63274f,UNIT_COST_BASED
R6_REGIONAL_PLUS_NETWORK,REOPTIMIZE,11,1280452.066331828,112743.94227297626,1655.5744338511877,1166052.5496250007,134040.23079351796,237731.42218982062,794280.8966416621,17609.73497702375,0.4999999999999999,0.5,33111.48867702376,6,S16_E3_E4|S19_E4_E5,E3|E4;E4|E5,REGIONAL_EMERGENCY_DISRUPTION;REGIONAL_EMERGENCY_DISRUPTION|TRANSPORT_NETWORK_DISRUPTION,44215.399772976256,0.4107422175147931,54966.32525,48107.51575,OPTIMAL,2f0ea2d0af2af5424cf947866a6b1e9ca121859c,51aebd06edf8f5d6d124d0f3eebdbb901e63274f,UNIT_COST_BASED
R7_FULL_COMPOUND,KEEP,22,2066437.585375,121931.03095000001,0.0,1944506.554425,118203.92104999999,367198.292625,1459104.34075,26123.587750000002,0.25,0.5378695435132287,0.0,0,S19_E4_E5,E4|E5,REGIONAL_EMERGENCY_DISRUPTION|TRANSPORT_NETWORK_DISRUPTION,43985.625,0.4687724167593152,50553.212750000006,42890.88775,OPTIMAL,2f0ea2d0af2af5424cf947866a6b1e9ca121859c,51aebd06edf8f5d6d124d0f3eebdbb901e63274f,UNIT_COST_BASED
R7_FULL_COMPOUND,REOPTIMIZE,22,1282043.410180655,114419.04106121547,1571.8194944392278,1166052.5496250005,136040.2010963667,231223.0885485914,798789.259980042,17127.63618878455,0.0,0.548405338152237,31436.389888784557,6,S09_E1_E4|S13_E2_E4|S19_E4_E5,E1|E4;E2|E4;E4|E5,FLASH_DEMAND_SURGE|REGIONAL_EMERGENCY_DISRUPTION;FLASH_DEMAND_SURGE|REGIONAL_EMERGENCY_DISRUPTION;REGIONAL_EMERGENCY_DISRUPTION|TRANSPORT_NETWORK_DISRUPTION,43750.946957574975,0.40020015276088133,42307.32525,40623.74083242797,OPTIMAL,2f0ea2d0af2af5424cf947866a6b1e9ca121859c,51aebd06edf8f5d6d124d0f3eebdbb901e63274f,UNIT_COST_BASED
