regime,mode,scenario_id,active_events,event_types,total_recourse_cost,transport_cost,shortage_cost,service_penalty,total_shortage,minimum_fill_rate,worst_region_fill_rate,rerouted_volume_proxy,backup_warehouse_utilization_proxy,route_loss_exposure,served_demand_under_disrupted_arcs,base_commit,paper2_frozen_sha,calibration_id
R0_NOMINAL,KEEP,S00,,,110689.51200000002,110689.51200000002,0.0,0.0,0.0,1.0,1.0,0.0,0.0,0.0,0,2f0ea2d0af2af5424cf947866a6b1e9ca121859c,51aebd06edf8f5d6d124d0f3eebdbb901e63274f,UNIT_COST_BASED
R0_NOMINAL,REOPTIMIZE,S00,,,110689.51200000002,110689.51200000002,0.0,0.0,0.0,1.0,1.0,0.0,0.0,0.0,0,2f0ea2d0af2af5424cf947866a6b1e9ca121859c,51aebd06edf8f5d6d124d0f3eebdbb901e63274f,UNIT_COST_BASED
R1_DEMAND_ONLY,KEEP,S00,,,110689.51200000002,110689.51200000002,0.0,0.0,0.0,1.0,1.0,0.0,0.0,0.0,0,2f0ea2d0af2af5424cf947866a6b1e9ca121859c,51aebd06edf8f5d6d124d0f3eebdbb901e63274f,UNIT_COST_BASED
R1_DEMAND_ONLY,KEEP,S01_E1,E1,FLASH_DEMAND_SURGE,271445.5219999993,114584.33450000001,50379.6374999999,106481.54999999936,3731.8249999999925,0.6309143507071513,0.8378542840389996,449.0500000000002,0.004289293120099923,0.0,0,2f0ea2d0af2af5424cf947866a6b1e9ca121859c,51aebd06edf8f5d6d124d0f3eebdbb901e63274f,UNIT_COST_BASED
R1_DEMAND_ONLY,KEEP,S02_E2,E2,FLASH_DEMAND_SURGE,118854.17825000001,118854.17825000001,0.0,0.0,0.0,1.0,1.0,3174.4750000000004,0.02912866525018298,0.0,0,2f0ea2d0af2af5424cf947866a6b1e9ca121859c,51aebd06edf8f5d6d124d0f3eebdbb901e63274f,UNIT_COST_BASED
R1_DEMAND_ONLY,KEEP,S07_E1_E2,E1|E2,FLASH_DEMAND_SURGE,279610.1882499993,122749.00075000002,50379.6374999999,106481.54999999936,3731.8249999999925,0.6309143507071513,0.8378542840389996,3623.5250000000005,0.03242687269379051,0.0,0,2f0ea2d0af2af5424cf947866a6b1e9ca121859c,51aebd06edf8f5d6d124d0f3eebdbb901e63274f,UNIT_COST_BASED
R1_DEMAND_ONLY,REOPTIMIZE,S00,,,110689.51200000002,110689.51200000002,0.0,0.0,0.0,1.0,1.0,0.0,0.0,0.0,0,2f0ea2d0af2af5424cf947866a6b1e9ca121859c,51aebd06edf8f5d6d124d0f3eebdbb901e63274f,UNIT_COST_BASED
R1_DEMAND_ONLY,REOPTIMIZE,S01_E1,E1,FLASH_DEMAND_SURGE,118158.992,118158.992,0.0,0.0,0.0,1.0,1.0,0.0,0.0,0.0,0,2f0ea2d0af2af5424cf947866a6b1e9ca121859c,51aebd06edf8f5d6d124d0f3eebdbb901e63274f,UNIT_COST_BASED
R1_DEMAND_ONLY,REOPTIMIZE,S02_E2,E2,FLASH_DEMAND_SURGE,117743.11200000001,117743.11200000001,0.0,0.0,0.0,1.0,1.0,0.0,0.0,0.0,0,2f0ea2d0af2af5424cf947866a6b1e9ca121859c,51aebd06edf8f5d6d124d0f3eebdbb901e63274f,UNIT_COST_BASED
R1_DEMAND_ONLY,REOPTIMIZE,S07_E1_E2,E1|E2,FLASH_DEMAND_SURGE,125212.592,125212.592,0.0,0.0,0.0,1.0,1.0,0.0,0.0,0.0,0,2f0ea2d0af2af5424cf947866a6b1e9ca121859c,51aebd06edf8f5d6d124d0f3eebdbb901e63274f,UNIT_COST_BASED
R2_REGIONAL_ONLY,KEEP,S00,,,110689.51200000002,110689.51200000002,0.0,0.0,0.0,1.0,1.0,0.0,0.0,0.0,0,2f0ea2d0af2af5424cf947866a6b1e9ca121859c,51aebd06edf8f5d6d124d0f3eebdbb901e63274f,UNIT_COST_BASED
R2_REGIONAL_ONLY,KEEP,S03_E3,E3,REGIONAL_EMERGENCY_DISRUPTION,122135.08903000002,122135.08903000002,0.0,0.0,0.0,1.0,1.0,16161.505799999999,0.15071850918963847,15906.599999999999,15651.694199999998,2f0ea2d0af2af5424cf947866a6b1e9ca121859c,51aebd06edf8f5d6d124d0f3eebdbb901e63274f,UNIT_COST_BASED
R2_REGIONAL_ONLY,KEEP,S04_E4,E4,REGIONAL_EMERGENCY_DISRUPTION,1334034.1963,125423.72542500001,245245.25512500003,963365.21575,17352.32525,0.5,0.6648906344943821,38541.175,0.3756348198778376,39059.72525,39059.72525,2f0ea2d0af2af5424cf947866a6b1e9ca121859c,51aebd06edf8f5d6d124d0f3eebdbb901e63274f,UNIT_COST_BASED
R2_REGIONAL_ONLY,KEEP,S16_E3_E4,E3|E4,REGIONAL_EMERGENCY_DISRUPTION,1451067.3413,132832.80792500003,266867.41762499994,1051367.1157499999,18803.10025,0.5,0.6617831637855314,47896.825000000004,0.4499289355189158,54966.32525,43232.72525,2f0ea2d0af2af5424cf947866a6b1e9ca121859c,51aebd06edf8f5d6d124d0f3eebdbb901e63274f,UNIT_COST_BASED
R2_REGIONAL_ONLY,REOPTIMIZE,S00,,,112658.0029125,112658.0029125,0.0,0.0,0.0,1.0,1.0,5624.259749999999,0.055179002906329475,0.0,0,2f0ea2d0af2af5424cf947866a6b1e9ca121859c,51aebd06edf8f5d6d124d0f3eebdbb901e63274f,UNIT_COST_BASED
R2_REGIONAL_ONLY,REOPTIMIZE,S03_E3,E3,REGIONAL_EMERGENCY_DISRUPTION,125335.54291250001,125335.54291250001,0.0,0.0,0.0,1.0,1.0,25305.65975,0.23599479892401112,15906.599999999999,14548.8,2f0ea2d0af2af5424cf947866a6b1e9ca121859c,51aebd06edf8f5d6d124d0f3eebdbb901e63274f,UNIT_COST_BASED
R2_REGIONAL_ONLY,REOPTIMIZE,S04_E4,E4,REGIONAL_EMERGENCY_DISRUPTION,432046.04122499994,142506.6796,83093.24587500002,206446.11574999988,6155.055250000001,0.6020811131060612,0.7942817542271252,52217.740000000005,0.45885517782779617,39059.72525,39059.72525,2f0ea2d0af2af5424cf947866a6b1e9ca121859c,51aebd06edf8f5d6d124d0f3eebdbb901e63274f,UNIT_COST_BASED
R2_REGIONAL_ONLY,REOPTIMIZE,S16_E3_E4,E3|E4,REGIONAL_EMERGENCY_DISRUPTION,549612.0372250001,145904.6306,136149.1908750001,267558.2157499999,10085.125250000005,0.5317388354648023,0.6629284075346479,56614.799999999996,0.4915666468668177,54966.32525,43232.72525,2f0ea2d0af2af5424cf947866a6b1e9ca121859c,51aebd06edf8f5d6d124d0f3eebdbb901e63274f,UNIT_COST_BASED
R3_NETWORK_ONLY,KEEP,S00,,,110689.51200000002,110689.51200000002,0.0,0.0,0.0,1.0,1.0,0.0,0.0,0.0,0,2f0ea2d0af2af5424cf947866a6b1e9ca121859c,51aebd06edf8f5d6d124d0f3eebdbb901e63274f,UNIT_COST_BASED
R3_NETWORK_ONLY,KEEP,S05_E5,E5,TRANSPORT_NETWORK_DISRUPTION,124305.07199999999,115989.77199999998,8315.299999999997,0.0,593.9499999999998,0.9043866709594334,0.9612421817137748,16925.449999999997,0.16702705228478787,11493.4875,3831.1625,2f0ea2d0af2af5424cf947866a6b1e9ca121859c,51aebd06edf8f5d6d124d0f3eebdbb901e63274f,UNIT_COST_BASED
R3_NETWORK_ONLY,KEEP,S06_E6,E6,TRANSPORT_NETWORK_DISRUPTION,110689.51200000002,110689.51200000002,0.0,0.0,0.0,1.0,1.0,0.0,0.0,6955.0,0.0,2f0ea2d0af2af5424cf947866a6b1e9ca121859c,51aebd06edf8f5d6d124d0f3eebdbb901e63274f,UNIT_COST_BASED
R3_NETWORK_ONLY,KEEP,S21_E5_E6,E5|E6,TRANSPORT_NETWORK_DISRUPTION,124305.07199999999,115989.77199999998,8315.299999999997,0.0,593.9499999999998,0.9043866709594334,0.9612421817137748,16925.449999999997,0.16702705228478787,18448.4875,3831.1625,2f0ea2d0af2af5424cf947866a6b1e9ca121859c,51aebd06edf8f5d6d124d0f3eebdbb901e63274f,UNIT_COST_BASED
R3_NETWORK_ONLY,REOPTIMIZE,S00,,,114712.232625,114712.232625,0.0,0.0,0.0,1.0,1.0,11493.487500000001,0.11276136031348154,0.0,0,2f0ea2d0af2af5424cf947866a6b1e9ca121859c,51aebd06edf8f5d6d124d0f3eebdbb901e63274f,UNIT_COST_BASED
R3_NETWORK_ONLY,REOPTIMIZE,S05_E5,E5,TRANSPORT_NETWORK_DISRUPTION,114712.23262499999,114712.23262499999,0.0,0.0,0.0,1.0,1.0,11493.4875,0.11276136031348152,11493.4875,3831.1625,2f0ea2d0af2af5424cf947866a6b1e9ca121859c,51aebd06edf8f5d6d124d0f3eebdbb901e63274f,UNIT_COST_BASED
R3_NETWORK_ONLY,REOPTIMIZE,S06_E6,E6,TRANSPORT_NETWORK_DISRUPTION,114712.23262499999,114712.23262499999,0.0,0.0,0.0,1.0,1.0,11493.487500000001,0.11276136031348154,6955.0,0.0,2f0ea2d0af2af5424cf947866a6b1e9ca121859c,51aebd06edf8f5d6d124d0f3eebdbb901e63274f,UNIT_COST_BASED
R3_NETWORK_ONLY,REOPTIMIZE,S21_E5_E6,E5|E6,TRANSPORT_NETWORK_DISRUPTION,114712.23262499999,114712.23262499999,0.0,0.0,0.0,1.0,1.0,11493.4875,0.11276136031348152,18448.4875,3831.1625,2f0ea2d0af2af5424cf947866a6b1e9ca121859c,51aebd06edf8f5d6d124d0f3eebdbb901e63274f,UNIT_COST_BASED
R4_DEMAND_PLUS_REGIONAL,KEEP,S00,,,110689.51200000002,110689.51200000002,0.0,0.0,0.0,1.0,1.0,0.0,0.0,0.0,0,2f0ea2d0af2af5424cf947866a6b1e9ca121859c,51aebd06edf8f5d6d124d0f3eebdbb901e63274f,UNIT_COST_BASED
R4_DEMAND_PLUS_REGIONAL,KEEP,S01_E1,E1,FLASH_DEMAND_SURGE,271445.5219999993,114584.33450000001,50379.6374999999,106481.54999999936,3731.8249999999925,0.6309143507071513,0.8378542840389996,449.0500000000002,0.004289293120099923,0.0,0,2f0ea2d0af2af5424cf947866a6b1e9ca121859c,51aebd06edf8f5d6d124d0f3eebdbb901e63274f,UNIT_COST_BASED
R4_DEMAND_PLUS_REGIONAL,KEEP,S02_E2,E2,FLASH_DEMAND_SURGE,118854.17825000001,118854.17825000001,0.0,0.0,0.0,1.0,1.0,3174.4750000000004,0.02912866525018298,0.0,0,2f0ea2d0af2af5424cf947866a6b1e9ca121859c,51aebd06edf8f5d6d124d0f3eebdbb901e63274f,UNIT_COST_BASED
R4_DEMAND_PLUS_REGIONAL,KEEP,S03_E3,E3,REGIONAL_EMERGENCY_DISRUPTION,122135.08903000002,122135.08903000002,0.0,0.0,0.0,1.0,1.0,16161.505799999999,0.15071850918963847,15906.599999999999,15651.694199999998,2f0ea2d0af2af5424cf947866a6b1e9ca121859c,51aebd06edf8f5d6d124d0f3eebdbb901e63274f,UNIT_COST_BASED
R4_DEMAND_PLUS_REGIONAL,KEEP,S04_E4,E4,REGIONAL_EMERGENCY_DISRUPTION,1334034.1963,125423.72542500001,245245.25512500003,963365.21575,17352.32525,0.5,0.6648906344943821,38541.175,0.3756348198778376,39059.72525,39059.72525,2f0ea2d0af2af5424cf947866a6b1e9ca121859c,51aebd06edf8f5d6d124d0f3eebdbb901e63274f,UNIT_COST_BASED
R4_DEMAND_PLUS_REGIONAL,KEEP,S07_E1_E2,E1|E2,FLASH_DEMAND_SURGE,279610.1882499993,122749.00075000002,50379.6374999999,106481.54999999936,3731.8249999999925,0.6309143507071513,0.8378542840389996,3623.5250000000005,0.03242687269379051,0.0,0,2f0ea2d0af2af5424cf947866a6b1e9ca121859c,51aebd06edf8f5d6d124d0f3eebdbb901e63274f,UNIT_COST_BASED
R4_DEMAND_PLUS_REGIONAL,KEEP,S08_E1_E3,E1|E3,FLASH_DEMAND_SURGE|REGIONAL_EMERGENCY_DISRUPTION,363794.9690299991,124421.78153000004,64303.537499999875,175069.64999999924,4763.224999999991,0.5,0.8873084395545481,14962.755799999999,0.13732122779644335,15906.599999999999,15651.694199999998,2f0ea2d0af2af5424cf947866a6b1e9ca121859c,51aebd06edf8f5d6d124d0f3eebdbb901e63274f,UNIT_COST_BASED
R4_DEMAND_PLUS_REGIONAL,KEEP,S09_E1_E4,E1|E4,FLASH_DEMAND_SURGE|REGIONAL_EMERGENCY_DISRUPTION,1591081.7362999998,129158.46542500002,293959.255125,1167964.0157499998,20599.92525,0.5,0.6648906344943821,38541.175,0.36410995151384695,42307.32525,42307.32525,2f0ea2d0af2af5424cf947866a6b1e9ca121859c,51aebd06edf8f5d6d124d0f3eebdbb901e63274f,UNIT_COST_BASED
R4_DEMAND_PLUS_REGIONAL,KEEP,S12_E2_E3,E2|E3,FLASH_DEMAND_SURGE|REGIONAL_EMERGENCY_DISRUPTION,139852.84277999992,130246.24278000003,9606.599999999882,0.0,711.5999999999913,0.9663717817851881,0.9766847526932455,21216.230800000012,0.1868090753390358,19433.399999999998,16938.969199999996,2f0ea2d0af2af5424cf947866a6b1e9ca121859c,51aebd06edf8f5d6d124d0f3eebdbb901e63274f,UNIT_COST_BASED
R4_DEMAND_PLUS_REGIONAL,KEEP,S13_E2_E4,E2|E4,FLASH_DEMAND_SURGE|REGIONAL_EMERGENCY_DISRUPTION,1426954.8962999997,129197.02542500001,290899.55512499996,1006858.3157499996,20734.125249999997,0.5,0.5518619230860309,38831.17500000001,0.36538537000645416,39059.72525,39059.72525,2f0ea2d0af2af5424cf947866a6b1e9ca121859c,51aebd06edf8f5d6d124d0f3eebdbb901e63274f,UNIT_COST_BASED
R4_DEMAND_PLUS_REGIONAL,KEEP,S16_E3_E4,E3|E4,REGIONAL_EMERGENCY_DISRUPTION,1451067.3413,132832.80792500003,266867.41762499994,1051367.1157499999,18803.10025,0.5,0.6617831637855314,47896.825000000004,0.4499289355189158,54966.32525,43232.72525,2f0ea2d0af2af5424cf947866a6b1e9ca121859c,51aebd06edf8f5d6d124d0f3eebdbb901e63274f,UNIT_COST_BASED
R4_DEMAND_PLUS_REGIONAL,REOPTIMIZE,S00,,,112151.70211176651,112151.70211176651,0.0,0.0,0.0,1.0,1.0,4177.686033618582,0.040986824940077105,0.0,0,2f0ea2d0af2af5424cf947866a6b1e9ca121859c,51aebd06edf8f5d6d124d0f3eebdbb901e63274f,UNIT_COST_BASED
R4_DEMAND_PLUS_REGIONAL,REOPTIMIZE,S01_E1,E1,FLASH_DEMAND_SURGE,121894.5021117665,121894.5021117665,0.0,0.0,0.0,1.0,1.0,10672.886033618579,0.09843771265886789,0.0,0,2f0ea2d0af2af5424cf947866a6b1e9ca121859c,51aebd06edf8f5d6d124d0f3eebdbb901e63274f,UNIT_COST_BASED
R4_DEMAND_PLUS_REGIONAL,REOPTIMIZE,S02_E2,E2,FLASH_DEMAND_SURGE,126620.4513479199,121124.46330774947,5495.988040170435,0.0,407.11022519781,0.9783562529135224,0.9847006258944964,10824.175808420774,0.09969397220810076,0.0,0,2f0ea2d0af2af5424cf947866a6b1e9ca121859c,51aebd06edf8f5d6d124d0f3eebdbb901e63274f,UNIT_COST_BASED
R4_DEMAND_PLUS_REGIONAL,REOPTIMIZE,S03_E3,E3,REGIONAL_EMERGENCY_DISRUPTION,124492.75211176653,124492.75211176653,0.0,0.0,0.0,1.0,1.0,22897.686033618582,0.21353858641559248,15906.599999999999,14548.8,2f0ea2d0af2af5424cf947866a6b1e9ca121859c,51aebd06edf8f5d6d124d0f3eebdbb901e63274f,UNIT_COST_BASED
R4_DEMAND_PLUS_REGIONAL,REOPTIMIZE,S04_E4,E4,REGIONAL_EMERGENCY_DISRUPTION,237003.56722500004,142919.6606,79813.69087500003,14270.215749999992,5912.125250000003,0.781040261595391,0.8024011181346391,52703.6,0.4621380657990155,39059.72525,39059.72525,2f0ea2d0af2af5424cf947866a6b1e9ca121859c,51aebd06edf8f5d6d124d0f3eebdbb901e63274f,UNIT_COST_BASED
R4_DEMAND_PLUS_REGIONAL,REOPTIMIZE,S07_E1_E2,E1|E2,FLASH_DEMAND_SURGE,136363.2513479199,130867.26330774947,5495.988040170435,0.0,407.11022519781,0.9783562529135224,0.9847006258944964,17319.375808420773,0.15051266611308015,0.0,0,2f0ea2d0af2af5424cf947866a6b1e9ca121859c,51aebd06edf8f5d6d124d0f3eebdbb901e63274f,UNIT_COST_BASED
R4_DEMAND_PLUS_REGIONAL,REOPTIMIZE,S08_E1_E3,E1|E3,FLASH_DEMAND_SURGE|REGIONAL_EMERGENCY_DISRUPTION,134235.5521117665,134235.5521117665,0.0,0.0,0.0,1.0,1.0,29392.88603361858,0.25845594929219856,15906.599999999999,14548.8,2f0ea2d0af2af5424cf947866a6b1e9ca121859c,51aebd06edf8f5d6d124d0f3eebdbb901e63274f,UNIT_COST_BASED
R4_DEMAND_PLUS_REGIONAL,REOPTIMIZE,S09_E1_E4,E1|E4,FLASH_DEMAND_SURGE|REGIONAL_EMERGENCY_DISRUPTION,549612.0372249999,145895.7359178484,133549.44570385086,270166.85560330056,9892.551533618584,0.523629156089059,0.6693647310942048,51237.947432762834,0.43959280174106075,42307.32525,42307.32525,2f0ea2d0af2af5424cf947866a6b1e9ca121859c,51aebd06edf8f5d6d124d0f3eebdbb901e63274f,UNIT_COST_BASED
R4_DEMAND_PLUS_REGIONAL,REOPTIMIZE,S12_E2_E3,E2|E3,FLASH_DEMAND_SURGE|REGIONAL_EMERGENCY_DISRUPTION,253488.62711176617,128700.52330774948,49905.58804017039,74882.51576384631,3696.7102251978067,0.8253038531058463,0.8788789866190334,25328.775808420774,0.22904013808179888,19433.399999999998,15474.6,2f0ea2d0af2af5424cf947866a6b1e9ca121859c,51aebd06edf8f5d6d124d0f3eebdbb901e63274f,UNIT_COST_BASED
R4_DEMAND_PLUS_REGIONAL,REOPTIMIZE,S13_E2_E4,E2|E4,FLASH_DEMAND_SURGE|REGIONAL_EMERGENCY_DISRUPTION,549612.0372250001,145721.07679598295,137169.9289151705,266721.03151384665,10160.735475197815,0.5,0.7083096791504323,52693.38977480219,0.4509568460487735,39059.72525,39059.72525,2f0ea2d0af2af5424cf947866a6b1e9ca121859c,51aebd06edf8f5d6d124d0f3eebdbb901e63274f,UNIT_COST_BASED
R4_DEMAND_PLUS_REGIONAL,REOPTIMIZE,S16_E3_E4,E3|E4,REGIONAL_EMERGENCY_DISRUPTION,549612.0372249997,145904.6306,136149.19087500003,267558.21574999974,10085.125250000003,0.5,0.662928407534648,56614.799999999996,0.4915666468668177,54966.32525,43232.72525,2f0ea2d0af2af5424cf947866a6b1e9ca121859c,51aebd06edf8f5d6d124d0f3eebdbb901e63274f,UNIT_COST_BASED
R5_DEMAND_PLUS_NETWORK,KEEP,S00,,,110689.51200000002,110689.51200000002,0.0,0.0,0.0,1.0,1.0,0.0,0.0,0.0,0,2f0ea2d0af2af5424cf947866a6b1e9ca121859c,51aebd06edf8f5d6d124d0f3eebdbb901e63274f,UNIT_COST_BASED
R5_DEMAND_PLUS_NETWORK,KEEP,S01_E1,E1,FLASH_DEMAND_SURGE,271445.5219999993,114584.33450000001,50379.6374999999,106481.54999999936,3731.8249999999925,0.6309143507071513,0.8378542840389996,449.0500000000002,0.004289293120099923,0.0,0,2f0ea2d0af2af5424cf947866a6b1e9ca121859c,51aebd06edf8f5d6d124d0f3eebdbb901e63274f,UNIT_COST_BASED
R5_DEMAND_PLUS_NETWORK,KEEP,S02_E2,E2,FLASH_DEMAND_SURGE,118854.17825000001,118854.17825000001,0.0,0.0,0.0,1.0,1.0,3174.4750000000004,0.02912866525018298,0.0,0,2f0ea2d0af2af5424cf947866a6b1e9ca121859c,51aebd06edf8f5d6d124d0f3eebdbb901e63274f,UNIT_COST_BASED
R5_DEMAND_PLUS_NETWORK,KEEP,S05_E5,E5,TRANSPORT_NETWORK_DISRUPTION,124305.07199999999,115989.77199999998,8315.299999999997,0.0,593.9499999999998,0.9043866709594334,0.9612421817137748,16925.449999999997,0.16702705228478787,11493.4875,3831.1625,2f0ea2d0af2af5424cf947866a6b1e9ca121859c,51aebd06edf8f5d6d124d0f3eebdbb901e63274f,UNIT_COST_BASED
R5_DEMAND_PLUS_NETWORK,KEEP,S06_E6,E6,TRANSPORT_NETWORK_DISRUPTION,110689.51200000002,110689.51200000002,0.0,0.0,0.0,1.0,1.0,0.0,0.0,6955.0,0.0,2f0ea2d0af2af5424cf947866a6b1e9ca121859c,51aebd06edf8f5d6d124d0f3eebdbb901e63274f,UNIT_COST_BASED
R5_DEMAND_PLUS_NETWORK,KEEP,S07_E1_E2,E1|E2,FLASH_DEMAND_SURGE,279610.1882499993,122749.00075000002,50379.6374999999,106481.54999999936,3731.8249999999925,0.6309143507071513,0.8378542840389996,3623.5250000000005,0.03242687269379051,0.0,0,2f0ea2d0af2af5424cf947866a6b1e9ca121859c,51aebd06edf8f5d6d124d0f3eebdbb901e63274f,UNIT_COST_BASED
R5_DEMAND_PLUS_NETWORK,KEEP,S10_E1_E5,E1|E5,FLASH_DEMAND_SURGE|TRANSPORT_NETWORK_DISRUPTION,276381.2832499993,119223.12075,50676.612499999894,106481.54999999936,3731.8249999999925,0.13222483407079844,0.8395441296788713,13787.575000000004,0.13169791914121295,11493.4875,3831.1625,2f0ea2d0af2af5424cf947866a6b1e9ca121859c,51aebd06edf8f5d6d124d0f3eebdbb901e63274f,UNIT_COST_BASED
R5_DEMAND_PLUS_NETWORK,KEEP,S11_E1_E6,E1|E6,FLASH_DEMAND_SURGE|TRANSPORT_NETWORK_DISRUPTION,271445.52199999924,114584.3345,50379.6374999999,106481.54999999936,3731.8249999999925,0.6309143507071513,0.8378542840389996,449.0500000000002,0.004289293120099923,6955.0,0.0,2f0ea2d0af2af5424cf947866a6b1e9ca121859c,51aebd06edf8f5d6d124d0f3eebdbb901e63274f,UNIT_COST_BASED
R5_DEMAND_PLUS_NETWORK,KEEP,S14_E2_E5,E2|E5,FLASH_DEMAND_SURGE|TRANSPORT_NETWORK_DISRUPTION,133827.43199999997,125512.13199999998,8315.299999999997,0.0,593.9499999999998,0.9043866709594334,0.9612421817137748,23979.05,0.22123510265535543,11493.4875,3831.1625,2f0ea2d0af2af5424cf947866a6b1e9ca121859c,51aebd06edf8f5d6d124d0f3eebdbb901e63274f,UNIT_COST_BASED
R5_DEMAND_PLUS_NETWORK,KEEP,S15_E2_E6,E2|E6,FLASH_DEMAND_SURGE|TRANSPORT_NETWORK_DISRUPTION,118854.17825000001,118854.17825000001,0.0,0.0,0.0,1.0,1.0,3174.4750000000004,0.02912866525018298,6955.0,0.0,2f0ea2d0af2af5424cf947866a6b1e9ca121859c,51aebd06edf8f5d6d124d0f3eebdbb901e63274f,UNIT_COST_BASED
R5_DEMAND_PLUS_NETWORK,KEEP,S21_E5_E6,E5|E6,TRANSPORT_NETWORK_DISRUPTION,124305.07199999999,115989.77199999998,8315.299999999997,0.0,593.9499999999998,0.9043866709594334,0.9612421817137748,16925.449999999997,0.16702705228478787,18448.4875,3831.1625,2f0ea2d0af2af5424cf947866a6b1e9ca121859c,51aebd06edf8f5d6d124d0f3eebdbb901e63274f,UNIT_COST_BASED
R5_DEMAND_PLUS_NETWORK,REOPTIMIZE,S00,,,110689.51200000002,110689.51200000002,0.0,0.0,0.0,1.0,1.0,0.0,0.0,0.0,0,2f0ea2d0af2af5424cf947866a6b1e9ca121859c,51aebd06edf8f5d6d124d0f3eebdbb901e63274f,UNIT_COST_BASED
R5_DEMAND_PLUS_NETWORK,REOPTIMIZE,S01_E1,E1,FLASH_DEMAND_SURGE,118519.87608783784,118519.87608783784,0.0,0.0,0.0,1.0,1.0,1031.0973938223906,0.009509974027332833,0.0,0,2f0ea2d0af2af5424cf947866a6b1e9ca121859c,51aebd06edf8f5d6d124d0f3eebdbb901e63274f,UNIT_COST_BASED
R5_DEMAND_PLUS_NETWORK,REOPTIMIZE,S02_E2,E2,FLASH_DEMAND_SURGE,117743.11200000001,117743.11200000001,0.0,0.0,0.0,1.0,1.0,0.0,0.0,0.0,0,2f0ea2d0af2af5424cf947866a6b1e9ca121859c,51aebd06edf8f5d6d124d0f3eebdbb901e63274f,UNIT_COST_BASED
R5_DEMAND_PLUS_NETWORK,REOPTIMIZE,S05_E5,E5,TRANSPORT_NETWORK_DISRUPTION,116975.85108783783,116809.21460135134,166.6364864864936,0.0,11.902606177606685,0.9980839333262063,0.9992233032286149,17520.572393822393,0.17191251216613557,11493.4875,3831.1625,2f0ea2d0af2af5424cf947866a6b1e9ca121859c,51aebd06edf8f5d6d124d0f3eebdbb901e63274f,UNIT_COST_BASED
R5_DEMAND_PLUS_NETWORK,REOPTIMIZE,S06_E6,E6,TRANSPORT_NETWORK_DISRUPTION,110689.51200000002,110689.51200000002,0.0,0.0,0.0,1.0,1.0,0.0,0.0,6955.0,0.0,2f0ea2d0af2af5424cf947866a6b1e9ca121859c,51aebd06edf8f5d6d124d0f3eebdbb901e63274f,UNIT_COST_BASED
R5_DEMAND_PLUS_NETWORK,REOPTIMIZE,S07_E1_E2,E1|E2,FLASH_DEMAND_SURGE,125573.47608783784,125573.47608783784,0.0,0.0,0.0,1.0,1.0,1031.0973938223906,0.008929079657943687,0.0,0,2f0ea2d0af2af5424cf947866a6b1e9ca121859c,51aebd06edf8f5d6d124d0f3eebdbb901e63274f,UNIT_COST_BASED
R5_DEMAND_PLUS_NETWORK,REOPTIMIZE,S10_E1_E5,E1|E5,FLASH_DEMAND_SURGE|TRANSPORT_NETWORK_DISRUPTION,124445.33108783783,124278.69460135134,166.6364864864936,0.0,11.902606177606685,0.9980839333262063,0.9992233032286149,17520.572393822393,0.1616127466873022,11493.4875,3831.1625,2f0ea2d0af2af5424cf947866a6b1e9ca121859c,51aebd06edf8f5d6d124d0f3eebdbb901e63274f,UNIT_COST_BASED
R5_DEMAND_PLUS_NETWORK,REOPTIMIZE,S11_E1_E6,E1|E6,FLASH_DEMAND_SURGE|TRANSPORT_NETWORK_DISRUPTION,118519.87608783784,118519.87608783784,0.0,0.0,0.0,1.0,1.0,1031.0973938223906,0.009509974027332833,6955.0,0.0,2f0ea2d0af2af5424cf947866a6b1e9ca121859c,51aebd06edf8f5d6d124d0f3eebdbb901e63274f,UNIT_COST_BASED
R5_DEMAND_PLUS_NETWORK,REOPTIMIZE,S14_E2_E5,E2|E5,FLASH_DEMAND_SURGE|TRANSPORT_NETWORK_DISRUPTION,125573.47608783783,125406.83960135134,166.6364864864936,0.0,11.902606177606685,0.9980839333262063,0.9992233032286149,21932.072393822396,0.20126848571859585,11493.4875,3831.1625,2f0ea2d0af2af5424cf947866a6b1e9ca121859c,51aebd06edf8f5d6d124d0f3eebdbb901e63274f,UNIT_COST_BASED
R5_DEMAND_PLUS_NETWORK,REOPTIMIZE,S15_E2_E6,E2|E6,FLASH_DEMAND_SURGE|TRANSPORT_NETWORK_DISRUPTION,117743.11200000001,117743.11200000001,0.0,0.0,0.0,1.0,1.0,0.0,0.0,6955.0,0.0,2f0ea2d0af2af5424cf947866a6b1e9ca121859c,51aebd06edf8f5d6d124d0f3eebdbb901e63274f,UNIT_COST_BASED
R5_DEMAND_PLUS_NETWORK,REOPTIMIZE,S21_E5_E6,E5|E6,TRANSPORT_NETWORK_DISRUPTION,116975.85108783783,116809.21460135134,166.6364864864936,0.0,11.902606177606685,0.9980839333262063,0.9992233032286149,17520.572393822393,0.17191251216613557,18448.4875,3831.1625,2f0ea2d0af2af5424cf947866a6b1e9ca121859c,51aebd06edf8f5d6d124d0f3eebdbb901e63274f,UNIT_COST_BASED
R6_REGIONAL_PLUS_NETWORK,KEEP,S00,,,110689.51200000002,110689.51200000002,0.0,0.0,0.0,1.0,1.0,0.0,0.0,0.0,0,2f0ea2d0af2af5424cf947866a6b1e9ca121859c,51aebd06edf8f5d6d124d0f3eebdbb901e63274f,UNIT_COST_BASED
R6_REGIONAL_PLUS_NETWORK,KEEP,S03_E3,E3,REGIONAL_EMERGENCY_DISRUPTION,122135.08903000002,122135.08903000002,0.0,0.0,0.0,1.0,1.0,16161.505799999999,0.15071850918963847,15906.599999999999,15651.694199999998,2f0ea2d0af2af5424cf947866a6b1e9ca121859c,51aebd06edf8f5d6d124d0f3eebdbb901e63274f,UNIT_COST_BASED
R6_REGIONAL_PLUS_NETWORK,KEEP,S04_E4,E4,REGIONAL_EMERGENCY_DISRUPTION,1334034.1963,125423.72542500001,245245.25512500003,963365.21575,17352.32525,0.5,0.6648906344943821,38541.175,0.3756348198778376,39059.72525,39059.72525,2f0ea2d0af2af5424cf947866a6b1e9ca121859c,51aebd06edf8f5d6d124d0f3eebdbb901e63274f,UNIT_COST_BASED
R6_REGIONAL_PLUS_NETWORK,KEEP,S05_E5,E5,TRANSPORT_NETWORK_DISRUPTION,124305.07199999999,115989.77199999998,8315.299999999997,0.0,593.9499999999998,0.9043866709594334,0.9612421817137748,16925.449999999997,0.16702705228478787,11493.4875,3831.1625,2f0ea2d0af2af5424cf947866a6b1e9ca121859c,51aebd06edf8f5d6d124d0f3eebdbb901e63274f,UNIT_COST_BASED
R6_REGIONAL_PLUS_NETWORK,KEEP,S06_E6,E6,TRANSPORT_NETWORK_DISRUPTION,110689.51200000002,110689.51200000002,0.0,0.0,0.0,1.0,1.0,0.0,0.0,6955.0,0.0,2f0ea2d0af2af5424cf947866a6b1e9ca121859c,51aebd06edf8f5d6d124d0f3eebdbb901e63274f,UNIT_COST_BASED
R6_REGIONAL_PLUS_NETWORK,KEEP,S16_E3_E4,E3|E4,REGIONAL_EMERGENCY_DISRUPTION,1451067.3413,132832.80792500003,266867.41762499994,1051367.1157499999,18803.10025,0.5,0.6617831637855314,47896.825000000004,0.4499289355189158,54966.32525,43232.72525,2f0ea2d0af2af5424cf947866a6b1e9ca121859c,51aebd06edf8f5d6d124d0f3eebdbb901e63274f,UNIT_COST_BASED
R6_REGIONAL_PLUS_NETWORK,KEEP,S17_E3_E5,E3|E5,REGIONAL_EMERGENCY_DISRUPTION|TRANSPORT_NETWORK_DISRUPTION,146184.68075,124924.98075000002,21259.699999999997,0.0,1518.5499999999997,0.7555457179652286,0.9009080142123964,28688.274999999998,0.27138353429677287,27400.087499999998,16931.025,2f0ea2d0af2af5424cf947866a6b1e9ca121859c,51aebd06edf8f5d6d124d0f3eebdbb901e63274f,UNIT_COST_BASED
R6_REGIONAL_PLUS_NETWORK,KEEP,S18_E3_E6,E3|E6,REGIONAL_EMERGENCY_DISRUPTION|TRANSPORT_NETWORK_DISRUPTION,223846.38902999985,115040.98903000003,70940.99999999999,37864.39999999985,4173.0,0.5,0.5,11988.5058,0.11632918314363444,24252.6,15906.599999999999,2f0ea2d0af2af5424cf947866a6b1e9ca121859c,51aebd06edf8f5d6d124d0f3eebdbb901e63274f,UNIT_COST_BASED
R6_REGIONAL_PLUS_NETWORK,KEEP,S19_E4_E5,E4|E5,REGIONAL_EMERGENCY_DISRUPTION|TRANSPORT_NETWORK_DISRUPTION,1944506.554425,118203.92104999999,367198.292625,1459104.34075,26123.587750000002,0.25,0.5378695435132287,43985.625,0.4687724167593152,50553.212750000006,42890.88775,2f0ea2d0af2af5424cf947866a6b1e9ca121859c,51aebd06edf8f5d6d124d0f3eebdbb901e63274f,UNIT_COST_BASED
R6_REGIONAL_PLUS_NETWORK,KEEP,S20_E4_E6,E4|E6,REGIONAL_EMERGENCY_DISRUPTION|TRANSPORT_NETWORK_DISRUPTION,1334034.1963,125423.72542500001,245245.25512500003,963365.21575,17352.32525,0.5,0.6648906344943821,38541.175,0.3756348198778376,46014.72525,39059.72525,2f0ea2d0af2af5424cf947866a6b1e9ca121859c,51aebd06edf8f5d6d124d0f3eebdbb901e63274f,UNIT_COST_BASED
R6_REGIONAL_PLUS_NETWORK,KEEP,S21_E5_E6,E5|E6,TRANSPORT_NETWORK_DISRUPTION,124305.07199999999,115989.77199999998,8315.299999999997,0.0,593.9499999999998,0.9043866709594334,0.9612421817137748,16925.449999999997,0.16702705228478787,18448.4875,3831.1625,2f0ea2d0af2af5424cf947866a6b1e9ca121859c,51aebd06edf8f5d6d124d0f3eebdbb901e63274f,UNIT_COST_BASED
R6_REGIONAL_PLUS_NETWORK,REOPTIMIZE,S00,,,113805.47458750001,113805.47458750001,0.0,0.0,0.0,1.0,1.0,8902.75025,0.08734391791187729,0.0,0,2f0ea2d0af2af5424cf947866a6b1e9ca121859c,51aebd06edf8f5d6d124d0f3eebdbb901e63274f,UNIT_COST_BASED
R6_REGIONAL_PLUS_NETWORK,REOPTIMIZE,S03_E3,E3,REGIONAL_EMERGENCY_DISRUPTION,147091.50819583848,125173.99863101794,21917.509564820542,0.0,1623.519227023744,0.8849155589327617,0.9308175143594573,29482.731022976255,0.27917609590666387,15906.599999999999,12235.14975,2f0ea2d0af2af5424cf947866a6b1e9ca121859c,51aebd06edf8f5d6d124d0f3eebdbb901e63274f,UNIT_COST_BASED
R6_REGIONAL_PLUS_NETWORK,REOPTIMIZE,S04_E4,E4,REGIONAL_EMERGENCY_DISRUPTION,739883.7828955422,132047.46406405963,166151.7221898206,441684.59664166195,12307.534977023748,0.5648404553538313,0.5886495892524077,39912.78054595251,0.37077271884456636,39059.72525,39059.72525,2f0ea2d0af2af5424cf947866a6b1e9ca121859c,51aebd06edf8f5d6d124d0f3eebdbb901e63274f,UNIT_COST_BASED
R6_REGIONAL_PLUS_NETWORK,REOPTIMIZE,S05_E5,E5,TRANSPORT_NETWORK_DISRUPTION,117087.525125,117087.525125,0.0,0.0,0.0,1.0,1.0,18280.037500000002,0.17934346690518907,11493.4875,2362.212499999999,2f0ea2d0af2af5424cf947866a6b1e9ca121859c,51aebd06edf8f5d6d124d0f3eebdbb901e63274f,UNIT_COST_BASED
R6_REGIONAL_PLUS_NETWORK,REOPTIMIZE,S06_E6,E6,TRANSPORT_NETWORK_DISRUPTION,113805.47458750001,113805.47458750001,0.0,0.0,0.0,1.0,1.0,8902.75025,0.08734391791187729,6955.0,0.0,2f0ea2d0af2af5424cf947866a6b1e9ca121859c,51aebd06edf8f5d6d124d0f3eebdbb901e63274f,UNIT_COST_BASED
R6_REGIONAL_PLUS_NETWORK,REOPTIMIZE,S16_E3_E4,E3|E4,REGIONAL_EMERGENCY_DISRUPTION,1166052.5496250007,134040.23079351796,237731.42218982062,794280.8966416621,17609.73497702375,0.4999999999999999,0.5,44215.399772976256,0.4107422175147931,54966.32525,48107.51575,2f0ea2d0af2af5424cf947866a6b1e9ca121859c,51aebd06edf8f5d6d124d0f3eebdbb901e63274f,UNIT_COST_BASED
R6_REGIONAL_PLUS_NETWORK,REOPTIMIZE,S17_E3_E5,E3|E5,REGIONAL_EMERGENCY_DISRUPTION|TRANSPORT_NETWORK_DISRUPTION,148414.0881958385,126496.57863101794,21917.509564820568,0.0,1623.5192270237458,0.8849155589327615,0.9308175143594573,33261.531022976254,0.31495808063494307,27400.087499999998,14338.349750000001,2f0ea2d0af2af5424cf947866a6b1e9ca121859c,51aebd06edf8f5d6d124d0f3eebdbb901e63274f,UNIT_COST_BASED
R6_REGIONAL_PLUS_NETWORK,REOPTIMIZE,S18_E3_E6,E3|E6,REGIONAL_EMERGENCY_DISRUPTION|TRANSPORT_NETWORK_DISRUPTION,229645.28131695816,120839.88131695833,70940.99999999999,37864.39999999985,4173.0,0.5,0.5,28556.769477023743,0.2770975567683543,24252.6,15906.599999999999,2f0ea2d0af2af5424cf947866a6b1e9ca121859c,51aebd06edf8f5d6d124d0f3eebdbb901e63274f,UNIT_COST_BASED
R6_REGIONAL_PLUS_NETWORK,REOPTIMIZE,S19_E4_E5,E4|E5,REGIONAL_EMERGENCY_DISRUPTION|TRANSPORT_NETWORK_DISRUPTION,1166052.549625,131303.88824999996,236198.62062500004,798550.0407499999,17405.612750000004,0.4999999999999999,0.4999999999999999,52703.6,0.5139333326411472,50553.212750000006,42890.88775,2f0ea2d0af2af5424cf947866a6b1e9ca121859c,51aebd06edf8f5d6d124d0f3eebdbb901e63274f,UNIT_COST_BASED
R6_REGIONAL_PLUS_NETWORK,REOPTIMIZE,S20_E4_E6,E4|E6,REGIONAL_EMERGENCY_DISRUPTION|TRANSPORT_NETWORK_DISRUPTION,739883.7828955422,132047.46406405963,166151.7221898206,441684.59664166195,12307.534977023748,0.5648404553538313,0.5886495892524077,39912.78054595251,0.37077271884456636,46014.72525,39059.72525,2f0ea2d0af2af5424cf947866a6b1e9ca121859c,51aebd06edf8f5d6d124d0f3eebdbb901e63274f,UNIT_COST_BASED
R6_REGIONAL_PLUS_NETWORK,REOPTIMIZE,S21_E5_E6,E5|E6,TRANSPORT_NETWORK_DISRUPTION,117087.525125,117087.525125,0.0,0.0,0.0,1.0,1.0,18280.037500000002,0.17934346690518907,18448.4875,2278.1625,2f0ea2d0af2af5424cf947866a6b1e9ca121859c,51aebd06edf8f5d6d124d0f3eebdbb901e63274f,UNIT_COST_BASED
R7_FULL_COMPOUND,KEEP,S00,,,110689.51200000002,110689.51200000002,0.0,0.0,0.0,1.0,1.0,0.0,0.0,0.0,0,2f0ea2d0af2af5424cf947866a6b1e9ca121859c,51aebd06edf8f5d6d124d0f3eebdbb901e63274f,UNIT_COST_BASED
R7_FULL_COMPOUND,KEEP,S01_E1,E1,FLASH_DEMAND_SURGE,271445.5219999993,114584.33450000001,50379.6374999999,106481.54999999936,3731.8249999999925,0.6309143507071513,0.8378542840389996,449.0500000000002,0.004289293120099923,0.0,0,2f0ea2d0af2af5424cf947866a6b1e9ca121859c,51aebd06edf8f5d6d124d0f3eebdbb901e63274f,UNIT_COST_BASED
R7_FULL_COMPOUND,KEEP,S02_E2,E2,FLASH_DEMAND_SURGE,118854.17825000001,118854.17825000001,0.0,0.0,0.0,1.0,1.0,3174.4750000000004,0.02912866525018298,0.0,0,2f0ea2d0af2af5424cf947866a6b1e9ca121859c,51aebd06edf8f5d6d124d0f3eebdbb901e63274f,UNIT_COST_BASED
R7_FULL_COMPOUND,KEEP,S03_E3,E3,REGIONAL_EMERGENCY_DISRUPTION,122135.08903000002,122135.08903000002,0.0,0.0,0.0,1.0,1.0,16161.505799999999,0.15071850918963847,15906.599999999999,15651.694199999998,2f0ea2d0af2af5424cf947866a6b1e9ca121859c,51aebd06edf8f5d6d124d0f3eebdbb901e63274f,UNIT_COST_BASED
R7_FULL_COMPOUND,KEEP,S04_E4,E4,REGIONAL_EMERGENCY_DISRUPTION,1334034.1963,125423.72542500001,245245.25512500003,963365.21575,17352.32525,0.5,0.6648906344943821,38541.175,0.3756348198778376,39059.72525,39059.72525,2f0ea2d0af2af5424cf947866a6b1e9ca121859c,51aebd06edf8f5d6d124d0f3eebdbb901e63274f,UNIT_COST_BASED
R7_FULL_COMPOUND,KEEP,S05_E5,E5,TRANSPORT_NETWORK_DISRUPTION,124305.07199999999,115989.77199999998,8315.299999999997,0.0,593.9499999999998,0.9043866709594334,0.9612421817137748,16925.449999999997,0.16702705228478787,11493.4875,3831.1625,2f0ea2d0af2af5424cf947866a6b1e9ca121859c,51aebd06edf8f5d6d124d0f3eebdbb901e63274f,UNIT_COST_BASED
R7_FULL_COMPOUND,KEEP,S06_E6,E6,TRANSPORT_NETWORK_DISRUPTION,110689.51200000002,110689.51200000002,0.0,0.0,0.0,1.0,1.0,0.0,0.0,6955.0,0.0,2f0ea2d0af2af5424cf947866a6b1e9ca121859c,51aebd06edf8f5d6d124d0f3eebdbb901e63274f,UNIT_COST_BASED
R7_FULL_COMPOUND,KEEP,S07_E1_E2,E1|E2,FLASH_DEMAND_SURGE,279610.1882499993,122749.00075000002,50379.6374999999,106481.54999999936,3731.8249999999925,0.6309143507071513,0.8378542840389996,3623.5250000000005,0.03242687269379051,0.0,0,2f0ea2d0af2af5424cf947866a6b1e9ca121859c,51aebd06edf8f5d6d124d0f3eebdbb901e63274f,UNIT_COST_BASED
R7_FULL_COMPOUND,KEEP,S08_E1_E3,E1|E3,FLASH_DEMAND_SURGE|REGIONAL_EMERGENCY_DISRUPTION,363794.9690299991,124421.78153000004,64303.537499999875,175069.64999999924,4763.224999999991,0.5,0.8873084395545481,14962.755799999999,0.13732122779644335,15906.599999999999,15651.694199999998,2f0ea2d0af2af5424cf947866a6b1e9ca121859c,51aebd06edf8f5d6d124d0f3eebdbb901e63274f,UNIT_COST_BASED
R7_FULL_COMPOUND,KEEP,S09_E1_E4,E1|E4,FLASH_DEMAND_SURGE|REGIONAL_EMERGENCY_DISRUPTION,1591081.7362999998,129158.46542500002,293959.255125,1167964.0157499998,20599.92525,0.5,0.6648906344943821,38541.175,0.36410995151384695,42307.32525,42307.32525,2f0ea2d0af2af5424cf947866a6b1e9ca121859c,51aebd06edf8f5d6d124d0f3eebdbb901e63274f,UNIT_COST_BASED
R7_FULL_COMPOUND,KEEP,S10_E1_E5,E1|E5,FLASH_DEMAND_SURGE|TRANSPORT_NETWORK_DISRUPTION,276381.2832499993,119223.12075,50676.612499999894,106481.54999999936,3731.8249999999925,0.13222483407079844,0.8395441296788713,13787.575000000004,0.13169791914121295,11493.4875,3831.1625,2f0ea2d0af2af5424cf947866a6b1e9ca121859c,51aebd06edf8f5d6d124d0f3eebdbb901e63274f,UNIT_COST_BASED
R7_FULL_COMPOUND,KEEP,S11_E1_E6,E1|E6,FLASH_DEMAND_SURGE|TRANSPORT_NETWORK_DISRUPTION,271445.52199999924,114584.3345,50379.6374999999,106481.54999999936,3731.8249999999925,0.6309143507071513,0.8378542840389996,449.0500000000002,0.004289293120099923,6955.0,0.0,2f0ea2d0af2af5424cf947866a6b1e9ca121859c,51aebd06edf8f5d6d124d0f3eebdbb901e63274f,UNIT_COST_BASED
R7_FULL_COMPOUND,KEEP,S12_E2_E3,E2|E3,FLASH_DEMAND_SURGE|REGIONAL_EMERGENCY_DISRUPTION,139852.84277999992,130246.24278000003,9606.599999999882,0.0,711.5999999999913,0.9663717817851881,0.9766847526932455,21216.230800000012,0.1868090753390358,19433.399999999998,16938.969199999996,2f0ea2d0af2af5424cf947866a6b1e9ca121859c,51aebd06edf8f5d6d124d0f3eebdbb901e63274f,UNIT_COST_BASED
R7_FULL_COMPOUND,KEEP,S13_E2_E4,E2|E4,FLASH_DEMAND_SURGE|REGIONAL_EMERGENCY_DISRUPTION,1426954.8962999997,129197.02542500001,290899.55512499996,1006858.3157499996,20734.125249999997,0.5,0.5518619230860309,38831.17500000001,0.36538537000645416,39059.72525,39059.72525,2f0ea2d0af2af5424cf947866a6b1e9ca121859c,51aebd06edf8f5d6d124d0f3eebdbb901e63274f,UNIT_COST_BASED
R7_FULL_COMPOUND,KEEP,S14_E2_E5,E2|E5,FLASH_DEMAND_SURGE|TRANSPORT_NETWORK_DISRUPTION,133827.43199999997,125512.13199999998,8315.299999999997,0.0,593.9499999999998,0.9043866709594334,0.9612421817137748,23979.05,0.22123510265535543,11493.4875,3831.1625,2f0ea2d0af2af5424cf947866a6b1e9ca121859c,51aebd06edf8f5d6d124d0f3eebdbb901e63274f,UNIT_COST_BASED
R7_FULL_COMPOUND,KEEP,S15_E2_E6,E2|E6,FLASH_DEMAND_SURGE|TRANSPORT_NETWORK_DISRUPTION,118854.17825000001,118854.17825000001,0.0,0.0,0.0,1.0,1.0,3174.4750000000004,0.02912866525018298,6955.0,0.0,2f0ea2d0af2af5424cf947866a6b1e9ca121859c,51aebd06edf8f5d6d124d0f3eebdbb901e63274f,UNIT_COST_BASED
R7_FULL_COMPOUND,KEEP,S16_E3_E4,E3|E4,REGIONAL_EMERGENCY_DISRUPTION,1451067.3413,132832.80792500003,266867.41762499994,1051367.1157499999,18803.10025,0.5,0.6617831637855314,47896.825000000004,0.4499289355189158,54966.32525,43232.72525,2f0ea2d0af2af5424cf947866a6b1e9ca121859c,51aebd06edf8f5d6d124d0f3eebdbb901e63274f,UNIT_COST_BASED
R7_FULL_COMPOUND,KEEP,S17_E3_E5,E3|E5,REGIONAL_EMERGENCY_DISRUPTION|TRANSPORT_NETWORK_DISRUPTION,146184.68075,124924.98075000002,21259.699999999997,0.0,1518.5499999999997,0.7555457179652286,0.9009080142123964,28688.274999999998,0.27138353429677287,27400.087499999998,16931.025,2f0ea2d0af2af5424cf947866a6b1e9ca121859c,51aebd06edf8f5d6d124d0f3eebdbb901e63274f,UNIT_COST_BASED
R7_FULL_COMPOUND,KEEP,S18_E3_E6,E3|E6,REGIONAL_EMERGENCY_DISRUPTION|TRANSPORT_NETWORK_DISRUPTION,223846.38902999985,115040.98903000003,70940.99999999999,37864.39999999985,4173.0,0.5,0.5,11988.505799999999,0.11632918314363441,24252.6,15906.599999999999,2f0ea2d0af2af5424cf947866a6b1e9ca121859c,51aebd06edf8f5d6d124d0f3eebdbb901e63274f,UNIT_COST_BASED
R7_FULL_COMPOUND,KEEP,S19_E4_E5,E4|E5,REGIONAL_EMERGENCY_DISRUPTION|TRANSPORT_NETWORK_DISRUPTION,1944506.554425,118203.92104999999,367198.292625,1459104.34075,26123.587750000002,0.25,0.5378695435132287,43985.625,0.4687724167593152,50553.212750000006,42890.88775,2f0ea2d0af2af5424cf947866a6b1e9ca121859c,51aebd06edf8f5d6d124d0f3eebdbb901e63274f,UNIT_COST_BASED
R7_FULL_COMPOUND,KEEP,S20_E4_E6,E4|E6,REGIONAL_EMERGENCY_DISRUPTION|TRANSPORT_NETWORK_DISRUPTION,1334034.1963,125423.72542500001,245245.25512500003,963365.21575,17352.32525,0.5,0.6648906344943821,38541.175,0.3756348198778376,46014.72525,39059.72525,2f0ea2d0af2af5424cf947866a6b1e9ca121859c,51aebd06edf8f5d6d124d0f3eebdbb901e63274f,UNIT_COST_BASED
R7_FULL_COMPOUND,KEEP,S21_E5_E6,E5|E6,TRANSPORT_NETWORK_DISRUPTION,124305.07199999999,115989.77199999998,8315.299999999997,0.0,593.9499999999998,0.9043866709594334,0.9612421817137748,16925.449999999997,0.16702705228478787,18448.4875,3831.1625,2f0ea2d0af2af5424cf947866a6b1e9ca121859c,51aebd06edf8f5d6d124d0f3eebdbb901e63274f,UNIT_COST_BASED
R7_FULL_COMPOUND,REOPTIMIZE,S00,,,114091.41913365021,114091.41913365021,0.0,0.0,0.0,1.0,1.0,9719.734667572031,0.09535926349609093,0.0,0,2f0ea2d0af2af5424cf947866a6b1e9ca121859c,51aebd06edf8f5d6d124d0f3eebdbb901e63274f,UNIT_COST_BASED
R7_FULL_COMPOUND,REOPTIMIZE,S01_E1,E1,FLASH_DEMAND_SURGE,294979.89653719246,118478.72266992797,53554.96463722242,122946.20923004206,3967.034417572031,0.607651625203043,0.8276345659619226,12247.900249999997,0.11725449335658754,0.0,0,2f0ea2d0af2af5424cf947866a6b1e9ca121859c,51aebd06edf8f5d6d124d0f3eebdbb901e63274f,UNIT_COST_BASED
R7_FULL_COMPOUND,REOPTIMIZE,S02_E2,E2,FLASH_DEMAND_SURGE,188878.0332762582,119482.72550501332,39088.386286368965,30306.921484875937,2895.4360212125157,0.8460660502502704,0.891188292149731,13242.998646359518,0.12483302437407269,0.0,0,2f0ea2d0af2af5424cf947866a6b1e9ca121859c,51aebd06edf8f5d6d124d0f3eebdbb901e63274f,UNIT_COST_BASED
R7_FULL_COMPOUND,REOPTIMIZE,S03_E3,E3,REGIONAL_EMERGENCY_DISRUPTION,130562.0196910746,126884.61631607461,3677.40337499999,0.0,272.40024999999923,0.945745648103888,0.9883922986125315,30509.870188784545,0.2852527155813832,15906.599999999999,12895.263978787487,2f0ea2d0af2af5424cf947866a6b1e9ca121859c,51aebd06edf8f5d6d124d0f3eebdbb901e63274f,UNIT_COST_BASED
R7_FULL_COMPOUND,REOPTIMIZE,S04_E4,E4,REGIONAL_EMERGENCY_DISRUPTION,645291.4805327,134895.13200406628,143537.88854859144,366858.4599800423,10632.436188784552,0.5000000000000002,0.6446358266160506,43262.978122430904,0.3957365876052157,39059.72525,39059.72525,2f0ea2d0af2af5424cf947866a6b1e9ca121859c,51aebd06edf8f5d6d124d0f3eebdbb901e63274f,UNIT_COST_BASED
R7_FULL_COMPOUND,REOPTIMIZE,S05_E5,E5,TRANSPORT_NETWORK_DISRUPTION,117083.73967115021,117083.73967115021,0.0,0.0,0.0,1.0,1.0,18269.221917572035,0.17923735639807276,11493.4875,2373.0280824279666,2f0ea2d0af2af5424cf947866a6b1e9ca121859c,51aebd06edf8f5d6d124d0f3eebdbb901e63274f,UNIT_COST_BASED
R7_FULL_COMPOUND,REOPTIMIZE,S06_E6,E6,TRANSPORT_NETWORK_DISRUPTION,114091.41913365021,114091.41913365021,0.0,0.0,0.0,1.0,1.0,9719.734667572031,0.09535926349609093,6955.0,0.0,2f0ea2d0af2af5424cf947866a6b1e9ca121859c,51aebd06edf8f5d6d124d0f3eebdbb901e63274f,UNIT_COST_BASED
R7_FULL_COMPOUND,REOPTIMIZE,S07_E1_E2,E1|E2,FLASH_DEMAND_SURGE,369766.5106798004,123870.02904129108,92643.35092359138,153253.130714918,6862.470438784547,0.607651625203043,0.8276345659619226,15771.164228787484,0.14520396905589117,0.0,0,2f0ea2d0af2af5424cf947866a6b1e9ca121859c,51aebd06edf8f5d6d124d0f3eebdbb901e63274f,UNIT_COST_BASED
R7_FULL_COMPOUND,REOPTIMIZE,S08_E1_E3,E1|E3,FLASH_DEMAND_SURGE|REGIONAL_EMERGENCY_DISRUPTION,391810.74709461676,129120.16985235237,71156.2680122224,191534.309230042,5270.8346675720295,0.5,0.8770887214774709,29837.03577121251,0.2751121043810935,15906.599999999999,12895.263978787487,2f0ea2d0af2af5424cf947866a6b1e9ca121859c,51aebd06edf8f5d6d124d0f3eebdbb901e63274f,UNIT_COST_BASED
R7_FULL_COMPOUND,REOPTIMIZE,S09_E1_E4,E1|E4,FLASH_DEMAND_SURGE|REGIONAL_EMERGENCY_DISRUPTION,1166052.549625,136040.2010963667,231223.0885485914,798789.259980042,17127.63618878455,0.0,0.548405338152237,43750.946957574975,0.40020015276088133,42307.32525,40623.74083242797,2f0ea2d0af2af5424cf947866a6b1e9ca121859c,51aebd06edf8f5d6d124d0f3eebdbb901e63274f,UNIT_COST_BASED
R7_FULL_COMPOUND,REOPTIMIZE,S10_E1_E5,E1|E5,FLASH_DEMAND_SURGE|TRANSPORT_NETWORK_DISRUPTION,297972.2170746925,121471.04320742797,53554.96463722242,122946.20923004206,3967.034417572031,0.607651625203043,0.8276345659619226,20797.3875,0.19910246529425543,11493.4875,2278.1625,2f0ea2d0af2af5424cf947866a6b1e9ca121859c,51aebd06edf8f5d6d124d0f3eebdbb901e63274f,UNIT_COST_BASED
R7_FULL_COMPOUND,REOPTIMIZE,S11_E1_E6,E1|E6,FLASH_DEMAND_SURGE|TRANSPORT_NETWORK_DISRUPTION,294979.89653719246,118478.72266992797,53554.96463722242,122946.20923004206,3967.034417572031,0.607651625203043,0.8276345659619226,12247.900249999997,0.11725449335658754,6955.0,0.0,2f0ea2d0af2af5424cf947866a6b1e9ca121859c,51aebd06edf8f5d6d124d0f3eebdbb901e63274f,UNIT_COST_BASED
R7_FULL_COMPOUND,REOPTIMIZE,S12_E2_E3,E2|E3,FLASH_DEMAND_SURGE|REGIONAL_EMERGENCY_DISRUPTION,462836.4162262579,126595.70508001333,87175.38966136891,249065.32148487572,6457.436271212511,0.7077125618496223,0.7884250651617091,27202.79814635952,0.25228445547003714,19433.399999999998,17070.9,2f0ea2d0af2af5424cf947866a6b1e9ca121859c,51aebd06edf8f5d6d124d0f3eebdbb901e63274f,UNIT_COST_BASED
R7_FULL_COMPOUND,REOPTIMIZE,S13_E2_E4,E2|E4,FLASH_DEMAND_SURGE|REGIONAL_EMERGENCY_DISRUPTION,1166052.5496250005,133798.97961149065,238761.4885485915,793492.0814649183,17686.036188784554,0.5,0.5399606388969125,40131.11414364342,0.36708869470469313,39059.72525,39059.72525,2f0ea2d0af2af5424cf947866a6b1e9ca121859c,51aebd06edf8f5d6d124d0f3eebdbb901e63274f,UNIT_COST_BASED
R7_FULL_COMPOUND,REOPTIMIZE,S14_E2_E5,E2|E5,FLASH_DEMAND_SURGE|TRANSPORT_NETWORK_DISRUPTION,192092.5688137582,122697.26104251332,39088.386286368965,30306.921484875937,2895.4360212125157,0.8460660502502704,0.891188292149731,22427.38589635952,0.21140819273711925,11493.4875,2373.0280824279666,2f0ea2d0af2af5424cf947866a6b1e9ca121859c,51aebd06edf8f5d6d124d0f3eebdbb901e63274f,UNIT_COST_BASED
R7_FULL_COMPOUND,REOPTIMIZE,S15_E2_E6,E2|E6,FLASH_DEMAND_SURGE|TRANSPORT_NETWORK_DISRUPTION,188878.0332762582,119482.72550501332,39088.386286368965,30306.921484875937,2895.4360212125157,0.8460660502502704,0.891188292149731,13242.998646359518,0.12483302437407269,6955.0,0.0,2f0ea2d0af2af5424cf947866a6b1e9ca121859c,51aebd06edf8f5d6d124d0f3eebdbb901e63274f,UNIT_COST_BASED
R7_FULL_COMPOUND,REOPTIMIZE,S16_E3_E4,E3|E4,REGIONAL_EMERGENCY_DISRUPTION,1028500.6596250003,136359.08961149066,215117.58854859142,677023.9814649182,15934.636188784552,0.5,0.5054885196271229,46054.71414364342,0.42127325046283787,54966.32525,47943.30016757204,2f0ea2d0af2af5424cf947866a6b1e9ca121859c,51aebd06edf8f5d6d124d0f3eebdbb901e63274f,UNIT_COST_BASED
R7_FULL_COMPOUND,REOPTIMIZE,S17_E3_E5,E3|E5,REGIONAL_EMERGENCY_DISRUPTION|TRANSPORT_NETWORK_DISRUPTION,132188.5970836502,128511.19370865021,3677.40337499999,0.0,272.40024999999923,0.945745648103888,0.9883922986125315,35157.23416757203,0.32870334932847634,27400.087499999998,14129.9,2f0ea2d0af2af5424cf947866a6b1e9ca121859c,51aebd06edf8f5d6d124d0f3eebdbb901e63274f,UNIT_COST_BASED
R7_FULL_COMPOUND,REOPTIMIZE,S18_E3_E6,E3|E6,REGIONAL_EMERGENCY_DISRUPTION|TRANSPORT_NETWORK_DISRUPTION,229058.99674107443,120253.59674107461,70940.99999999999,37864.39999999985,4173.0,0.5,0.5,26881.670688784547,0.26084341492852986,24252.6,15906.599999999999,2f0ea2d0af2af5424cf947866a6b1e9ca121859c,51aebd06edf8f5d6d124d0f3eebdbb901e63274f,UNIT_COST_BASED
R7_FULL_COMPOUND,REOPTIMIZE,S19_E4_E5,E4|E5,REGIONAL_EMERGENCY_DISRUPTION|TRANSPORT_NETWORK_DISRUPTION,1166052.549625,131303.88825,236198.62062500004,798550.0407499999,17405.612750000004,0.4999999999999999,0.4999999999999999,52703.6,0.5139333326411472,50553.212750000006,42890.88775,2f0ea2d0af2af5424cf947866a6b1e9ca121859c,51aebd06edf8f5d6d124d0f3eebdbb901e63274f,UNIT_COST_BASED
R7_FULL_COMPOUND,REOPTIMIZE,S20_E4_E6,E4|E6,REGIONAL_EMERGENCY_DISRUPTION|TRANSPORT_NETWORK_DISRUPTION,645291.4805327,134895.13200406628,143537.88854859144,366858.4599800423,10632.436188784552,0.5000000000000002,0.6446358266160506,43262.978122430904,0.3957365876052157,46014.72525,39059.72525,2f0ea2d0af2af5424cf947866a6b1e9ca121859c,51aebd06edf8f5d6d124d0f3eebdbb901e63274f,UNIT_COST_BASED
R7_FULL_COMPOUND,REOPTIMIZE,S21_E5_E6,E5|E6,TRANSPORT_NETWORK_DISRUPTION,117083.73967115021,117083.73967115021,0.0,0.0,0.0,1.0,1.0,18269.221917572035,0.17923735639807276,18448.4875,2278.1625,2f0ea2d0af2af5424cf947866a6b1e9ca121859c,51aebd06edf8f5d6d124d0f3eebdbb901e63274f,UNIT_COST_BASED
