scenario_id,active_events,event_types,demand_multiplier_matrix,route_availability_matrix,base_commit,paper2_frozen_sha,calibration_id
S00,,,"[[1.0,1.0,1.0],[1.0,1.0,1.0],[1.0,1.0,1.0],[1.0,1.0,1.0],[1.0,1.0,1.0]]","[[1.0,1.0,1.0,1.0,1.0],[1.0,1.0,1.0,1.0,1.0]]",2f0ea2d0af2af5424cf947866a6b1e9ca121859c,51aebd06edf8f5d6d124d0f3eebdbb901e63274f,UNIT_COST_BASED
S01_E1,E1,FLASH_DEMAND_SURGE,"[[1.0,1.0,1.0],[1.0,1.4,1.0],[1.0,1.0,1.0],[1.0,1.0,1.0],[1.0,1.0,1.0]]","[[1.0,1.0,1.0,1.0,1.0],[1.0,1.0,1.0,1.0,1.0]]",2f0ea2d0af2af5424cf947866a6b1e9ca121859c,51aebd06edf8f5d6d124d0f3eebdbb901e63274f,UNIT_COST_BASED
S02_E2,E2,FLASH_DEMAND_SURGE,"[[1.6,1.0,1.0],[1.0,1.0,1.0],[1.0,1.0,1.0],[1.0,1.0,1.0],[1.0,1.0,1.0]]","[[1.0,1.0,1.0,1.0,1.0],[1.0,1.0,1.0,1.0,1.0]]",2f0ea2d0af2af5424cf947866a6b1e9ca121859c,51aebd06edf8f5d6d124d0f3eebdbb901e63274f,UNIT_COST_BASED
S03_E3,E3,REGIONAL_EMERGENCY_DISRUPTION,"[[1.2,1.2,1.2],[1.0,1.0,1.0],[1.2,1.2,1.2],[1.0,1.0,1.0],[1.0,1.0,1.0]]","[[0.5,1.0,1.0,1.0,1.0],[1.0,1.0,0.5,1.0,1.0]]",2f0ea2d0af2af5424cf947866a6b1e9ca121859c,51aebd06edf8f5d6d124d0f3eebdbb901e63274f,UNIT_COST_BASED
S04_E4,E4,REGIONAL_EMERGENCY_DISRUPTION,"[[1.0,1.0,1.0],[1.3,1.3,1.3],[1.0,1.0,1.0],[1.0,1.0,1.0],[1.3,1.3,1.3]]","[[1.0,1.0,1.0,1.0,1.0],[1.0,0.5,1.0,1.0,0.5]]",2f0ea2d0af2af5424cf947866a6b1e9ca121859c,51aebd06edf8f5d6d124d0f3eebdbb901e63274f,UNIT_COST_BASED
S05_E5,E5,TRANSPORT_NETWORK_DISRUPTION,"[[1.0,1.0,1.0],[1.0,1.0,1.0],[1.0,1.0,1.0],[1.0,1.0,1.0],[1.0,1.0,1.0]]","[[1.0,1.0,1.0,1.0,1.0],[1.0,1.0,1.0,0.25,1.0]]",2f0ea2d0af2af5424cf947866a6b1e9ca121859c,51aebd06edf8f5d6d124d0f3eebdbb901e63274f,UNIT_COST_BASED
S06_E6,E6,TRANSPORT_NETWORK_DISRUPTION,"[[1.0,1.0,1.0],[1.0,1.0,1.0],[1.0,1.0,1.0],[1.0,1.0,1.0],[1.0,1.0,1.0]]","[[1.0,1.0,0.0,1.0,1.0],[1.0,1.0,1.0,1.0,1.0]]",2f0ea2d0af2af5424cf947866a6b1e9ca121859c,51aebd06edf8f5d6d124d0f3eebdbb901e63274f,UNIT_COST_BASED
S07_E1_E2,E1|E2,FLASH_DEMAND_SURGE,"[[1.6,1.0,1.0],[1.0,1.4,1.0],[1.0,1.0,1.0],[1.0,1.0,1.0],[1.0,1.0,1.0]]","[[1.0,1.0,1.0,1.0,1.0],[1.0,1.0,1.0,1.0,1.0]]",2f0ea2d0af2af5424cf947866a6b1e9ca121859c,51aebd06edf8f5d6d124d0f3eebdbb901e63274f,UNIT_COST_BASED
S08_E1_E3,E1|E3,FLASH_DEMAND_SURGE|REGIONAL_EMERGENCY_DISRUPTION,"[[1.2,1.2,1.2],[1.0,1.4,1.0],[1.2,1.2,1.2],[1.0,1.0,1.0],[1.0,1.0,1.0]]","[[0.5,1.0,1.0,1.0,1.0],[1.0,1.0,0.5,1.0,1.0]]",2f0ea2d0af2af5424cf947866a6b1e9ca121859c,51aebd06edf8f5d6d124d0f3eebdbb901e63274f,UNIT_COST_BASED
S09_E1_E4,E1|E4,FLASH_DEMAND_SURGE|REGIONAL_EMERGENCY_DISRUPTION,"[[1.0,1.0,1.0],[1.3,1.7,1.3],[1.0,1.0,1.0],[1.0,1.0,1.0],[1.3,1.3,1.3]]","[[1.0,1.0,1.0,1.0,1.0],[1.0,0.5,1.0,1.0,0.5]]",2f0ea2d0af2af5424cf947866a6b1e9ca121859c,51aebd06edf8f5d6d124d0f3eebdbb901e63274f,UNIT_COST_BASED
S10_E1_E5,E1|E5,FLASH_DEMAND_SURGE|TRANSPORT_NETWORK_DISRUPTION,"[[1.0,1.0,1.0],[1.0,1.4,1.0],[1.0,1.0,1.0],[1.0,1.0,1.0],[1.0,1.0,1.0]]","[[1.0,1.0,1.0,1.0,1.0],[1.0,1.0,1.0,0.25,1.0]]",2f0ea2d0af2af5424cf947866a6b1e9ca121859c,51aebd06edf8f5d6d124d0f3eebdbb901e63274f,UNIT_COST_BASED
S11_E1_E6,E1|E6,FLASH_DEMAND_SURGE|TRANSPORT_NETWORK_DISRUPTION,"[[1.0,1.0,1.0],[1.0,1.4,1.0],[1.0,1.0,1.0],[1.0,1.0,1.0],[1.0,1.0,1.0]]","[[1.0,1.0,0.0,1.0,1.0],[1.0,1.0,1.0,1.0,1.0]]",2f0ea2d0af2af5424cf947866a6b1e9ca121859c,51aebd06edf8f5d6d124d0f3eebdbb901e63274f,UNIT_COST_BASED
S12_E2_E3,E2|E3,FLASH_DEMAND_SURGE|REGIONAL_EMERGENCY_DISRUPTION,"[[1.8,1.2,1.2],[1.0,1.0,1.0],[1.2,1.2,1.2],[1.0,1.0,1.0],[1.0,1.0,1.0]]","[[0.5,1.0,1.0,1.0,1.0],[1.0,1.0,0.5,1.0,1.0]]",2f0ea2d0af2af5424cf947866a6b1e9ca121859c,51aebd06edf8f5d6d124d0f3eebdbb901e63274f,UNIT_COST_BASED
S13_E2_E4,E2|E4,FLASH_DEMAND_SURGE|REGIONAL_EMERGENCY_DISRUPTION,"[[1.6,1.0,1.0],[1.3,1.3,1.3],[1.0,1.0,1.0],[1.0,1.0,1.0],[1.3,1.3,1.3]]","[[1.0,1.0,1.0,1.0,1.0],[1.0,0.5,1.0,1.0,0.5]]",2f0ea2d0af2af5424cf947866a6b1e9ca121859c,51aebd06edf8f5d6d124d0f3eebdbb901e63274f,UNIT_COST_BASED
S14_E2_E5,E2|E5,FLASH_DEMAND_SURGE|TRANSPORT_NETWORK_DISRUPTION,"[[1.6,1.0,1.0],[1.0,1.0,1.0],[1.0,1.0,1.0],[1.0,1.0,1.0],[1.0,1.0,1.0]]","[[1.0,1.0,1.0,1.0,1.0],[1.0,1.0,1.0,0.25,1.0]]",2f0ea2d0af2af5424cf947866a6b1e9ca121859c,51aebd06edf8f5d6d124d0f3eebdbb901e63274f,UNIT_COST_BASED
S15_E2_E6,E2|E6,FLASH_DEMAND_SURGE|TRANSPORT_NETWORK_DISRUPTION,"[[1.6,1.0,1.0],[1.0,1.0,1.0],[1.0,1.0,1.0],[1.0,1.0,1.0],[1.0,1.0,1.0]]","[[1.0,1.0,0.0,1.0,1.0],[1.0,1.0,1.0,1.0,1.0]]",2f0ea2d0af2af5424cf947866a6b1e9ca121859c,51aebd06edf8f5d6d124d0f3eebdbb901e63274f,UNIT_COST_BASED
S16_E3_E4,E3|E4,REGIONAL_EMERGENCY_DISRUPTION,"[[1.2,1.2,1.2],[1.3,1.3,1.3],[1.2,1.2,1.2],[1.0,1.0,1.0],[1.3,1.3,1.3]]","[[0.5,1.0,1.0,1.0,1.0],[1.0,0.5,0.5,1.0,0.5]]",2f0ea2d0af2af5424cf947866a6b1e9ca121859c,51aebd06edf8f5d6d124d0f3eebdbb901e63274f,UNIT_COST_BASED
S17_E3_E5,E3|E5,REGIONAL_EMERGENCY_DISRUPTION|TRANSPORT_NETWORK_DISRUPTION,"[[1.2,1.2,1.2],[1.0,1.0,1.0],[1.2,1.2,1.2],[1.0,1.0,1.0],[1.0,1.0,1.0]]","[[0.5,1.0,1.0,1.0,1.0],[1.0,1.0,0.5,0.25,1.0]]",2f0ea2d0af2af5424cf947866a6b1e9ca121859c,51aebd06edf8f5d6d124d0f3eebdbb901e63274f,UNIT_COST_BASED
S18_E3_E6,E3|E6,REGIONAL_EMERGENCY_DISRUPTION|TRANSPORT_NETWORK_DISRUPTION,"[[1.2,1.2,1.2],[1.0,1.0,1.0],[1.2,1.2,1.2],[1.0,1.0,1.0],[1.0,1.0,1.0]]","[[0.5,1.0,0.0,1.0,1.0],[1.0,1.0,0.5,1.0,1.0]]",2f0ea2d0af2af5424cf947866a6b1e9ca121859c,51aebd06edf8f5d6d124d0f3eebdbb901e63274f,UNIT_COST_BASED
S19_E4_E5,E4|E5,REGIONAL_EMERGENCY_DISRUPTION|TRANSPORT_NETWORK_DISRUPTION,"[[1.0,1.0,1.0],[1.3,1.3,1.3],[1.0,1.0,1.0],[1.0,1.0,1.0],[1.3,1.3,1.3]]","[[1.0,1.0,1.0,1.0,1.0],[1.0,0.5,1.0,0.25,0.5]]",2f0ea2d0af2af5424cf947866a6b1e9ca121859c,51aebd06edf8f5d6d124d0f3eebdbb901e63274f,UNIT_COST_BASED
S20_E4_E6,E4|E6,REGIONAL_EMERGENCY_DISRUPTION|TRANSPORT_NETWORK_DISRUPTION,"[[1.0,1.0,1.0],[1.3,1.3,1.3],[1.0,1.0,1.0],[1.0,1.0,1.0],[1.3,1.3,1.3]]","[[1.0,1.0,0.0,1.0,1.0],[1.0,0.5,1.0,1.0,0.5]]",2f0ea2d0af2af5424cf947866a6b1e9ca121859c,51aebd06edf8f5d6d124d0f3eebdbb901e63274f,UNIT_COST_BASED
S21_E5_E6,E5|E6,TRANSPORT_NETWORK_DISRUPTION,"[[1.0,1.0,1.0],[1.0,1.0,1.0],[1.0,1.0,1.0],[1.0,1.0,1.0],[1.0,1.0,1.0]]","[[1.0,1.0,0.0,1.0,1.0],[1.0,1.0,1.0,0.25,1.0]]",2f0ea2d0af2af5424cf947866a6b1e9ca121859c,51aebd06edf8f5d6d124d0f3eebdbb901e63274f,UNIT_COST_BASED
