source,filename,source_url,query_parameters,requested_url,download_timestamp,http_status,status_result,size_bytes,sha256,record_count,error,content_type,resolved_url,country,available_time_coverage
GDELT,gdelt_probe_2017q1.json,https://api.gdeltproject.org/api/v2/doc/doc,"{""enddatetime"": ""20170331235959"", ""format"": ""json"", ""maxrecords"": 250, ""mode"": ""artlist"", ""query"": ""(Ecuador OR Colombia OR Peru) (flood OR landslide OR earthquake OR severe weather OR emergency)"", ""sort"": ""datedesc"", ""startdatetime"": ""20170101000000""}",https://api.gdeltproject.org/api/v2/doc/doc?query=%28Ecuador+OR+Colombia+OR+Peru%29+%28flood+OR+landslide+OR+earthquake+OR+severe+weather+OR+emergency%29&mode=artlist&maxrecords=250&format=json&startdatetime=20170101000000&enddatetime=20170331235959&sort=datedesc,2026-09-28T11:49:44+00:00,429,DOWNLOAD_FAILED,0,,,"Please limit requests to one every 5 seconds or contact kalev.leetaru5@gmail.com for larger queries. All high-traffic users should switch to our ngrams dataset: https://blog.gdeltproject.org/using-the-new-web-ngrams-dataset-to-find-relevant-coverage/. For trend analysis, please see our daily newsletter briefings: https://blog.gdeltproject.org/announcing-our-new-daily-todays-trends-on-capitol-hill-todays-media-trends-newsletter-briefings/.

",,,,
ReliefWeb,,https://api.reliefweb.int/v2/reports,"{""countries"": [""Ecuador"", ""Colombia"", ""Peru""], ""date"": {""from"": ""2015-01-01"", ""to"": ""2026-08-31""}, ""pagination_limit"": 1000, ""risk_concepts"": [""(flood OR landslide OR earthquake OR severe weather OR emergency)"", ""(\""road closure\"" OR \""highway closure\"" OR \""transport disruption\"" OR \""logistics disruption\"" OR \""supply disruption\"" OR shortage)"", ""(\""demand surge\"" OR \""panic buying\"" OR promotion OR sale OR \""shopping surge\"" OR \""major event\"")""]}",,2026-09-28T11:49:57+00:00,,AUTH_BLOCKED,0,,0,pre-approved appname not supplied; request not bypassed,,,,
GDACS,gdacs_ecuador_2015_p001.json,https://www.gdacs.org/gdacsapi/api/events/geteventlist/SEARCH,"{""alertlevel"": ""green;orange;red"", ""country"": ""Ecuador"", ""eventlist"": ""EQ;FL;TC;DR;WF;VO"", ""fromdate"": ""2015-01-01"", ""pagenumber"": 1, ""pagesize"": 100, ""todate"": ""2015-12-31""}",https://www.gdacs.org/gdacsapi/api/events/geteventlist/SEARCH?eventlist=EQ%3BFL%3BTC%3BDR%3BWF%3BVO&fromdate=2015-01-01&todate=2015-12-31&country=Ecuador&alertlevel=green%3Borange%3Bred&pagesize=100&pagenumber=1,2026-09-28T11:49:57+00:00,200,DOWNLOADED,30936,6d0dabaf430ca8c5252b39e46025fdb9184981e4fdcc5d06f7776e191c3867f2,23,,application/json; charset=utf-8,https://www.gdacs.org/gdacsapi/api/events/geteventlist/SEARCH?eventlist=EQ%3BFL%3BTC%3BDR%3BWF%3BVO&fromdate=2015-01-01&todate=2015-12-31&country=Ecuador&alertlevel=green%3Borange%3Bred&pagesize=100&pagenumber=1,,
GDACS,gdacs_ecuador_2016_p001.json,https://www.gdacs.org/gdacsapi/api/events/geteventlist/SEARCH,"{""alertlevel"": ""green;orange;red"", ""country"": ""Ecuador"", ""eventlist"": ""EQ;FL;TC;DR;WF;VO"", ""fromdate"": ""2016-01-01"", ""pagenumber"": 1, ""pagesize"": 100, ""todate"": ""2016-12-31""}",https://www.gdacs.org/gdacsapi/api/events/geteventlist/SEARCH?eventlist=EQ%3BFL%3BTC%3BDR%3BWF%3BVO&fromdate=2016-01-01&todate=2016-12-31&country=Ecuador&alertlevel=green%3Borange%3Bred&pagesize=100&pagenumber=1,2026-09-28T11:49:59+00:00,200,DOWNLOADED,100724,64d1c7f3a1d8ff4cc8ae3308a98d619c3644469e18270c58df940eaf8c6167fb,75,,application/json; charset=utf-8,https://www.gdacs.org/gdacsapi/api/events/geteventlist/SEARCH?eventlist=EQ%3BFL%3BTC%3BDR%3BWF%3BVO&fromdate=2016-01-01&todate=2016-12-31&country=Ecuador&alertlevel=green%3Borange%3Bred&pagesize=100&pagenumber=1,,
GDACS,gdacs_ecuador_2017_p001.json,https://www.gdacs.org/gdacsapi/api/events/geteventlist/SEARCH,"{""alertlevel"": ""green;orange;red"", ""country"": ""Ecuador"", ""eventlist"": ""EQ;FL;TC;DR;WF;VO"", ""fromdate"": ""2017-01-01"", ""pagenumber"": 1, ""pagesize"": 100, ""todate"": ""2017-12-31""}",https://www.gdacs.org/gdacsapi/api/events/geteventlist/SEARCH?eventlist=EQ%3BFL%3BTC%3BDR%3BWF%3BVO&fromdate=2017-01-01&todate=2017-12-31&country=Ecuador&alertlevel=green%3Borange%3Bred&pagesize=100&pagenumber=1,2026-09-28T11:50:01+00:00,200,DOWNLOADED,30892,eb573d6e1bec04285a5876049d02769a1699ea89ce5a9ad76ec6d42d75382ab2,23,,application/json; charset=utf-8,https://www.gdacs.org/gdacsapi/api/events/geteventlist/SEARCH?eventlist=EQ%3BFL%3BTC%3BDR%3BWF%3BVO&fromdate=2017-01-01&todate=2017-12-31&country=Ecuador&alertlevel=green%3Borange%3Bred&pagesize=100&pagenumber=1,,
GDACS,gdacs_ecuador_2018_p001.json,https://www.gdacs.org/gdacsapi/api/events/geteventlist/SEARCH,"{""alertlevel"": ""green;orange;red"", ""country"": ""Ecuador"", ""eventlist"": ""EQ;FL;TC;DR;WF;VO"", ""fromdate"": ""2018-01-01"", ""pagenumber"": 1, ""pagesize"": 100, ""todate"": ""2018-12-31""}",https://www.gdacs.org/gdacsapi/api/events/geteventlist/SEARCH?eventlist=EQ%3BFL%3BTC%3BDR%3BWF%3BVO&fromdate=2018-01-01&todate=2018-12-31&country=Ecuador&alertlevel=green%3Borange%3Bred&pagesize=100&pagenumber=1,2026-09-28T11:50:02+00:00,200,DOWNLOADED,45520,436604ebc15acdc1b387aaf4092da5f73190e4c259011cef7566e1737cd48cb6,34,,application/json; charset=utf-8,https://www.gdacs.org/gdacsapi/api/events/geteventlist/SEARCH?eventlist=EQ%3BFL%3BTC%3BDR%3BWF%3BVO&fromdate=2018-01-01&todate=2018-12-31&country=Ecuador&alertlevel=green%3Borange%3Bred&pagesize=100&pagenumber=1,,
GDACS,gdacs_ecuador_2019_p001.json,https://www.gdacs.org/gdacsapi/api/events/geteventlist/SEARCH,"{""alertlevel"": ""green;orange;red"", ""country"": ""Ecuador"", ""eventlist"": ""EQ;FL;TC;DR;WF;VO"", ""fromdate"": ""2019-01-01"", ""pagenumber"": 1, ""pagesize"": 100, ""todate"": ""2019-12-31""}",https://www.gdacs.org/gdacsapi/api/events/geteventlist/SEARCH?eventlist=EQ%3BFL%3BTC%3BDR%3BWF%3BVO&fromdate=2019-01-01&todate=2019-12-31&country=Ecuador&alertlevel=green%3Borange%3Bred&pagesize=100&pagenumber=1,2026-09-28T11:50:05+00:00,200,DOWNLOADED,49414,0e9bd937978068de696dd32128186ced3f34e52d7fe55d527c2a6ccd08417649,37,,application/json; charset=utf-8,https://www.gdacs.org/gdacsapi/api/events/geteventlist/SEARCH?eventlist=EQ%3BFL%3BTC%3BDR%3BWF%3BVO&fromdate=2019-01-01&todate=2019-12-31&country=Ecuador&alertlevel=green%3Borange%3Bred&pagesize=100&pagenumber=1,,
GDACS,gdacs_ecuador_2020_p001.json,https://www.gdacs.org/gdacsapi/api/events/geteventlist/SEARCH,"{""alertlevel"": ""green;orange;red"", ""country"": ""Ecuador"", ""eventlist"": ""EQ;FL;TC;DR;WF;VO"", ""fromdate"": ""2020-01-01"", ""pagenumber"": 1, ""pagesize"": 100, ""todate"": ""2020-12-31""}",https://www.gdacs.org/gdacsapi/api/events/geteventlist/SEARCH?eventlist=EQ%3BFL%3BTC%3BDR%3BWF%3BVO&fromdate=2020-01-01&todate=2020-12-31&country=Ecuador&alertlevel=green%3Borange%3Bred&pagesize=100&pagenumber=1,2026-09-28T11:50:13+00:00,200,DOWNLOADED,37168,5bdf4e5496675b756f8546867e35173175623ccea661705c6bcae709b0206df5,28,,application/json; charset=utf-8,https://www.gdacs.org/gdacsapi/api/events/geteventlist/SEARCH?eventlist=EQ%3BFL%3BTC%3BDR%3BWF%3BVO&fromdate=2020-01-01&todate=2020-12-31&country=Ecuador&alertlevel=green%3Borange%3Bred&pagesize=100&pagenumber=1,,
GDACS,gdacs_ecuador_2021_p001.json,https://www.gdacs.org/gdacsapi/api/events/geteventlist/SEARCH,"{""alertlevel"": ""green;orange;red"", ""country"": ""Ecuador"", ""eventlist"": ""EQ;FL;TC;DR;WF;VO"", ""fromdate"": ""2021-01-01"", ""pagenumber"": 1, ""pagesize"": 100, ""todate"": ""2021-12-31""}",https://www.gdacs.org/gdacsapi/api/events/geteventlist/SEARCH?eventlist=EQ%3BFL%3BTC%3BDR%3BWF%3BVO&fromdate=2021-01-01&todate=2021-12-31&country=Ecuador&alertlevel=green%3Borange%3Bred&pagesize=100&pagenumber=1,2026-09-28T11:50:15+00:00,200,DOWNLOADED,42621,4d95c1f1a152e58481d2f8ffac91375dec2a34d201ff964535f8eb99fd26f521,32,,application/json; charset=utf-8,https://www.gdacs.org/gdacsapi/api/events/geteventlist/SEARCH?eventlist=EQ%3BFL%3BTC%3BDR%3BWF%3BVO&fromdate=2021-01-01&todate=2021-12-31&country=Ecuador&alertlevel=green%3Borange%3Bred&pagesize=100&pagenumber=1,,
GDACS,gdacs_ecuador_2022_p001.json,https://www.gdacs.org/gdacsapi/api/events/geteventlist/SEARCH,"{""alertlevel"": ""green;orange;red"", ""country"": ""Ecuador"", ""eventlist"": ""EQ;FL;TC;DR;WF;VO"", ""fromdate"": ""2022-01-01"", ""pagenumber"": 1, ""pagesize"": 100, ""todate"": ""2022-12-31""}",https://www.gdacs.org/gdacsapi/api/events/geteventlist/SEARCH?eventlist=EQ%3BFL%3BTC%3BDR%3BWF%3BVO&fromdate=2022-01-01&todate=2022-12-31&country=Ecuador&alertlevel=green%3Borange%3Bred&pagesize=100&pagenumber=1,2026-09-28T11:50:17+00:00,200,DOWNLOADED,74747,5989c7fc71e3db554fd1e286d30e270a7d319c619907b3d498ff9877a5ef66a1,56,,application/json; charset=utf-8,https://www.gdacs.org/gdacsapi/api/events/geteventlist/SEARCH?eventlist=EQ%3BFL%3BTC%3BDR%3BWF%3BVO&fromdate=2022-01-01&todate=2022-12-31&country=Ecuador&alertlevel=green%3Borange%3Bred&pagesize=100&pagenumber=1,,
GDACS,gdacs_ecuador_2023_p001.json,https://www.gdacs.org/gdacsapi/api/events/geteventlist/SEARCH,"{""alertlevel"": ""green;orange;red"", ""country"": ""Ecuador"", ""eventlist"": ""EQ;FL;TC;DR;WF;VO"", ""fromdate"": ""2023-01-01"", ""pagenumber"": 1, ""pagesize"": 100, ""todate"": ""2023-12-31""}",https://www.gdacs.org/gdacsapi/api/events/geteventlist/SEARCH?eventlist=EQ%3BFL%3BTC%3BDR%3BWF%3BVO&fromdate=2023-01-01&todate=2023-12-31&country=Ecuador&alertlevel=green%3Borange%3Bred&pagesize=100&pagenumber=1,2026-09-28T11:50:21+00:00,200,DOWNLOADED,46523,c16cb28604034a75d66656acea4697b3de67b263bf3cf9f43da8d781e1b91cbb,35,,application/json; charset=utf-8,https://www.gdacs.org/gdacsapi/api/events/geteventlist/SEARCH?eventlist=EQ%3BFL%3BTC%3BDR%3BWF%3BVO&fromdate=2023-01-01&todate=2023-12-31&country=Ecuador&alertlevel=green%3Borange%3Bred&pagesize=100&pagenumber=1,,
GDACS,gdacs_ecuador_2024_p001.json,https://www.gdacs.org/gdacsapi/api/events/geteventlist/SEARCH,"{""alertlevel"": ""green;orange;red"", ""country"": ""Ecuador"", ""eventlist"": ""EQ;FL;TC;DR;WF;VO"", ""fromdate"": ""2024-01-01"", ""pagenumber"": 1, ""pagesize"": 100, ""todate"": ""2024-12-31""}",https://www.gdacs.org/gdacsapi/api/events/geteventlist/SEARCH?eventlist=EQ%3BFL%3BTC%3BDR%3BWF%3BVO&fromdate=2024-01-01&todate=2024-12-31&country=Ecuador&alertlevel=green%3Borange%3Bred&pagesize=100&pagenumber=1,2026-09-28T11:50:22+00:00,200,DOWNLOADED,37176,30c9ce642e851687a8ee28ed076bb87148f1783e567ebe8228bb37926734555e,28,,application/json; charset=utf-8,https://www.gdacs.org/gdacsapi/api/events/geteventlist/SEARCH?eventlist=EQ%3BFL%3BTC%3BDR%3BWF%3BVO&fromdate=2024-01-01&todate=2024-12-31&country=Ecuador&alertlevel=green%3Borange%3Bred&pagesize=100&pagenumber=1,,
GDACS,gdacs_ecuador_2025_p001.json,https://www.gdacs.org/gdacsapi/api/events/geteventlist/SEARCH,"{""alertlevel"": ""green;orange;red"", ""country"": ""Ecuador"", ""eventlist"": ""EQ;FL;TC;DR;WF;VO"", ""fromdate"": ""2025-01-01"", ""pagenumber"": 1, ""pagesize"": 100, ""todate"": ""2025-12-31""}",https://www.gdacs.org/gdacsapi/api/events/geteventlist/SEARCH?eventlist=EQ%3BFL%3BTC%3BDR%3BWF%3BVO&fromdate=2025-01-01&todate=2025-12-31&country=Ecuador&alertlevel=green%3Borange%3Bred&pagesize=100&pagenumber=1,2026-09-28T11:50:24+00:00,200,DOWNLOADED,49397,9abcf0c5b6630cef5d75fdb612a41b529877e86992dbfe2ef99771f356fbfcfc,37,,application/json; charset=utf-8,https://www.gdacs.org/gdacsapi/api/events/geteventlist/SEARCH?eventlist=EQ%3BFL%3BTC%3BDR%3BWF%3BVO&fromdate=2025-01-01&todate=2025-12-31&country=Ecuador&alertlevel=green%3Borange%3Bred&pagesize=100&pagenumber=1,,
GDACS,gdacs_ecuador_2026_p001.json,https://www.gdacs.org/gdacsapi/api/events/geteventlist/SEARCH,"{""alertlevel"": ""green;orange;red"", ""country"": ""Ecuador"", ""eventlist"": ""EQ;FL;TC;DR;WF;VO"", ""fromdate"": ""2026-01-01"", ""pagenumber"": 1, ""pagesize"": 100, ""todate"": ""2026-08-31""}",https://www.gdacs.org/gdacsapi/api/events/geteventlist/SEARCH?eventlist=EQ%3BFL%3BTC%3BDR%3BWF%3BVO&fromdate=2026-01-01&todate=2026-08-31&country=Ecuador&alertlevel=green%3Borange%3Bred&pagesize=100&pagenumber=1,2026-09-28T11:50:25+00:00,200,DOWNLOADED,21186,97d03ca63e388a03ceaf0d58ddef5465c32e7b4244512c5584d8359b5838f285,16,,application/json; charset=utf-8,https://www.gdacs.org/gdacsapi/api/events/geteventlist/SEARCH?eventlist=EQ%3BFL%3BTC%3BDR%3BWF%3BVO&fromdate=2026-01-01&todate=2026-08-31&country=Ecuador&alertlevel=green%3Borange%3Bred&pagesize=100&pagenumber=1,,
GDACS,gdacs_colombia_2015_p001.json,https://www.gdacs.org/gdacsapi/api/events/geteventlist/SEARCH,"{""alertlevel"": ""green;orange;red"", ""country"": ""Colombia"", ""eventlist"": ""EQ;FL;TC;DR;WF;VO"", ""fromdate"": ""2015-01-01"", ""pagenumber"": 1, ""pagesize"": 100, ""todate"": ""2015-12-31""}",https://www.gdacs.org/gdacsapi/api/events/geteventlist/SEARCH?eventlist=EQ%3BFL%3BTC%3BDR%3BWF%3BVO&fromdate=2015-01-01&todate=2015-12-31&country=Colombia&alertlevel=green%3Borange%3Bred&pagesize=100&pagenumber=1,2026-09-28T11:50:27+00:00,200,DOWNLOADED,35153,ade46d07c77bb6f91cec42b1d55d62e55112b5b18170e4e0b687427c9848711b,26,,application/json; charset=utf-8,https://www.gdacs.org/gdacsapi/api/events/geteventlist/SEARCH?eventlist=EQ%3BFL%3BTC%3BDR%3BWF%3BVO&fromdate=2015-01-01&todate=2015-12-31&country=Colombia&alertlevel=green%3Borange%3Bred&pagesize=100&pagenumber=1,,
GDACS,gdacs_colombia_2016_p001.json,https://www.gdacs.org/gdacsapi/api/events/geteventlist/SEARCH,"{""alertlevel"": ""green;orange;red"", ""country"": ""Colombia"", ""eventlist"": ""EQ;FL;TC;DR;WF;VO"", ""fromdate"": ""2016-01-01"", ""pagenumber"": 1, ""pagesize"": 100, ""todate"": ""2016-12-31""}",https://www.gdacs.org/gdacsapi/api/events/geteventlist/SEARCH?eventlist=EQ%3BFL%3BTC%3BDR%3BWF%3BVO&fromdate=2016-01-01&todate=2016-12-31&country=Colombia&alertlevel=green%3Borange%3Bred&pagesize=100&pagenumber=1,2026-09-28T11:50:28+00:00,200,DOWNLOADED,40270,8a2fcb462263ebbe1748bd9ba6ae076dc81fb88b5a1023fe5da5b16b7eb9e4c3,30,,application/json; charset=utf-8,https://www.gdacs.org/gdacsapi/api/events/geteventlist/SEARCH?eventlist=EQ%3BFL%3BTC%3BDR%3BWF%3BVO&fromdate=2016-01-01&todate=2016-12-31&country=Colombia&alertlevel=green%3Borange%3Bred&pagesize=100&pagenumber=1,,
GDACS,gdacs_colombia_2017_p001.json,https://www.gdacs.org/gdacsapi/api/events/geteventlist/SEARCH,"{""alertlevel"": ""green;orange;red"", ""country"": ""Colombia"", ""eventlist"": ""EQ;FL;TC;DR;WF;VO"", ""fromdate"": ""2017-01-01"", ""pagenumber"": 1, ""pagesize"": 100, ""todate"": ""2017-12-31""}",https://www.gdacs.org/gdacsapi/api/events/geteventlist/SEARCH?eventlist=EQ%3BFL%3BTC%3BDR%3BWF%3BVO&fromdate=2017-01-01&todate=2017-12-31&country=Colombia&alertlevel=green%3Borange%3Bred&pagesize=100&pagenumber=1,2026-09-28T11:50:30+00:00,200,DOWNLOADED,43568,532ed04a12f1c2946cea67de892e87107b464955fc6ca2157c137ca0a51e8973,32,,application/json; charset=utf-8,https://www.gdacs.org/gdacsapi/api/events/geteventlist/SEARCH?eventlist=EQ%3BFL%3BTC%3BDR%3BWF%3BVO&fromdate=2017-01-01&todate=2017-12-31&country=Colombia&alertlevel=green%3Borange%3Bred&pagesize=100&pagenumber=1,,
GDACS,gdacs_colombia_2018_p001.json,https://www.gdacs.org/gdacsapi/api/events/geteventlist/SEARCH,"{""alertlevel"": ""green;orange;red"", ""country"": ""Colombia"", ""eventlist"": ""EQ;FL;TC;DR;WF;VO"", ""fromdate"": ""2018-01-01"", ""pagenumber"": 1, ""pagesize"": 100, ""todate"": ""2018-12-31""}",https://www.gdacs.org/gdacsapi/api/events/geteventlist/SEARCH?eventlist=EQ%3BFL%3BTC%3BDR%3BWF%3BVO&fromdate=2018-01-01&todate=2018-12-31&country=Colombia&alertlevel=green%3Borange%3Bred&pagesize=100&pagenumber=1,2026-09-28T11:50:32+00:00,200,DOWNLOADED,63065,d5020d91ee6a7d038921e137c3687fb3c723a0de0e6226325884f2fc5b7b3dbc,47,,application/json; charset=utf-8,https://www.gdacs.org/gdacsapi/api/events/geteventlist/SEARCH?eventlist=EQ%3BFL%3BTC%3BDR%3BWF%3BVO&fromdate=2018-01-01&todate=2018-12-31&country=Colombia&alertlevel=green%3Borange%3Bred&pagesize=100&pagenumber=1,,
GDACS,gdacs_colombia_2019_p001.json,https://www.gdacs.org/gdacsapi/api/events/geteventlist/SEARCH,"{""alertlevel"": ""green;orange;red"", ""country"": ""Colombia"", ""eventlist"": ""EQ;FL;TC;DR;WF;VO"", ""fromdate"": ""2019-01-01"", ""pagenumber"": 1, ""pagesize"": 100, ""todate"": ""2019-12-31""}",https://www.gdacs.org/gdacsapi/api/events/geteventlist/SEARCH?eventlist=EQ%3BFL%3BTC%3BDR%3BWF%3BVO&fromdate=2019-01-01&todate=2019-12-31&country=Colombia&alertlevel=green%3Borange%3Bred&pagesize=100&pagenumber=1,2026-09-28T11:50:36+00:00,200,DOWNLOADED,52498,d4fb2bf79394eef485f852bdef0fe2fee7ccc997ee10efeb355697e53d65e9ee,39,,application/json; charset=utf-8,https://www.gdacs.org/gdacsapi/api/events/geteventlist/SEARCH?eventlist=EQ%3BFL%3BTC%3BDR%3BWF%3BVO&fromdate=2019-01-01&todate=2019-12-31&country=Colombia&alertlevel=green%3Borange%3Bred&pagesize=100&pagenumber=1,,
GDACS,gdacs_colombia_2020_p001.json,https://www.gdacs.org/gdacsapi/api/events/geteventlist/SEARCH,"{""alertlevel"": ""green;orange;red"", ""country"": ""Colombia"", ""eventlist"": ""EQ;FL;TC;DR;WF;VO"", ""fromdate"": ""2020-01-01"", ""pagenumber"": 1, ""pagesize"": 100, ""todate"": ""2020-12-31""}",https://www.gdacs.org/gdacsapi/api/events/geteventlist/SEARCH?eventlist=EQ%3BFL%3BTC%3BDR%3BWF%3BVO&fromdate=2020-01-01&todate=2020-12-31&country=Colombia&alertlevel=green%3Borange%3Bred&pagesize=100&pagenumber=1,2026-09-28T11:50:38+00:00,200,DOWNLOADED,65841,9da19b7768c7d9470d3f88583818c699ac35cef448a11b27e33e8136ae7447ca,48,,application/json; charset=utf-8,https://www.gdacs.org/gdacsapi/api/events/geteventlist/SEARCH?eventlist=EQ%3BFL%3BTC%3BDR%3BWF%3BVO&fromdate=2020-01-01&todate=2020-12-31&country=Colombia&alertlevel=green%3Borange%3Bred&pagesize=100&pagenumber=1,,
GDACS,gdacs_colombia_2021_p001.json,https://www.gdacs.org/gdacsapi/api/events/geteventlist/SEARCH,"{""alertlevel"": ""green;orange;red"", ""country"": ""Colombia"", ""eventlist"": ""EQ;FL;TC;DR;WF;VO"", ""fromdate"": ""2021-01-01"", ""pagenumber"": 1, ""pagesize"": 100, ""todate"": ""2021-12-31""}",https://www.gdacs.org/gdacsapi/api/events/geteventlist/SEARCH?eventlist=EQ%3BFL%3BTC%3BDR%3BWF%3BVO&fromdate=2021-01-01&todate=2021-12-31&country=Colombia&alertlevel=green%3Borange%3Bred&pagesize=100&pagenumber=1,2026-09-28T11:50:39+00:00,200,DOWNLOADED,77236,c65e6648361e104b59f41f4a199a50b55538a503febdd6dd025f672ad93e8048,58,,application/json; charset=utf-8,https://www.gdacs.org/gdacsapi/api/events/geteventlist/SEARCH?eventlist=EQ%3BFL%3BTC%3BDR%3BWF%3BVO&fromdate=2021-01-01&todate=2021-12-31&country=Colombia&alertlevel=green%3Borange%3Bred&pagesize=100&pagenumber=1,,
GDACS,gdacs_colombia_2022_p001.json,https://www.gdacs.org/gdacsapi/api/events/geteventlist/SEARCH,"{""alertlevel"": ""green;orange;red"", ""country"": ""Colombia"", ""eventlist"": ""EQ;FL;TC;DR;WF;VO"", ""fromdate"": ""2022-01-01"", ""pagenumber"": 1, ""pagesize"": 100, ""todate"": ""2022-12-31""}",https://www.gdacs.org/gdacsapi/api/events/geteventlist/SEARCH?eventlist=EQ%3BFL%3BTC%3BDR%3BWF%3BVO&fromdate=2022-01-01&todate=2022-12-31&country=Colombia&alertlevel=green%3Borange%3Bred&pagesize=100&pagenumber=1,2026-09-28T11:50:41+00:00,200,DOWNLOADED,112194,debd07011b144d50b40f6b2b95bf322468fcd2ed78c2ad7674710f7f41e19272,83,,application/json; charset=utf-8,https://www.gdacs.org/gdacsapi/api/events/geteventlist/SEARCH?eventlist=EQ%3BFL%3BTC%3BDR%3BWF%3BVO&fromdate=2022-01-01&todate=2022-12-31&country=Colombia&alertlevel=green%3Borange%3Bred&pagesize=100&pagenumber=1,,
GDACS,gdacs_colombia_2023_p001.json,https://www.gdacs.org/gdacsapi/api/events/geteventlist/SEARCH,"{""alertlevel"": ""green;orange;red"", ""country"": ""Colombia"", ""eventlist"": ""EQ;FL;TC;DR;WF;VO"", ""fromdate"": ""2023-01-01"", ""pagenumber"": 1, ""pagesize"": 100, ""todate"": ""2023-12-31""}",https://www.gdacs.org/gdacsapi/api/events/geteventlist/SEARCH?eventlist=EQ%3BFL%3BTC%3BDR%3BWF%3BVO&fromdate=2023-01-01&todate=2023-12-31&country=Colombia&alertlevel=green%3Borange%3Bred&pagesize=100&pagenumber=1,2026-09-28T11:50:43+00:00,200,DOWNLOADED,119925,c5e86d9a7b6f9e7e92d6e8f65ca766eb38a098bafb30d44db6f54b1c56e1458b,89,,application/json; charset=utf-8,https://www.gdacs.org/gdacsapi/api/events/geteventlist/SEARCH?eventlist=EQ%3BFL%3BTC%3BDR%3BWF%3BVO&fromdate=2023-01-01&todate=2023-12-31&country=Colombia&alertlevel=green%3Borange%3Bred&pagesize=100&pagenumber=1,,
GDACS,gdacs_colombia_2024_p001.json,https://www.gdacs.org/gdacsapi/api/events/geteventlist/SEARCH,"{""alertlevel"": ""green;orange;red"", ""country"": ""Colombia"", ""eventlist"": ""EQ;FL;TC;DR;WF;VO"", ""fromdate"": ""2024-01-01"", ""pagenumber"": 1, ""pagesize"": 100, ""todate"": ""2024-12-31""}",https://www.gdacs.org/gdacsapi/api/events/geteventlist/SEARCH?eventlist=EQ%3BFL%3BTC%3BDR%3BWF%3BVO&fromdate=2024-01-01&todate=2024-12-31&country=Colombia&alertlevel=green%3Borange%3Bred&pagesize=100&pagenumber=1,2026-09-28T11:50:45+00:00,200,DOWNLOADED,84148,b06ad61e7a4fcb8cbb40a2cfc135898c80390a691bb49bf7db6402b4efc8711e,63,,application/json; charset=utf-8,https://www.gdacs.org/gdacsapi/api/events/geteventlist/SEARCH?eventlist=EQ%3BFL%3BTC%3BDR%3BWF%3BVO&fromdate=2024-01-01&todate=2024-12-31&country=Colombia&alertlevel=green%3Borange%3Bred&pagesize=100&pagenumber=1,,
GDACS,gdacs_colombia_2025_p001.json,https://www.gdacs.org/gdacsapi/api/events/geteventlist/SEARCH,"{""alertlevel"": ""green;orange;red"", ""country"": ""Colombia"", ""eventlist"": ""EQ;FL;TC;DR;WF;VO"", ""fromdate"": ""2025-01-01"", ""pagenumber"": 1, ""pagesize"": 100, ""todate"": ""2025-12-31""}",https://www.gdacs.org/gdacsapi/api/events/geteventlist/SEARCH?eventlist=EQ%3BFL%3BTC%3BDR%3BWF%3BVO&fromdate=2025-01-01&todate=2025-12-31&country=Colombia&alertlevel=green%3Borange%3Bred&pagesize=100&pagenumber=1,2026-09-28T11:50:48+00:00,200,DOWNLOADED,72013,febd6ea3da8f506f4b8419adc839000d8ba6e161b6c578fb6393234379e1d66e,54,,application/json; charset=utf-8,https://www.gdacs.org/gdacsapi/api/events/geteventlist/SEARCH?eventlist=EQ%3BFL%3BTC%3BDR%3BWF%3BVO&fromdate=2025-01-01&todate=2025-12-31&country=Colombia&alertlevel=green%3Borange%3Bred&pagesize=100&pagenumber=1,,
GDACS,gdacs_colombia_2026_p001.json,https://www.gdacs.org/gdacsapi/api/events/geteventlist/SEARCH,"{""alertlevel"": ""green;orange;red"", ""country"": ""Colombia"", ""eventlist"": ""EQ;FL;TC;DR;WF;VO"", ""fromdate"": ""2026-01-01"", ""pagenumber"": 1, ""pagesize"": 100, ""todate"": ""2026-08-31""}",https://www.gdacs.org/gdacsapi/api/events/geteventlist/SEARCH?eventlist=EQ%3BFL%3BTC%3BDR%3BWF%3BVO&fromdate=2026-01-01&todate=2026-08-31&country=Colombia&alertlevel=green%3Borange%3Bred&pagesize=100&pagenumber=1,2026-09-28T11:50:50+00:00,200,DOWNLOADED,64980,15b9b3190254ffb5f3d1371822c3749d903cf3f96b33cdc63745db5635dfba9b,48,,application/json; charset=utf-8,https://www.gdacs.org/gdacsapi/api/events/geteventlist/SEARCH?eventlist=EQ%3BFL%3BTC%3BDR%3BWF%3BVO&fromdate=2026-01-01&todate=2026-08-31&country=Colombia&alertlevel=green%3Borange%3Bred&pagesize=100&pagenumber=1,,
GDACS,gdacs_peru_2015_p001.json,https://www.gdacs.org/gdacsapi/api/events/geteventlist/SEARCH,"{""alertlevel"": ""green;orange;red"", ""country"": ""Peru"", ""eventlist"": ""EQ;FL;TC;DR;WF;VO"", ""fromdate"": ""2015-01-01"", ""pagenumber"": 1, ""pagesize"": 100, ""todate"": ""2015-12-31""}",https://www.gdacs.org/gdacsapi/api/events/geteventlist/SEARCH?eventlist=EQ%3BFL%3BTC%3BDR%3BWF%3BVO&fromdate=2015-01-01&todate=2015-12-31&country=Peru&alertlevel=green%3Borange%3Bred&pagesize=100&pagenumber=1,2026-09-28T11:50:53+00:00,200,DOWNLOADED,101337,473ee273bd696daa21e9126b70e7bface5a630c6545b8633ac6ee161ffb302fb,76,,application/json; charset=utf-8,https://www.gdacs.org/gdacsapi/api/events/geteventlist/SEARCH?eventlist=EQ%3BFL%3BTC%3BDR%3BWF%3BVO&fromdate=2015-01-01&todate=2015-12-31&country=Peru&alertlevel=green%3Borange%3Bred&pagesize=100&pagenumber=1,,
GDACS,gdacs_peru_2016_p001.json,https://www.gdacs.org/gdacsapi/api/events/geteventlist/SEARCH,"{""alertlevel"": ""green;orange;red"", ""country"": ""Peru"", ""eventlist"": ""EQ;FL;TC;DR;WF;VO"", ""fromdate"": ""2016-01-01"", ""pagenumber"": 1, ""pagesize"": 100, ""todate"": ""2016-12-31""}",https://www.gdacs.org/gdacsapi/api/events/geteventlist/SEARCH?eventlist=EQ%3BFL%3BTC%3BDR%3BWF%3BVO&fromdate=2016-01-01&todate=2016-12-31&country=Peru&alertlevel=green%3Borange%3Bred&pagesize=100&pagenumber=1,2026-09-28T11:50:55+00:00,200,DOWNLOADED,119639,e98a538d80c9ed618abd77432893d9e4ccc6c593841e08ec3bdc08c025a18491,90,,application/json; charset=utf-8,https://www.gdacs.org/gdacsapi/api/events/geteventlist/SEARCH?eventlist=EQ%3BFL%3BTC%3BDR%3BWF%3BVO&fromdate=2016-01-01&todate=2016-12-31&country=Peru&alertlevel=green%3Borange%3Bred&pagesize=100&pagenumber=1,,
GDACS,gdacs_peru_2017_p001.json,https://www.gdacs.org/gdacsapi/api/events/geteventlist/SEARCH,"{""alertlevel"": ""green;orange;red"", ""country"": ""Peru"", ""eventlist"": ""EQ;FL;TC;DR;WF;VO"", ""fromdate"": ""2017-01-01"", ""pagenumber"": 1, ""pagesize"": 100, ""todate"": ""2017-12-31""}",https://www.gdacs.org/gdacsapi/api/events/geteventlist/SEARCH?eventlist=EQ%3BFL%3BTC%3BDR%3BWF%3BVO&fromdate=2017-01-01&todate=2017-12-31&country=Peru&alertlevel=green%3Borange%3Bred&pagesize=100&pagenumber=1,2026-09-28T11:50:58+00:00,200,DOWNLOADED,126571,5316409c1a8173bfb7ed599b6c76e2b1361aaf9cfa60d30147fc7cc463a72358,95,,application/json; charset=utf-8,https://www.gdacs.org/gdacsapi/api/events/geteventlist/SEARCH?eventlist=EQ%3BFL%3BTC%3BDR%3BWF%3BVO&fromdate=2017-01-01&todate=2017-12-31&country=Peru&alertlevel=green%3Borange%3Bred&pagesize=100&pagenumber=1,,
GDACS,gdacs_peru_2018_p001.json,https://www.gdacs.org/gdacsapi/api/events/geteventlist/SEARCH,"{""alertlevel"": ""green;orange;red"", ""country"": ""Peru"", ""eventlist"": ""EQ;FL;TC;DR;WF;VO"", ""fromdate"": ""2018-01-01"", ""pagenumber"": 1, ""pagesize"": 100, ""todate"": ""2018-12-31""}",https://www.gdacs.org/gdacsapi/api/events/geteventlist/SEARCH?eventlist=EQ%3BFL%3BTC%3BDR%3BWF%3BVO&fromdate=2018-01-01&todate=2018-12-31&country=Peru&alertlevel=green%3Borange%3Bred&pagesize=100&pagenumber=1,2026-09-28T11:51:01+00:00,200,DOWNLOADED,118094,442f991c2bf72e528640baba4bee540751bb798c1ab72dad9e5d2d2c20258b9d,89,,application/json; charset=utf-8,https://www.gdacs.org/gdacsapi/api/events/geteventlist/SEARCH?eventlist=EQ%3BFL%3BTC%3BDR%3BWF%3BVO&fromdate=2018-01-01&todate=2018-12-31&country=Peru&alertlevel=green%3Borange%3Bred&pagesize=100&pagenumber=1,,
GDACS,gdacs_peru_2019_p001.json,https://www.gdacs.org/gdacsapi/api/events/geteventlist/SEARCH,"{""alertlevel"": ""green;orange;red"", ""country"": ""Peru"", ""eventlist"": ""EQ;FL;TC;DR;WF;VO"", ""fromdate"": ""2019-01-01"", ""pagenumber"": 1, ""pagesize"": 100, ""todate"": ""2019-12-31""}",https://www.gdacs.org/gdacsapi/api/events/geteventlist/SEARCH?eventlist=EQ%3BFL%3BTC%3BDR%3BWF%3BVO&fromdate=2019-01-01&todate=2019-12-31&country=Peru&alertlevel=green%3Borange%3Bred&pagesize=100&pagenumber=1,2026-09-28T11:51:03+00:00,200,DOWNLOADED,132595,c0ed9986e932ab6c3dd53f9407f63b6207cefa41f5a279f50f1c4200637194ce,100,,application/json; charset=utf-8,https://www.gdacs.org/gdacsapi/api/events/geteventlist/SEARCH?eventlist=EQ%3BFL%3BTC%3BDR%3BWF%3BVO&fromdate=2019-01-01&todate=2019-12-31&country=Peru&alertlevel=green%3Borange%3Bred&pagesize=100&pagenumber=1,,
GDACS,gdacs_peru_2019_p002.json,https://www.gdacs.org/gdacsapi/api/events/geteventlist/SEARCH,"{""alertlevel"": ""green;orange;red"", ""country"": ""Peru"", ""eventlist"": ""EQ;FL;TC;DR;WF;VO"", ""fromdate"": ""2019-01-01"", ""pagenumber"": 2, ""pagesize"": 100, ""todate"": ""2019-12-31""}",https://www.gdacs.org/gdacsapi/api/events/geteventlist/SEARCH?eventlist=EQ%3BFL%3BTC%3BDR%3BWF%3BVO&fromdate=2019-01-01&todate=2019-12-31&country=Peru&alertlevel=green%3Borange%3Bred&pagesize=100&pagenumber=2,2026-09-28T11:51:05+00:00,200,DOWNLOADED,15944,df8e0c895974379bbb82d4377d2badedbe9c2fff97344c6b372c75a6f192e899,12,,application/json; charset=utf-8,https://www.gdacs.org/gdacsapi/api/events/geteventlist/SEARCH?eventlist=EQ%3BFL%3BTC%3BDR%3BWF%3BVO&fromdate=2019-01-01&todate=2019-12-31&country=Peru&alertlevel=green%3Borange%3Bred&pagesize=100&pagenumber=2,,
GDACS,gdacs_peru_2020_p001.json,https://www.gdacs.org/gdacsapi/api/events/geteventlist/SEARCH,"{""alertlevel"": ""green;orange;red"", ""country"": ""Peru"", ""eventlist"": ""EQ;FL;TC;DR;WF;VO"", ""fromdate"": ""2020-01-01"", ""pagenumber"": 1, ""pagesize"": 100, ""todate"": ""2020-12-31""}",https://www.gdacs.org/gdacsapi/api/events/geteventlist/SEARCH?eventlist=EQ%3BFL%3BTC%3BDR%3BWF%3BVO&fromdate=2020-01-01&todate=2020-12-31&country=Peru&alertlevel=green%3Borange%3Bred&pagesize=100&pagenumber=1,2026-09-28T11:51:07+00:00,200,DOWNLOADED,131041,0f3628997635de56f90bd0267d540ae181269923bd9fdc831ddb3f3576521c41,99,,application/json; charset=utf-8,https://www.gdacs.org/gdacsapi/api/events/geteventlist/SEARCH?eventlist=EQ%3BFL%3BTC%3BDR%3BWF%3BVO&fromdate=2020-01-01&todate=2020-12-31&country=Peru&alertlevel=green%3Borange%3Bred&pagesize=100&pagenumber=1,,
GDACS,gdacs_peru_2021_p001.json,https://www.gdacs.org/gdacsapi/api/events/geteventlist/SEARCH,"{""alertlevel"": ""green;orange;red"", ""country"": ""Peru"", ""eventlist"": ""EQ;FL;TC;DR;WF;VO"", ""fromdate"": ""2021-01-01"", ""pagenumber"": 1, ""pagesize"": 100, ""todate"": ""2021-12-31""}",https://www.gdacs.org/gdacsapi/api/events/geteventlist/SEARCH?eventlist=EQ%3BFL%3BTC%3BDR%3BWF%3BVO&fromdate=2021-01-01&todate=2021-12-31&country=Peru&alertlevel=green%3Borange%3Bred&pagesize=100&pagenumber=1,2026-09-28T11:51:09+00:00,200,DOWNLOADED,132578,9ade666a37831cbafe071762f89ed8b6b94523ffc39f2038fa9e2615e1411331,100,,application/json; charset=utf-8,https://www.gdacs.org/gdacsapi/api/events/geteventlist/SEARCH?eventlist=EQ%3BFL%3BTC%3BDR%3BWF%3BVO&fromdate=2021-01-01&todate=2021-12-31&country=Peru&alertlevel=green%3Borange%3Bred&pagesize=100&pagenumber=1,,
GDACS,gdacs_peru_2021_p002.json,https://www.gdacs.org/gdacsapi/api/events/geteventlist/SEARCH,"{""alertlevel"": ""green;orange;red"", ""country"": ""Peru"", ""eventlist"": ""EQ;FL;TC;DR;WF;VO"", ""fromdate"": ""2021-01-01"", ""pagenumber"": 2, ""pagesize"": 100, ""todate"": ""2021-12-31""}",https://www.gdacs.org/gdacsapi/api/events/geteventlist/SEARCH?eventlist=EQ%3BFL%3BTC%3BDR%3BWF%3BVO&fromdate=2021-01-01&todate=2021-12-31&country=Peru&alertlevel=green%3Borange%3Bred&pagesize=100&pagenumber=2,2026-09-28T11:51:11+00:00,200,DOWNLOADED,66099,b3ef612edecf7066d9bf76594af5f3679e53766b60ec1921b7c83ca42c91ab6a,50,,application/json; charset=utf-8,https://www.gdacs.org/gdacsapi/api/events/geteventlist/SEARCH?eventlist=EQ%3BFL%3BTC%3BDR%3BWF%3BVO&fromdate=2021-01-01&todate=2021-12-31&country=Peru&alertlevel=green%3Borange%3Bred&pagesize=100&pagenumber=2,,
GDACS,gdacs_peru_2022_p001.json,https://www.gdacs.org/gdacsapi/api/events/geteventlist/SEARCH,"{""alertlevel"": ""green;orange;red"", ""country"": ""Peru"", ""eventlist"": ""EQ;FL;TC;DR;WF;VO"", ""fromdate"": ""2022-01-01"", ""pagenumber"": 1, ""pagesize"": 100, ""todate"": ""2022-12-31""}",https://www.gdacs.org/gdacsapi/api/events/geteventlist/SEARCH?eventlist=EQ%3BFL%3BTC%3BDR%3BWF%3BVO&fromdate=2022-01-01&todate=2022-12-31&country=Peru&alertlevel=green%3Borange%3Bred&pagesize=100&pagenumber=1,2026-09-28T11:51:15+00:00,200,DOWNLOADED,132881,bb889dec863550eaa1656b66ced32a6bac18e3cf9c436f803b9a7fbe9646976b,100,,application/json; charset=utf-8,https://www.gdacs.org/gdacsapi/api/events/geteventlist/SEARCH?eventlist=EQ%3BFL%3BTC%3BDR%3BWF%3BVO&fromdate=2022-01-01&todate=2022-12-31&country=Peru&alertlevel=green%3Borange%3Bred&pagesize=100&pagenumber=1,,
GDACS,gdacs_peru_2022_p002.json,https://www.gdacs.org/gdacsapi/api/events/geteventlist/SEARCH,"{""alertlevel"": ""green;orange;red"", ""country"": ""Peru"", ""eventlist"": ""EQ;FL;TC;DR;WF;VO"", ""fromdate"": ""2022-01-01"", ""pagenumber"": 2, ""pagesize"": 100, ""todate"": ""2022-12-31""}",https://www.gdacs.org/gdacsapi/api/events/geteventlist/SEARCH?eventlist=EQ%3BFL%3BTC%3BDR%3BWF%3BVO&fromdate=2022-01-01&todate=2022-12-31&country=Peru&alertlevel=green%3Borange%3Bred&pagesize=100&pagenumber=2,2026-09-28T11:51:19+00:00,200,DOWNLOADED,58253,e51d02ad635ad463952e6bed2804ec8e8d4ae0d184330b1ffaf3c05160216cce,44,,application/json; charset=utf-8,https://www.gdacs.org/gdacsapi/api/events/geteventlist/SEARCH?eventlist=EQ%3BFL%3BTC%3BDR%3BWF%3BVO&fromdate=2022-01-01&todate=2022-12-31&country=Peru&alertlevel=green%3Borange%3Bred&pagesize=100&pagenumber=2,,
GDACS,gdacs_peru_2023_p001.json,https://www.gdacs.org/gdacsapi/api/events/geteventlist/SEARCH,"{""alertlevel"": ""green;orange;red"", ""country"": ""Peru"", ""eventlist"": ""EQ;FL;TC;DR;WF;VO"", ""fromdate"": ""2023-01-01"", ""pagenumber"": 1, ""pagesize"": 100, ""todate"": ""2023-12-31""}",https://www.gdacs.org/gdacsapi/api/events/geteventlist/SEARCH?eventlist=EQ%3BFL%3BTC%3BDR%3BWF%3BVO&fromdate=2023-01-01&todate=2023-12-31&country=Peru&alertlevel=green%3Borange%3Bred&pagesize=100&pagenumber=1,2026-09-28T11:51:22+00:00,200,DOWNLOADED,132634,446013655a885dc5c24e856360de23527be46870fb48845fdd2ab48c2c10a405,100,,application/json; charset=utf-8,https://www.gdacs.org/gdacsapi/api/events/geteventlist/SEARCH?eventlist=EQ%3BFL%3BTC%3BDR%3BWF%3BVO&fromdate=2023-01-01&todate=2023-12-31&country=Peru&alertlevel=green%3Borange%3Bred&pagesize=100&pagenumber=1,,
GDACS,gdacs_peru_2023_p002.json,https://www.gdacs.org/gdacsapi/api/events/geteventlist/SEARCH,"{""alertlevel"": ""green;orange;red"", ""country"": ""Peru"", ""eventlist"": ""EQ;FL;TC;DR;WF;VO"", ""fromdate"": ""2023-01-01"", ""pagenumber"": 2, ""pagesize"": 100, ""todate"": ""2023-12-31""}",https://www.gdacs.org/gdacsapi/api/events/geteventlist/SEARCH?eventlist=EQ%3BFL%3BTC%3BDR%3BWF%3BVO&fromdate=2023-01-01&todate=2023-12-31&country=Peru&alertlevel=green%3Borange%3Bred&pagesize=100&pagenumber=2,2026-09-28T11:51:24+00:00,200,DOWNLOADED,14649,65cc8b6294016a4a69ad9293106a81b17cfd467f9d102746605df12b815d5945,11,,application/json; charset=utf-8,https://www.gdacs.org/gdacsapi/api/events/geteventlist/SEARCH?eventlist=EQ%3BFL%3BTC%3BDR%3BWF%3BVO&fromdate=2023-01-01&todate=2023-12-31&country=Peru&alertlevel=green%3Borange%3Bred&pagesize=100&pagenumber=2,,
GDACS,gdacs_peru_2024_p001.json,https://www.gdacs.org/gdacsapi/api/events/geteventlist/SEARCH,"{""alertlevel"": ""green;orange;red"", ""country"": ""Peru"", ""eventlist"": ""EQ;FL;TC;DR;WF;VO"", ""fromdate"": ""2024-01-01"", ""pagenumber"": 1, ""pagesize"": 100, ""todate"": ""2024-12-31""}",https://www.gdacs.org/gdacsapi/api/events/geteventlist/SEARCH?eventlist=EQ%3BFL%3BTC%3BDR%3BWF%3BVO&fromdate=2024-01-01&todate=2024-12-31&country=Peru&alertlevel=green%3Borange%3Bred&pagesize=100&pagenumber=1,2026-09-28T11:51:25+00:00,200,DOWNLOADED,132377,f22131e2525918f1d75fbb5d8ea803f686e523f8095111718e5c01a512749808,100,,application/json; charset=utf-8,https://www.gdacs.org/gdacsapi/api/events/geteventlist/SEARCH?eventlist=EQ%3BFL%3BTC%3BDR%3BWF%3BVO&fromdate=2024-01-01&todate=2024-12-31&country=Peru&alertlevel=green%3Borange%3Bred&pagesize=100&pagenumber=1,,
GDACS,gdacs_peru_2024_p002.json,https://www.gdacs.org/gdacsapi/api/events/geteventlist/SEARCH,"{""alertlevel"": ""green;orange;red"", ""country"": ""Peru"", ""eventlist"": ""EQ;FL;TC;DR;WF;VO"", ""fromdate"": ""2024-01-01"", ""pagenumber"": 2, ""pagesize"": 100, ""todate"": ""2024-12-31""}",https://www.gdacs.org/gdacsapi/api/events/geteventlist/SEARCH?eventlist=EQ%3BFL%3BTC%3BDR%3BWF%3BVO&fromdate=2024-01-01&todate=2024-12-31&country=Peru&alertlevel=green%3Borange%3Bred&pagesize=100&pagenumber=2,2026-09-28T11:51:28+00:00,200,DOWNLOADED,7966,36e5d9c679f582b308bff27471d57f605938bf3e54d401d2656b1cd8e02373dc,6,,application/json; charset=utf-8,https://www.gdacs.org/gdacsapi/api/events/geteventlist/SEARCH?eventlist=EQ%3BFL%3BTC%3BDR%3BWF%3BVO&fromdate=2024-01-01&todate=2024-12-31&country=Peru&alertlevel=green%3Borange%3Bred&pagesize=100&pagenumber=2,,
GDACS,gdacs_peru_2025_p001.json,https://www.gdacs.org/gdacsapi/api/events/geteventlist/SEARCH,"{""alertlevel"": ""green;orange;red"", ""country"": ""Peru"", ""eventlist"": ""EQ;FL;TC;DR;WF;VO"", ""fromdate"": ""2025-01-01"", ""pagenumber"": 1, ""pagesize"": 100, ""todate"": ""2025-12-31""}",https://www.gdacs.org/gdacsapi/api/events/geteventlist/SEARCH?eventlist=EQ%3BFL%3BTC%3BDR%3BWF%3BVO&fromdate=2025-01-01&todate=2025-12-31&country=Peru&alertlevel=green%3Borange%3Bred&pagesize=100&pagenumber=1,2026-09-28T11:51:31+00:00,200,DOWNLOADED,126900,680f10ed4b4725964dc49dc4bcf6ac70c16a5d52d440826f802e5805fe8c1366,96,,application/json; charset=utf-8,https://www.gdacs.org/gdacsapi/api/events/geteventlist/SEARCH?eventlist=EQ%3BFL%3BTC%3BDR%3BWF%3BVO&fromdate=2025-01-01&todate=2025-12-31&country=Peru&alertlevel=green%3Borange%3Bred&pagesize=100&pagenumber=1,,
GDACS,gdacs_peru_2026_p001.json,https://www.gdacs.org/gdacsapi/api/events/geteventlist/SEARCH,"{""alertlevel"": ""green;orange;red"", ""country"": ""Peru"", ""eventlist"": ""EQ;FL;TC;DR;WF;VO"", ""fromdate"": ""2026-01-01"", ""pagenumber"": 1, ""pagesize"": 100, ""todate"": ""2026-08-31""}",https://www.gdacs.org/gdacsapi/api/events/geteventlist/SEARCH?eventlist=EQ%3BFL%3BTC%3BDR%3BWF%3BVO&fromdate=2026-01-01&todate=2026-08-31&country=Peru&alertlevel=green%3Borange%3Bred&pagesize=100&pagenumber=1,2026-09-28T11:51:34+00:00,200,DOWNLOADED,108259,524db37c876c96238f71ebb18d49a2c18465da0e0b4619432566d1be5e628da7,82,,application/json; charset=utf-8,https://www.gdacs.org/gdacsapi/api/events/geteventlist/SEARCH?eventlist=EQ%3BFL%3BTC%3BDR%3BWF%3BVO&fromdate=2026-01-01&todate=2026-08-31&country=Peru&alertlevel=green%3Borange%3Bred&pagesize=100&pagenumber=1,,
GDACS,detail_DR_1012802.json,https://www.gdacs.org/gdacsapi/api/events/geteventdata,"{""eventid"": 1012802, ""eventtype"": ""DR""}",https://www.gdacs.org/gdacsapi/api/events/geteventdata?eventtype=DR&eventid=1012802,2026-09-28T11:51:36+00:00,200,DOWNLOADED,2785,4cf4aa3f54e9d5e9a077d6c5b50394d246b4aec39a95428ab18570be8a1539f0,,,application/json; charset=utf-8,https://www.gdacs.org/gdacsapi/api/events/geteventdata?eventtype=DR&eventid=1012802,,
GDACS,geometry_DR_1012802_6.json,https://www.gdacs.org/gdacsapi/api/polygons/getgeometry,"{""episodeid"": 6, ""eventid"": 1012802, ""eventtype"": ""DR""}",https://www.gdacs.org/gdacsapi/api/polygons/getgeometry?eventtype=DR&eventid=1012802&episodeid=6,2026-09-28T11:51:37+00:00,200,DOWNLOADED,3106,382947656f25f1f090b414afc8e7dd528cf34427062c7f54787aa9fe6378590f,,,application/json; charset=utf-8,https://www.gdacs.org/gdacsapi/api/polygons/getgeometry?eventtype=DR&eventid=1012802&episodeid=6,,
GDACS,detail_DR_1016612.json,https://www.gdacs.org/gdacsapi/api/events/geteventdata,"{""eventid"": 1016612, ""eventtype"": ""DR""}",https://www.gdacs.org/gdacsapi/api/events/geteventdata?eventtype=DR&eventid=1016612,2026-09-28T11:51:38+00:00,200,DOWNLOADED,2951,bf17ac34416066d641a5bfb429596fc2d81339aa1f2ccd71a2b661fe046c9825,,,application/json; charset=utf-8,https://www.gdacs.org/gdacsapi/api/events/geteventdata?eventtype=DR&eventid=1016612,,
GDACS,geometry_DR_1016612_5.json,https://www.gdacs.org/gdacsapi/api/polygons/getgeometry,"{""episodeid"": 5, ""eventid"": 1016612, ""eventtype"": ""DR""}",https://www.gdacs.org/gdacsapi/api/polygons/getgeometry?eventtype=DR&eventid=1016612&episodeid=5,2026-09-28T11:51:38+00:00,200,DOWNLOADED,4251,0b92bb8e3104df2efd156f1718fb1c5f0f2a3971e373b37ad76f370ab6eb64b3,,,application/json; charset=utf-8,https://www.gdacs.org/gdacsapi/api/polygons/getgeometry?eventtype=DR&eventid=1016612&episodeid=5,,
GDACS,detail_EQ_1084565.json,https://www.gdacs.org/gdacsapi/api/events/geteventdata,"{""eventid"": 1084565, ""eventtype"": ""EQ""}",https://www.gdacs.org/gdacsapi/api/events/geteventdata?eventtype=EQ&eventid=1084565,2026-09-28T11:51:42+00:00,200,DOWNLOADED,4923,919e91c2fa2230eb2e909d91cc31dce68a80819ab6432e6e1b4c1d7d0516c4b5,,,application/json; charset=utf-8,https://www.gdacs.org/gdacsapi/api/events/geteventdata?eventtype=EQ&eventid=1084565,,
GDACS,geometry_EQ_1084565_1125608.json,https://www.gdacs.org/gdacsapi/api/polygons/getgeometry,"{""episodeid"": 1125608, ""eventid"": 1084565, ""eventtype"": ""EQ""}",https://www.gdacs.org/gdacsapi/api/polygons/getgeometry?eventtype=EQ&eventid=1084565&episodeid=1125608,2026-09-28T11:51:42+00:00,200,DOWNLOADED,89549,6c1eb71c7c44ab713ea05ed224bd67ebb393879e0b3a45e6e3ca3a7629d8590a,,,application/json; charset=utf-8,https://www.gdacs.org/gdacsapi/api/polygons/getgeometry?eventtype=EQ&eventid=1084565&episodeid=1125608,,
GDACS,detail_EQ_1086512.json,https://www.gdacs.org/gdacsapi/api/events/geteventdata,"{""eventid"": 1086512, ""eventtype"": ""EQ""}",https://www.gdacs.org/gdacsapi/api/events/geteventdata?eventtype=EQ&eventid=1086512,2026-09-28T11:51:45+00:00,200,DOWNLOADED,4307,1d6b9ddd2c9d759872378a8328f23ff7f23b23dd1d0e446077f2b662cf75f639,,,application/json; charset=utf-8,https://www.gdacs.org/gdacsapi/api/events/geteventdata?eventtype=EQ&eventid=1086512,,
GDACS,geometry_EQ_1086512_1128626.json,https://www.gdacs.org/gdacsapi/api/polygons/getgeometry,"{""episodeid"": 1128626, ""eventid"": 1086512, ""eventtype"": ""EQ""}",https://www.gdacs.org/gdacsapi/api/polygons/getgeometry?eventtype=EQ&eventid=1086512&episodeid=1128626,2026-09-28T11:51:46+00:00,200,DOWNLOADED,79774,cbb8d45eef97dcb21d4e292c8d91d2b2d54882db3d76155ba7cfec493f3065ef,,,application/json; charset=utf-8,https://www.gdacs.org/gdacsapi/api/polygons/getgeometry?eventtype=EQ&eventid=1086512&episodeid=1128626,,
GDACS,detail_EQ_1093903.json,https://www.gdacs.org/gdacsapi/api/events/geteventdata,"{""eventid"": 1093903, ""eventtype"": ""EQ""}",https://www.gdacs.org/gdacsapi/api/events/geteventdata?eventtype=EQ&eventid=1093903,2026-09-28T11:51:53+00:00,200,DOWNLOADED,4318,f5f7d4a7ef531ac8a327a90748fd096a29df1e6e19369b501cafe62922790118,,,application/json; charset=utf-8,https://www.gdacs.org/gdacsapi/api/events/geteventdata?eventtype=EQ&eventid=1093903,,
GDACS,geometry_EQ_1093903_1139894.json,https://www.gdacs.org/gdacsapi/api/polygons/getgeometry,"{""episodeid"": 1139894, ""eventid"": 1093903, ""eventtype"": ""EQ""}",https://www.gdacs.org/gdacsapi/api/polygons/getgeometry?eventtype=EQ&eventid=1093903&episodeid=1139894,2026-09-28T11:51:55+00:00,200,DOWNLOADED,51846,01e427ec1573823f47c3294aaf064b9d4483908f2d399232c340a2d31a75b74c,,,application/json; charset=utf-8,https://www.gdacs.org/gdacsapi/api/polygons/getgeometry?eventtype=EQ&eventid=1093903&episodeid=1139894,,
GDACS,detail_EQ_1099779.json,https://www.gdacs.org/gdacsapi/api/events/geteventdata,"{""eventid"": 1099779, ""eventtype"": ""EQ""}",https://www.gdacs.org/gdacsapi/api/events/geteventdata?eventtype=EQ&eventid=1099779,2026-09-28T11:51:56+00:00,200,DOWNLOADED,4459,e54ce95bbb8ccd73e8b4b7d2e8dfaaea5d684598354b99823d2c2abd9cfdb6bc,,,application/json; charset=utf-8,https://www.gdacs.org/gdacsapi/api/events/geteventdata?eventtype=EQ&eventid=1099779,,
GDACS,geometry_EQ_1099779_1148869.json,https://www.gdacs.org/gdacsapi/api/polygons/getgeometry,"{""episodeid"": 1148869, ""eventid"": 1099779, ""eventtype"": ""EQ""}",https://www.gdacs.org/gdacsapi/api/polygons/getgeometry?eventtype=EQ&eventid=1099779&episodeid=1148869,2026-09-28T11:51:57+00:00,200,DOWNLOADED,74125,4d23fa005a1b6a138ee9b8591083b01148385fb3efbcaac984ce2e1e26f200f6,,,application/json; charset=utf-8,https://www.gdacs.org/gdacsapi/api/polygons/getgeometry?eventtype=EQ&eventid=1099779&episodeid=1148869,,
GDACS,detail_EQ_1171579.json,https://www.gdacs.org/gdacsapi/api/events/geteventdata,"{""eventid"": 1171579, ""eventtype"": ""EQ""}",https://www.gdacs.org/gdacsapi/api/events/geteventdata?eventtype=EQ&eventid=1171579,2026-09-28T11:51:58+00:00,200,DOWNLOADED,5022,d7b4a50b4b14a6e67b811a7b25e09b6b9c4f95dc11880435634d977009dfabdd,,,application/json; charset=utf-8,https://www.gdacs.org/gdacsapi/api/events/geteventdata?eventtype=EQ&eventid=1171579,,
GDACS,geometry_EQ_1171579_1249833.json,https://www.gdacs.org/gdacsapi/api/polygons/getgeometry,"{""episodeid"": 1249833, ""eventid"": 1171579, ""eventtype"": ""EQ""}",https://www.gdacs.org/gdacsapi/api/polygons/getgeometry?eventtype=EQ&eventid=1171579&episodeid=1249833,2026-09-28T11:51:59+00:00,,DOWNLOAD_FAILED,0,,,URLError: <urlopen error _ssl.c:983: The handshake operation timed out>,,,,
GDACS,detail_EQ_1180592.json,https://www.gdacs.org/gdacsapi/api/events/geteventdata,"{""eventid"": 1180592, ""eventtype"": ""EQ""}",https://www.gdacs.org/gdacsapi/api/events/geteventdata?eventtype=EQ&eventid=1180592,2026-09-28T11:54:00+00:00,200,DOWNLOADED,6125,31333e9c8d2b77ba9e4fae477aa212aa489593a2154d918d9e88089260c8c8a1,,,application/json; charset=utf-8,https://www.gdacs.org/gdacsapi/api/events/geteventdata?eventtype=EQ&eventid=1180592,,
GDACS,geometry_EQ_1180592_1261726.json,https://www.gdacs.org/gdacsapi/api/polygons/getgeometry,"{""episodeid"": 1261726, ""eventid"": 1180592, ""eventtype"": ""EQ""}",https://www.gdacs.org/gdacsapi/api/polygons/getgeometry?eventtype=EQ&eventid=1180592&episodeid=1261726,2026-09-28T11:54:03+00:00,200,DOWNLOADED,28962,a0d60b5266d8a9915195433f0bb4fdc94b2f82b28e7b928d182c22eefc2e1f29,,,application/json; charset=utf-8,https://www.gdacs.org/gdacsapi/api/polygons/getgeometry?eventtype=EQ&eventid=1180592&episodeid=1261726,,
GDACS,detail_EQ_1279340.json,https://www.gdacs.org/gdacsapi/api/events/geteventdata,"{""eventid"": 1279340, ""eventtype"": ""EQ""}",https://www.gdacs.org/gdacsapi/api/events/geteventdata?eventtype=EQ&eventid=1279340,2026-09-28T11:54:05+00:00,200,DOWNLOADED,5816,a66ee01e2081b94e5f1731752cfe2cf98e770803494323558b4b917f2b03704b,,,application/json; charset=utf-8,https://www.gdacs.org/gdacsapi/api/events/geteventdata?eventtype=EQ&eventid=1279340,,
GDACS,geometry_EQ_1279340_1388610.json,https://www.gdacs.org/gdacsapi/api/polygons/getgeometry,"{""episodeid"": 1388610, ""eventid"": 1279340, ""eventtype"": ""EQ""}",https://www.gdacs.org/gdacsapi/api/polygons/getgeometry?eventtype=EQ&eventid=1279340&episodeid=1388610,2026-09-28T11:54:07+00:00,200,DOWNLOADED,23841,62dcd35d0c7daf2a66b65807fcd2e8aadd085c504b60c345cfdd1d51cd5a34ba,,,application/json; charset=utf-8,https://www.gdacs.org/gdacsapi/api/polygons/getgeometry?eventtype=EQ&eventid=1279340&episodeid=1388610,,
GDACS,detail_EQ_1298872.json,https://www.gdacs.org/gdacsapi/api/events/geteventdata,"{""eventid"": 1298872, ""eventtype"": ""EQ""}",https://www.gdacs.org/gdacsapi/api/events/geteventdata?eventtype=EQ&eventid=1298872,2026-09-28T11:54:08+00:00,200,DOWNLOADED,5937,c2a500da6fb24fb382b642a2c9cac3c30ac28d7d902b5c23e05f694553d31fdf,,,application/json; charset=utf-8,https://www.gdacs.org/gdacsapi/api/events/geteventdata?eventtype=EQ&eventid=1298872,,
GDACS,geometry_EQ_1298872_1412418.json,https://www.gdacs.org/gdacsapi/api/polygons/getgeometry,"{""episodeid"": 1412418, ""eventid"": 1298872, ""eventtype"": ""EQ""}",https://www.gdacs.org/gdacsapi/api/polygons/getgeometry?eventtype=EQ&eventid=1298872&episodeid=1412418,2026-09-28T11:54:09+00:00,200,DOWNLOADED,35402,3621ad581a88d7337e685dd35c747d3dcad39099f64362187a93e6763ebd15ca,,,application/json; charset=utf-8,https://www.gdacs.org/gdacsapi/api/polygons/getgeometry?eventtype=EQ&eventid=1298872&episodeid=1412418,,
GDACS,detail_EQ_1365556.json,https://www.gdacs.org/gdacsapi/api/events/geteventdata,"{""eventid"": 1365556, ""eventtype"": ""EQ""}",https://www.gdacs.org/gdacsapi/api/events/geteventdata?eventtype=EQ&eventid=1365556,2026-09-28T11:54:11+00:00,200,DOWNLOADED,6525,41ad838c6269600a4e3f64b84dc4bde9bbf6e9b1adc9c5988aee79667f0dcee3,,,application/json; charset=utf-8,https://www.gdacs.org/gdacsapi/api/events/geteventdata?eventtype=EQ&eventid=1365556,,
GDACS,geometry_EQ_1365556_1496206.json,https://www.gdacs.org/gdacsapi/api/polygons/getgeometry,"{""episodeid"": 1496206, ""eventid"": 1365556, ""eventtype"": ""EQ""}",https://www.gdacs.org/gdacsapi/api/polygons/getgeometry?eventtype=EQ&eventid=1365556&episodeid=1496206,2026-09-28T11:54:12+00:00,200,DOWNLOADED,1153404,448d46aa92db6cce4a0dcd0960d56662cbb4491914e12800b605f8d40fc970f7,,,application/json; charset=utf-8,https://www.gdacs.org/gdacsapi/api/polygons/getgeometry?eventtype=EQ&eventid=1365556&episodeid=1496206,,
GDACS,detail_EQ_1376865.json,https://www.gdacs.org/gdacsapi/api/events/geteventdata,"{""eventid"": 1376865, ""eventtype"": ""EQ""}",https://www.gdacs.org/gdacsapi/api/events/geteventdata?eventtype=EQ&eventid=1376865,2026-09-28T11:54:20+00:00,200,DOWNLOADED,4418,9bce8ceb127d2dbe6b0212514f16d25234f7e5c1aad0842f085ee26bf8fb5a74,,,application/json; charset=utf-8,https://www.gdacs.org/gdacsapi/api/events/geteventdata?eventtype=EQ&eventid=1376865,,
GDACS,geometry_EQ_1376865_1508940.json,https://www.gdacs.org/gdacsapi/api/polygons/getgeometry,"{""episodeid"": 1508940, ""eventid"": 1376865, ""eventtype"": ""EQ""}",https://www.gdacs.org/gdacsapi/api/polygons/getgeometry?eventtype=EQ&eventid=1376865&episodeid=1508940,2026-09-28T11:54:23+00:00,200,DOWNLOADED,492484,82dca2ebfebc6542211dd5a03efc4acc2f9123272a4ee3b87606da4050c85ab7,,,application/json; charset=utf-8,https://www.gdacs.org/gdacsapi/api/polygons/getgeometry?eventtype=EQ&eventid=1376865&episodeid=1508940,,
GDACS,detail_EQ_1387441.json,https://www.gdacs.org/gdacsapi/api/events/geteventdata,"{""eventid"": 1387441, ""eventtype"": ""EQ""}",https://www.gdacs.org/gdacsapi/api/events/geteventdata?eventtype=EQ&eventid=1387441,2026-09-28T11:54:27+00:00,200,DOWNLOADED,6223,a0a7de7c4f59dccfe118822496260c6fb9132c94b10ab143849acb2f2d2ce7dd,,,application/json; charset=utf-8,https://www.gdacs.org/gdacsapi/api/events/geteventdata?eventtype=EQ&eventid=1387441,,
GDACS,geometry_EQ_1387441_1520774.json,https://www.gdacs.org/gdacsapi/api/polygons/getgeometry,"{""episodeid"": 1520774, ""eventid"": 1387441, ""eventtype"": ""EQ""}",https://www.gdacs.org/gdacsapi/api/polygons/getgeometry?eventtype=EQ&eventid=1387441&episodeid=1520774,2026-09-28T11:54:28+00:00,200,DOWNLOADED,428478,599557702a9f0f687c99d995aadc387383af3dc4eead710c59c832ddd6cef766,,,application/json; charset=utf-8,https://www.gdacs.org/gdacsapi/api/polygons/getgeometry?eventtype=EQ&eventid=1387441&episodeid=1520774,,
GDACS,detail_EQ_1435013.json,https://www.gdacs.org/gdacsapi/api/events/geteventdata,"{""eventid"": 1435013, ""eventtype"": ""EQ""}",https://www.gdacs.org/gdacsapi/api/events/geteventdata?eventtype=EQ&eventid=1435013,2026-09-28T11:54:31+00:00,200,DOWNLOADED,5441,736d10391f61f6976ae0cad8af693dc8ca976e66962c422ee1ff1b35a8409043,,,application/json; charset=utf-8,https://www.gdacs.org/gdacsapi/api/events/geteventdata?eventtype=EQ&eventid=1435013,,
GDACS,geometry_EQ_1435013_1579146.json,https://www.gdacs.org/gdacsapi/api/polygons/getgeometry,"{""episodeid"": 1579146, ""eventid"": 1435013, ""eventtype"": ""EQ""}",https://www.gdacs.org/gdacsapi/api/polygons/getgeometry?eventtype=EQ&eventid=1435013&episodeid=1579146,2026-09-28T11:54:32+00:00,200,DOWNLOADED,1645780,ea82cafab0b5ad86fe6596b210517a703c5b8b0635d47c74d96003f8c7057780,,,application/json; charset=utf-8,https://www.gdacs.org/gdacsapi/api/polygons/getgeometry?eventtype=EQ&eventid=1435013&episodeid=1579146,,
GDACS,detail_EQ_1478853.json,https://www.gdacs.org/gdacsapi/api/events/geteventdata,"{""eventid"": 1478853, ""eventtype"": ""EQ""}",https://www.gdacs.org/gdacsapi/api/events/geteventdata?eventtype=EQ&eventid=1478853,2026-09-28T11:55:00+00:00,200,DOWNLOADED,5548,9dd9d7042b66b13931bdc39cd3a800fd8a8bd7b3b3054a689f02b59863f714a2,,,application/json; charset=utf-8,https://www.gdacs.org/gdacsapi/api/events/geteventdata?eventtype=EQ&eventid=1478853,,
GDACS,geometry_EQ_1478853_1635494.json,https://www.gdacs.org/gdacsapi/api/polygons/getgeometry,"{""episodeid"": 1635494, ""eventid"": 1478853, ""eventtype"": ""EQ""}",https://www.gdacs.org/gdacsapi/api/polygons/getgeometry?eventtype=EQ&eventid=1478853&episodeid=1635494,2026-09-28T11:55:01+00:00,200,DOWNLOADED,823736,9c2997db15ffc097c6c1909f84aa5a5a97b98a4b041cb5ac891c624bc3bfb0be,,,application/json; charset=utf-8,https://www.gdacs.org/gdacsapi/api/polygons/getgeometry?eventtype=EQ&eventid=1478853&episodeid=1635494,,
GDACS,detail_EQ_1485124.json,https://www.gdacs.org/gdacsapi/api/events/geteventdata,"{""eventid"": 1485124, ""eventtype"": ""EQ""}",https://www.gdacs.org/gdacsapi/api/events/geteventdata?eventtype=EQ&eventid=1485124,2026-09-28T11:55:07+00:00,200,DOWNLOADED,6204,870ca13082f453efb160663937daa1d47751924c56983679d5a4e591fd9c572f,,,application/json; charset=utf-8,https://www.gdacs.org/gdacsapi/api/events/geteventdata?eventtype=EQ&eventid=1485124,,
GDACS,geometry_EQ_1485124_1642572.json,https://www.gdacs.org/gdacsapi/api/polygons/getgeometry,"{""episodeid"": 1642572, ""eventid"": 1485124, ""eventtype"": ""EQ""}",https://www.gdacs.org/gdacsapi/api/polygons/getgeometry?eventtype=EQ&eventid=1485124&episodeid=1642572,2026-09-28T11:55:08+00:00,200,DOWNLOADED,581829,4cccb59f3450d2c71f2615c350d5286b92d08c82e89b7dbfa1b396f19bcc0d7f,,,application/json; charset=utf-8,https://www.gdacs.org/gdacsapi/api/polygons/getgeometry?eventtype=EQ&eventid=1485124&episodeid=1642572,,
GDACS,detail_EQ_1552752.json,https://www.gdacs.org/gdacsapi/api/events/geteventdata,"{""eventid"": 1552752, ""eventtype"": ""EQ""}",https://www.gdacs.org/gdacsapi/api/events/geteventdata?eventtype=EQ&eventid=1552752,2026-09-28T11:55:20+00:00,,DOWNLOAD_FAILED,0,,,URLError: <urlopen error [WinError 10060] 由于连接方在一段时间后没有正确答复或连接的主机没有反应，连接尝试失败。>,,,,
GDACS,geometry_EQ_1552752_1719805.json,https://www.gdacs.org/gdacsapi/api/polygons/getgeometry,"{""episodeid"": 1719805, ""eventid"": 1552752, ""eventtype"": ""EQ""}",https://www.gdacs.org/gdacsapi/api/polygons/getgeometry?eventtype=EQ&eventid=1552752&episodeid=1719805,2026-09-28T11:55:41+00:00,200,DOWNLOADED,1366983,6773566c7eb22ef3505f5b13194807888a58c8b3abbb50205a1f0ad729197042,,,application/json; charset=utf-8,https://www.gdacs.org/gdacsapi/api/polygons/getgeometry?eventtype=EQ&eventid=1552752&episodeid=1719805,,
GDACS,detail_EQ_1557236.json,https://www.gdacs.org/gdacsapi/api/events/geteventdata,"{""eventid"": 1557236, ""eventtype"": ""EQ""}",https://www.gdacs.org/gdacsapi/api/events/geteventdata?eventtype=EQ&eventid=1557236,2026-09-28T11:56:13+00:00,200,DOWNLOADED,6653,33c4e99344aef1340834a38b2b9f75373d5fd3af71d060e50b2849b264a6452e,,,application/json; charset=utf-8,https://www.gdacs.org/gdacsapi/api/events/geteventdata?eventtype=EQ&eventid=1557236,,
GDACS,geometry_EQ_1557236_1724218.json,https://www.gdacs.org/gdacsapi/api/polygons/getgeometry,"{""episodeid"": 1724218, ""eventid"": 1557236, ""eventtype"": ""EQ""}",https://www.gdacs.org/gdacsapi/api/polygons/getgeometry?eventtype=EQ&eventid=1557236&episodeid=1724218,2026-09-28T11:56:14+00:00,200,DOWNLOADED,2517440,8c42aa1a60d067c4dff9c5e6bc41017a604f552a5d59444f6be4deb5fe7ec120,,,application/json; charset=utf-8,https://www.gdacs.org/gdacsapi/api/polygons/getgeometry?eventtype=EQ&eventid=1557236&episodeid=1724218,,
GDACS,detail_FL_1000072.json,https://www.gdacs.org/gdacsapi/api/events/geteventdata,"{""eventid"": 1000072, ""eventtype"": ""FL""}",https://www.gdacs.org/gdacsapi/api/events/geteventdata?eventtype=FL&eventid=1000072,2026-09-28T11:56:27+00:00,200,DOWNLOADED,3006,00df9cece8b1255a4d91029564283dca96a93470a99df2924c533cf53b2e2e76,,,application/json; charset=utf-8,https://www.gdacs.org/gdacsapi/api/events/geteventdata?eventtype=FL&eventid=1000072,,
GDACS,geometry_FL_1000072_4.json,https://www.gdacs.org/gdacsapi/api/polygons/getgeometry,"{""episodeid"": 4, ""eventid"": 1000072, ""eventtype"": ""FL""}",https://www.gdacs.org/gdacsapi/api/polygons/getgeometry?eventtype=FL&eventid=1000072&episodeid=4,2026-09-28T11:56:28+00:00,200,DOWNLOADED,3311,67d6c5c5777f1fbc715e9acc6d6237b1e12f9fe5b00943c55825c42d96c8618b,,,application/json; charset=utf-8,https://www.gdacs.org/gdacsapi/api/polygons/getgeometry?eventtype=FL&eventid=1000072&episodeid=4,,
GDACS,detail_FL_1000075.json,https://www.gdacs.org/gdacsapi/api/events/geteventdata,"{""eventid"": 1000075, ""eventtype"": ""FL""}",https://www.gdacs.org/gdacsapi/api/events/geteventdata?eventtype=FL&eventid=1000075,2026-09-28T11:56:29+00:00,200,DOWNLOADED,2668,16c881c8a63fa07425856415137298af363e31b2f35d4bfafaaaa1b91099efb5,,,application/json; charset=utf-8,https://www.gdacs.org/gdacsapi/api/events/geteventdata?eventtype=FL&eventid=1000075,,
GDACS,geometry_FL_1000075_1.json,https://www.gdacs.org/gdacsapi/api/polygons/getgeometry,"{""episodeid"": 1, ""eventid"": 1000075, ""eventtype"": ""FL""}",https://www.gdacs.org/gdacsapi/api/polygons/getgeometry?eventtype=FL&eventid=1000075&episodeid=1,2026-09-28T11:56:30+00:00,200,DOWNLOADED,2982,f16921cd72bb2314241469c94deac5addf1a737bf66e7382e6433f9c4441571b,,,application/json; charset=utf-8,https://www.gdacs.org/gdacsapi/api/polygons/getgeometry?eventtype=FL&eventid=1000075&episodeid=1,,
GDACS,detail_TC_1000686.json,https://www.gdacs.org/gdacsapi/api/events/geteventdata,"{""eventid"": 1000686, ""eventtype"": ""TC""}",https://www.gdacs.org/gdacsapi/api/events/geteventdata?eventtype=TC&eventid=1000686,2026-09-28T11:56:31+00:00,200,DOWNLOADED,35815,00263819d93311f56f6ee76c627c68c89591e7671c3e2a6c3c96eecd1b24ddb9,,,application/json; charset=utf-8,https://www.gdacs.org/gdacsapi/api/events/geteventdata?eventtype=TC&eventid=1000686,,
GDACS,geometry_TC_1000686_33.json,https://www.gdacs.org/gdacsapi/api/polygons/getgeometry,"{""episodeid"": 33, ""eventid"": 1000686, ""eventtype"": ""TC""}",https://www.gdacs.org/gdacsapi/api/polygons/getgeometry?eventtype=TC&eventid=1000686&episodeid=33,2026-09-28T11:56:33+00:00,200,DOWNLOADED,347157,d0205f891d20e3427e172b14ec057ef2dcea47443b50d4d4f6d10c8c675d4598,,,application/json; charset=utf-8,https://www.gdacs.org/gdacsapi/api/polygons/getgeometry?eventtype=TC&eventid=1000686&episodeid=33,,
DesInventar,DI_export_col.zip,https://www.desinventar.net/DesInventar/download/DI_export_col.zip,{},https://www.desinventar.net/DesInventar/download/DI_export_col.zip,2026-09-28T12:03:29+00:00,200,DOWNLOADED,16536798,e68d8910b86822cb1ca3e6a85927ac232e72baa41d724b900a517622fee906fc,54374,,application/zip,https://www.desinventar.net/DesInventar/download/DI_export_col.zip,Colombia,1914-2018
DesInventar,DI_export_ecu.zip,https://www.desinventar.net/DesInventar/download/DI_export_ecu.zip,{},https://www.desinventar.net/DesInventar/download/DI_export_ecu.zip,2026-09-28T12:08:32+00:00,,DOWNLOAD_FAILED,0,,,"IncompleteRead: IncompleteRead(11232080 bytes read, 19685408 more expected)",,,Ecuador,1970-2023
DesInventar,DI_export_per.zip,https://www.desinventar.net/DesInventar/download/DI_export_per.zip,{},https://www.desinventar.net/DesInventar/download/DI_export_per.zip,2026-09-28T12:09:54+00:00,200,DOWNLOADED,5139806,1aa0e40c00d927eb4073d6c589cb03a34160b4aa4b304357db72568d4468af74,23657,,application/zip,https://www.desinventar.net/DesInventar/download/DI_export_per.zip,Peru,1970-2025
USGS,usgs_2015.geojson,https://earthquake.usgs.gov/fdsnws/event/1/query,"{""endtime"": ""2015-12-31T23:59:59"", ""format"": ""geojson"", ""maxlatitude"": 13, ""maxlongitude"": -66, ""minlatitude"": -19, ""minlongitude"": -83, ""orderby"": ""time-asc"", ""starttime"": ""2015-01-01T00:00:00""}",https://earthquake.usgs.gov/fdsnws/event/1/query?format=geojson&starttime=2015-01-01T00%3A00%3A00&endtime=2015-12-31T23%3A59%3A59&minlatitude=-19&maxlatitude=13&minlongitude=-83&maxlongitude=-66&orderby=time-asc,2026-09-28T11:58:55+00:00,200,DOWNLOADED,341508,8fd1ef0f7531755c36cd347134800466b7ad460da1e09cda35594ce68ae9c7b8,479,,application/json; charset=utf-8,https://earthquake.usgs.gov/fdsnws/event/1/query?format=geojson&starttime=2015-01-01T00%3A00%3A00&endtime=2015-12-31T23%3A59%3A59&minlatitude=-19&maxlatitude=13&minlongitude=-83&maxlongitude=-66&orderby=time-asc,,
USGS,usgs_2016.geojson,https://earthquake.usgs.gov/fdsnws/event/1/query,"{""endtime"": ""2016-12-31T23:59:59"", ""format"": ""geojson"", ""maxlatitude"": 13, ""maxlongitude"": -66, ""minlatitude"": -19, ""minlongitude"": -83, ""orderby"": ""time-asc"", ""starttime"": ""2016-01-01T00:00:00""}",https://earthquake.usgs.gov/fdsnws/event/1/query?format=geojson&starttime=2016-01-01T00%3A00%3A00&endtime=2016-12-31T23%3A59%3A59&minlatitude=-19&maxlatitude=13&minlongitude=-83&maxlongitude=-66&orderby=time-asc,2026-09-28T11:58:59+00:00,200,DOWNLOADED,451766,d2f015ce1b3dfe199eb8b9c4341484a6b0e56fe9ac6dbdc35d57957aeb5e3b29,633,,application/json; charset=utf-8,https://earthquake.usgs.gov/fdsnws/event/1/query?format=geojson&starttime=2016-01-01T00%3A00%3A00&endtime=2016-12-31T23%3A59%3A59&minlatitude=-19&maxlatitude=13&minlongitude=-83&maxlongitude=-66&orderby=time-asc,,
USGS,usgs_2017.geojson,https://earthquake.usgs.gov/fdsnws/event/1/query,"{""endtime"": ""2017-12-31T23:59:59"", ""format"": ""geojson"", ""maxlatitude"": 13, ""maxlongitude"": -66, ""minlatitude"": -19, ""minlongitude"": -83, ""orderby"": ""time-asc"", ""starttime"": ""2017-01-01T00:00:00""}",https://earthquake.usgs.gov/fdsnws/event/1/query?format=geojson&starttime=2017-01-01T00%3A00%3A00&endtime=2017-12-31T23%3A59%3A59&minlatitude=-19&maxlatitude=13&minlongitude=-83&maxlongitude=-66&orderby=time-asc,2026-09-28T11:59:03+00:00,200,DOWNLOADED,319294,5c31d5e67d34760d3b88d6b9b359b3b77088ac511670b463aca467f787ab3887,452,,application/json; charset=utf-8,https://earthquake.usgs.gov/fdsnws/event/1/query?format=geojson&starttime=2017-01-01T00%3A00%3A00&endtime=2017-12-31T23%3A59%3A59&minlatitude=-19&maxlatitude=13&minlongitude=-83&maxlongitude=-66&orderby=time-asc,,
USGS,usgs_2018.geojson,https://earthquake.usgs.gov/fdsnws/event/1/query,"{""endtime"": ""2018-12-31T23:59:59"", ""format"": ""geojson"", ""maxlatitude"": 13, ""maxlongitude"": -66, ""minlatitude"": -19, ""minlongitude"": -83, ""orderby"": ""time-asc"", ""starttime"": ""2018-01-01T00:00:00""}",https://earthquake.usgs.gov/fdsnws/event/1/query?format=geojson&starttime=2018-01-01T00%3A00%3A00&endtime=2018-12-31T23%3A59%3A59&minlatitude=-19&maxlatitude=13&minlongitude=-83&maxlongitude=-66&orderby=time-asc,2026-09-28T11:59:05+00:00,200,DOWNLOADED,292149,d2c1de50e10628f5748c05363c59e4f351234f262ccd27c904b9d17d91665c7b,414,,application/json; charset=utf-8,https://earthquake.usgs.gov/fdsnws/event/1/query?format=geojson&starttime=2018-01-01T00%3A00%3A00&endtime=2018-12-31T23%3A59%3A59&minlatitude=-19&maxlatitude=13&minlongitude=-83&maxlongitude=-66&orderby=time-asc,,
USGS,usgs_2019.geojson,https://earthquake.usgs.gov/fdsnws/event/1/query,"{""endtime"": ""2019-12-31T23:59:59"", ""format"": ""geojson"", ""maxlatitude"": 13, ""maxlongitude"": -66, ""minlatitude"": -19, ""minlongitude"": -83, ""orderby"": ""time-asc"", ""starttime"": ""2019-01-01T00:00:00""}",https://earthquake.usgs.gov/fdsnws/event/1/query?format=geojson&starttime=2019-01-01T00%3A00%3A00&endtime=2019-12-31T23%3A59%3A59&minlatitude=-19&maxlatitude=13&minlongitude=-83&maxlongitude=-66&orderby=time-asc,2026-09-28T11:59:08+00:00,200,DOWNLOADED,293789,c750921842fdda59fd3e0fcef8305e2c8dde484b7c78c80ae786e4cbcb85d20a,415,,application/json; charset=utf-8,https://earthquake.usgs.gov/fdsnws/event/1/query?format=geojson&starttime=2019-01-01T00%3A00%3A00&endtime=2019-12-31T23%3A59%3A59&minlatitude=-19&maxlatitude=13&minlongitude=-83&maxlongitude=-66&orderby=time-asc,,
USGS,usgs_2020.geojson,https://earthquake.usgs.gov/fdsnws/event/1/query,"{""endtime"": ""2020-12-31T23:59:59"", ""format"": ""geojson"", ""maxlatitude"": 13, ""maxlongitude"": -66, ""minlatitude"": -19, ""minlongitude"": -83, ""orderby"": ""time-asc"", ""starttime"": ""2020-01-01T00:00:00""}",https://earthquake.usgs.gov/fdsnws/event/1/query?format=geojson&starttime=2020-01-01T00%3A00%3A00&endtime=2020-12-31T23%3A59%3A59&minlatitude=-19&maxlatitude=13&minlongitude=-83&maxlongitude=-66&orderby=time-asc,2026-09-28T11:59:14+00:00,200,DOWNLOADED,309365,33545ae1cf20fbcc3409adc444d3a6e6370381d29a3b67f6528daf7f4a9ace9e,438,,application/json; charset=utf-8,https://earthquake.usgs.gov/fdsnws/event/1/query?format=geojson&starttime=2020-01-01T00%3A00%3A00&endtime=2020-12-31T23%3A59%3A59&minlatitude=-19&maxlatitude=13&minlongitude=-83&maxlongitude=-66&orderby=time-asc,,
USGS,usgs_2021.geojson,https://earthquake.usgs.gov/fdsnws/event/1/query,"{""endtime"": ""2021-12-31T23:59:59"", ""format"": ""geojson"", ""maxlatitude"": 13, ""maxlongitude"": -66, ""minlatitude"": -19, ""minlongitude"": -83, ""orderby"": ""time-asc"", ""starttime"": ""2021-01-01T00:00:00""}",https://earthquake.usgs.gov/fdsnws/event/1/query?format=geojson&starttime=2021-01-01T00%3A00%3A00&endtime=2021-12-31T23%3A59%3A59&minlatitude=-19&maxlatitude=13&minlongitude=-83&maxlongitude=-66&orderby=time-asc,2026-09-28T11:59:19+00:00,200,DOWNLOADED,390909,b11cc28ed46d11e5f120e5810e12799848d2b0fb45c8dfbcef2d1af527af0cf2,553,,application/json; charset=utf-8,https://earthquake.usgs.gov/fdsnws/event/1/query?format=geojson&starttime=2021-01-01T00%3A00%3A00&endtime=2021-12-31T23%3A59%3A59&minlatitude=-19&maxlatitude=13&minlongitude=-83&maxlongitude=-66&orderby=time-asc,,
USGS,usgs_2022.geojson,https://earthquake.usgs.gov/fdsnws/event/1/query,"{""endtime"": ""2022-12-31T23:59:59"", ""format"": ""geojson"", ""maxlatitude"": 13, ""maxlongitude"": -66, ""minlatitude"": -19, ""minlongitude"": -83, ""orderby"": ""time-asc"", ""starttime"": ""2022-01-01T00:00:00""}",https://earthquake.usgs.gov/fdsnws/event/1/query?format=geojson&starttime=2022-01-01T00%3A00%3A00&endtime=2022-12-31T23%3A59%3A59&minlatitude=-19&maxlatitude=13&minlongitude=-83&maxlongitude=-66&orderby=time-asc,2026-09-28T11:59:23+00:00,200,DOWNLOADED,366539,d4189ff24e62dc438e0505037feb9571d81caf73d47d95662b77b29627f2de30,520,,application/json; charset=utf-8,https://earthquake.usgs.gov/fdsnws/event/1/query?format=geojson&starttime=2022-01-01T00%3A00%3A00&endtime=2022-12-31T23%3A59%3A59&minlatitude=-19&maxlatitude=13&minlongitude=-83&maxlongitude=-66&orderby=time-asc,,
USGS,usgs_2023.geojson,https://earthquake.usgs.gov/fdsnws/event/1/query,"{""endtime"": ""2023-12-31T23:59:59"", ""format"": ""geojson"", ""maxlatitude"": 13, ""maxlongitude"": -66, ""minlatitude"": -19, ""minlongitude"": -83, ""orderby"": ""time-asc"", ""starttime"": ""2023-01-01T00:00:00""}",https://earthquake.usgs.gov/fdsnws/event/1/query?format=geojson&starttime=2023-01-01T00%3A00%3A00&endtime=2023-12-31T23%3A59%3A59&minlatitude=-19&maxlatitude=13&minlongitude=-83&maxlongitude=-66&orderby=time-asc,2026-09-28T11:59:26+00:00,200,DOWNLOADED,344988,843d1d1d195293873023e0a6a9e2ef29542e61748e4722f07f03ce877ef60e15,491,,application/json; charset=utf-8,https://earthquake.usgs.gov/fdsnws/event/1/query?format=geojson&starttime=2023-01-01T00%3A00%3A00&endtime=2023-12-31T23%3A59%3A59&minlatitude=-19&maxlatitude=13&minlongitude=-83&maxlongitude=-66&orderby=time-asc,,
USGS,usgs_2024.geojson,https://earthquake.usgs.gov/fdsnws/event/1/query,"{""endtime"": ""2024-12-31T23:59:59"", ""format"": ""geojson"", ""maxlatitude"": 13, ""maxlongitude"": -66, ""minlatitude"": -19, ""minlongitude"": -83, ""orderby"": ""time-asc"", ""starttime"": ""2024-01-01T00:00:00""}",https://earthquake.usgs.gov/fdsnws/event/1/query?format=geojson&starttime=2024-01-01T00%3A00%3A00&endtime=2024-12-31T23%3A59%3A59&minlatitude=-19&maxlatitude=13&minlongitude=-83&maxlongitude=-66&orderby=time-asc,2026-09-28T11:59:29+00:00,200,DOWNLOADED,377764,02cad591e99fe9329672518a49afb7949a919eea1dfdcc417f3e849fa9d89d48,535,,application/json; charset=utf-8,https://earthquake.usgs.gov/fdsnws/event/1/query?format=geojson&starttime=2024-01-01T00%3A00%3A00&endtime=2024-12-31T23%3A59%3A59&minlatitude=-19&maxlatitude=13&minlongitude=-83&maxlongitude=-66&orderby=time-asc,,
USGS,usgs_2025.geojson,https://earthquake.usgs.gov/fdsnws/event/1/query,"{""endtime"": ""2025-12-31T23:59:59"", ""format"": ""geojson"", ""maxlatitude"": 13, ""maxlongitude"": -66, ""minlatitude"": -19, ""minlongitude"": -83, ""orderby"": ""time-asc"", ""starttime"": ""2025-01-01T00:00:00""}",https://earthquake.usgs.gov/fdsnws/event/1/query?format=geojson&starttime=2025-01-01T00%3A00%3A00&endtime=2025-12-31T23%3A59%3A59&minlatitude=-19&maxlatitude=13&minlongitude=-83&maxlongitude=-66&orderby=time-asc,2026-09-28T11:59:33+00:00,200,DOWNLOADED,327344,9db22967783729e003c69c6b20eb8d71c1668488b604e85b67fa6573a990e1f6,462,,application/json; charset=utf-8,https://earthquake.usgs.gov/fdsnws/event/1/query?format=geojson&starttime=2025-01-01T00%3A00%3A00&endtime=2025-12-31T23%3A59%3A59&minlatitude=-19&maxlatitude=13&minlongitude=-83&maxlongitude=-66&orderby=time-asc,,
USGS,usgs_2026.geojson,https://earthquake.usgs.gov/fdsnws/event/1/query,"{""endtime"": ""2026-08-31T23:59:59"", ""format"": ""geojson"", ""maxlatitude"": 13, ""maxlongitude"": -66, ""minlatitude"": -19, ""minlongitude"": -83, ""orderby"": ""time-asc"", ""starttime"": ""2026-01-01T00:00:00""}",https://earthquake.usgs.gov/fdsnws/event/1/query?format=geojson&starttime=2026-01-01T00%3A00%3A00&endtime=2026-08-31T23%3A59%3A59&minlatitude=-19&maxlatitude=13&minlongitude=-83&maxlongitude=-66&orderby=time-asc,2026-09-28T11:59:36+00:00,200,DOWNLOADED,200754,97ac4610232a05add016e7209a59c8e1203d881693669f5680c7197968a7d745,284,,application/json; charset=utf-8,https://earthquake.usgs.gov/fdsnws/event/1/query?format=geojson&starttime=2026-01-01T00%3A00%3A00&endtime=2026-08-31T23%3A59%3A59&minlatitude=-19&maxlatitude=13&minlongitude=-83&maxlongitude=-66&orderby=time-asc,,
Copernicus EMS,rapid_activation_list.json,https://mapping.emergency.copernicus.eu/activations/api/activations/,"{""limit"": 2000}",https://mapping.emergency.copernicus.eu/activations/api/activations/?limit=2000,2026-09-28T11:59:38+00:00,200,DOWNLOADED,692249,859ab6a22017f9ef53d1ca1f8d9a7e467f2d945fd4b9f4e844dd54947beda11e,1065,,application/json,https://mapping.emergency.copernicus.eu/activations/api/activations/?limit=2000,,
Copernicus EMS,risk_recovery_activation_list.json,https://riskandrecovery.emergency.copernicus.eu/api/public-activations/,"{""limit"": 2000}",https://riskandrecovery.emergency.copernicus.eu/api/public-activations/?limit=2000,2026-09-28T12:00:36+00:00,200,DOWNLOADED,914930,cc2c158e6e4ade13e7a9d1f68bf300cad40ea813a48157ad6bd3e962fc8e1aef,41,,application/json,https://riskandrecovery.emergency.copernicus.eu/api/public-activations/?limit=2000,,
Copernicus EMS,rapid_EMSR916.json,https://mapping.emergency.copernicus.eu/activations/api/activations/EMSR916/,{},https://mapping.emergency.copernicus.eu/activations/api/activations/EMSR916/,2026-09-28T12:02:14+00:00,200,DOWNLOADED,694,d7360c61fe9f9ce298e15fea1704413006d28675c2115cd0f7a67c5191e34b6d,,,application/json,https://mapping.emergency.copernicus.eu/activations/api/activations/EMSR916/,,
Copernicus EMS,rapid_EMSR870.json,https://mapping.emergency.copernicus.eu/activations/api/activations/EMSR870/,{},https://mapping.emergency.copernicus.eu/activations/api/activations/EMSR870/,2026-09-28T12:02:15+00:00,200,DOWNLOADED,682,6b83d26e9ab533f99ff4cb0446937ef762317c44206ed21b7609b886492008bb,,,application/json,https://mapping.emergency.copernicus.eu/activations/api/activations/EMSR870/,,
Copernicus EMS,rapid_EMSR865.json,https://mapping.emergency.copernicus.eu/activations/api/activations/EMSR865/,{},https://mapping.emergency.copernicus.eu/activations/api/activations/EMSR865/,2026-09-28T12:02:16+00:00,200,DOWNLOADED,691,d4c9dc2663f5c9e7794110d3123ff43b07a1ea0ce54209ecef68eadf2204967f,,,application/json,https://mapping.emergency.copernicus.eu/activations/api/activations/EMSR865/,,
Copernicus EMS,rapid_EMSR813.json,https://mapping.emergency.copernicus.eu/activations/api/activations/EMSR813/,{},https://mapping.emergency.copernicus.eu/activations/api/activations/EMSR813/,2026-09-28T12:02:17+00:00,200,DOWNLOADED,661,6fb62811274911046ae9c7d1803912b8e957cd8c474ac244c483ed631cd683a1,,,application/json,https://mapping.emergency.copernicus.eu/activations/api/activations/EMSR813/,,
Copernicus EMS,rapid_EMSR796.json,https://mapping.emergency.copernicus.eu/activations/api/activations/EMSR796/,{},https://mapping.emergency.copernicus.eu/activations/api/activations/EMSR796/,2026-09-28T12:02:18+00:00,200,DOWNLOADED,632,825a1f8cf87873dc75e84e967b8d31eab6e69fdfe4294b95cc9ae0a806800cc9,,,application/json,https://mapping.emergency.copernicus.eu/activations/api/activations/EMSR796/,,
Copernicus EMS,rapid_EMSR789.json,https://mapping.emergency.copernicus.eu/activations/api/activations/EMSR789/,{},https://mapping.emergency.copernicus.eu/activations/api/activations/EMSR789/,2026-09-28T12:02:19+00:00,200,DOWNLOADED,640,528c44d4ba61196860aaad1749773ebf615118228dd73c2da7d90d5705f872e5,,,application/json,https://mapping.emergency.copernicus.eu/activations/api/activations/EMSR789/,,
Copernicus EMS,rapid_EMSR286.json,https://mapping.emergency.copernicus.eu/activations/api/activations/EMSR286/,{},https://mapping.emergency.copernicus.eu/activations/api/activations/EMSR286/,2026-09-28T12:02:21+00:00,200,DOWNLOADED,1079,77b44e1198bfcc4fc98af62584fcb4a78474c5547c653c3da42e3438258ee2f7,,,application/json,https://mapping.emergency.copernicus.eu/activations/api/activations/EMSR286/,,
Copernicus EMS,rapid_EMSN037.json,https://mapping.emergency.copernicus.eu/activations/api/activations/EMSN037/,{},https://mapping.emergency.copernicus.eu/activations/api/activations/EMSN037/,2026-09-28T12:02:22+00:00,200,DOWNLOADED,1153,7b698446bf41a2c3e6692f3657ebcc6d7770d5d607985140ffd8c9e0a4a5dc5a,,,application/json,https://mapping.emergency.copernicus.eu/activations/api/activations/EMSN037/,,
Copernicus EMS,rapid_EMSR199.json,https://mapping.emergency.copernicus.eu/activations/api/activations/EMSR199/,{},https://mapping.emergency.copernicus.eu/activations/api/activations/EMSR199/,2026-09-28T12:02:24+00:00,200,DOWNLOADED,636,97d317406034480966b3330d0f774ee6ac093cf909a4045d5ac36a07887818e0,,,application/json,https://mapping.emergency.copernicus.eu/activations/api/activations/EMSR199/,,
Copernicus EMS,rapid_EMSN038.json,https://mapping.emergency.copernicus.eu/activations/api/activations/EMSN038/,{},https://mapping.emergency.copernicus.eu/activations/api/activations/EMSN038/,2026-09-28T12:02:25+00:00,200,DOWNLOADED,1433,d67193da322186e791a084ccc42d475128cbdcb664408ae1206c452d0b38b172,,,application/json,https://mapping.emergency.copernicus.eu/activations/api/activations/EMSN038/,,
Copernicus EMS,rapid_EMSR159.json,https://mapping.emergency.copernicus.eu/activations/api/activations/EMSR159/,{},https://mapping.emergency.copernicus.eu/activations/api/activations/EMSR159/,2026-09-28T12:02:26+00:00,200,DOWNLOADED,501,c4196967451d60f9c2d765fa35b209a642bde5447a10f678e0afdbb30ea7f828,,,application/json,https://mapping.emergency.copernicus.eu/activations/api/activations/EMSR159/,,
