risk_type,component,target_level,candidate_parameter,value,units,quantile_level,data_source,sample_definition,sample_size,bootstrap_ci_lower,bootstrap_ci_upper,heldout_coverage,status,provenance
FLASH_DEMAND_SURGE,DEMAND_UPLIFT,E1_LOW_SENSITIVITY,delta_D,0.2,relative uplift on baseline,,Stage-1 preregistered stress test,not data calibrated,,,,,STRESS_TEST_ONLY,PREREGISTERED_STAGE1_STRESS_MAGNITUDE
FLASH_DEMAND_SURGE,DEMAND_UPLIFT,E1_MAIN,delta_D,0.4,relative uplift on baseline,,Stage-1 preregistered stress test,not data calibrated,,,,,STRESS_TEST_ONLY,PREREGISTERED_STAGE1_STRESS_MAGNITUDE
FLASH_DEMAND_SURGE,DEMAND_UPLIFT,E2_MAIN,delta_D,0.6,relative uplift on baseline,,Stage-1 preregistered stress test,not data calibrated,,,,,STRESS_TEST_ONLY,PREREGISTERED_STAGE1_STRESS_MAGNITUDE
FLASH_DEMAND_SURGE,DEMAND_UPLIFT,GLOBAL_EVENT_PROXY,delta_D,0.29545454545454547,relative uplift on baseline,0.75,Favorita observed retail demand context,positive uplift; event proxy P1/P2/P3; TRAIN+VALIDATION; overall=ALL_EVENT_PROXIES,75946.0,0.29203467640647335,0.2992564049350186,0.7638201010555806,CANDIDATE_DATA_SUPPORTED,DERIVED_FROM_OBSERVED_RETAIL_PROXY
FLASH_DEMAND_SURGE,DEMAND_UPLIFT,GLOBAL_EVENT_PROXY,delta_D,0.7333333333333333,relative uplift on baseline,0.9,Favorita observed retail demand context,positive uplift; event proxy P1/P2/P3; TRAIN+VALIDATION; overall=ALL_EVENT_PROXIES,75946.0,0.7142857142857143,0.7489864357816202,0.9224073240282156,CANDIDATE_DATA_SUPPORTED,DERIVED_FROM_OBSERVED_RETAIL_PROXY
FLASH_DEMAND_SURGE,DEMAND_UPLIFT,GLOBAL_EVENT_PROXY,delta_D,1.3529411764705883,relative uplift on baseline,0.95,Favorita observed retail demand context,positive uplift; event proxy P1/P2/P3; TRAIN+VALIDATION; overall=ALL_EVENT_PROXIES,75946.0,1.3177570093457944,1.3954733961133656,0.9653309320126069,CANDIDATE_DATA_SUPPORTED,DERIVED_FROM_OBSERVED_RETAIL_PROXY
REGIONAL_EMERGENCY_DISRUPTION,DEMAND_UPLIFT,P2_HOLIDAY_EVENT,delta_D,1.326341266639774,relative uplift on baseline,0.9,Favorita observed retail demand context,positive uplift; event proxy P1/P2/P3; TRAIN+VALIDATION; event_proxy=P2_HOLIDAY_EVENT,20156.0,1.2758676005667313,1.375,0.9268558951965066,CANDIDATE_DATA_SUPPORTED,DERIVED_FROM_OBSERVED_RETAIL_PROXY
REGIONAL_EMERGENCY_DISRUPTION,DEMAND_UPLIFT,P3_PROMOTION_HOLIDAY_OVERLAP,delta_D,0.5147053806369659,relative uplift on baseline,0.9,Favorita observed retail demand context,positive uplift; event proxy P1/P2/P3; TRAIN+VALIDATION; event_proxy=P3_PROMOTION_HOLIDAY_OVERLAP,18704.0,0.5,0.5295050857287461,0.8639267461669506,CANDIDATE_DATA_SUPPORTED,DERIVED_FROM_OBSERVED_RETAIL_PROXY
REGIONAL_EMERGENCY_DISRUPTION,ROUTE_SERVICE_LOSS,EFFECTIVE_ROUTE,delta_A,0.25,effective route-service loss fraction,,Stage-1 preregistered stress test,Favorita has no route-loss observations,,,,,STRESS_TEST_ONLY,CALIBRATED_NOT_OBSERVED
REGIONAL_EMERGENCY_DISRUPTION,ROUTE_SERVICE_LOSS,EFFECTIVE_ROUTE,delta_A,0.5,effective route-service loss fraction,,Stage-1 preregistered stress test,Favorita has no route-loss observations,,,,,STRESS_TEST_ONLY,CALIBRATED_NOT_OBSERVED
REGIONAL_EMERGENCY_DISRUPTION,ROUTE_SERVICE_LOSS,EFFECTIVE_ROUTE,delta_A,0.75,effective route-service loss fraction,,Stage-1 preregistered stress test,Favorita has no route-loss observations,,,,,STRESS_TEST_ONLY,CALIBRATED_NOT_OBSERVED
REGIONAL_EMERGENCY_DISRUPTION,ROUTE_SERVICE_LOSS,EFFECTIVE_ROUTE,delta_A,1.0,effective route-service loss fraction,,Stage-1 preregistered stress test,Favorita has no route-loss observations,,,,,STRESS_TEST_ONLY,CALIBRATED_NOT_OBSERVED
REGIONAL_EMERGENCY_DISRUPTION,ROUTE_SERVICE_LOSS,EXTERNAL_EVIDENCE_PLACEHOLDER,delta_A,,effective route-service loss fraction,,none verified,future logistics evidence required,,,,,PENDING_EXTERNAL_EVIDENCE,PENDING_EXTERNAL_EVIDENCE
TRANSPORT_NETWORK_DISRUPTION,ROUTE_SERVICE_LOSS,EFFECTIVE_ROUTE,delta_A,0.25,effective route-service loss fraction,,Stage-1 preregistered stress test,Favorita has no route-loss observations,,,,,STRESS_TEST_ONLY,CALIBRATED_NOT_OBSERVED
TRANSPORT_NETWORK_DISRUPTION,ROUTE_SERVICE_LOSS,EFFECTIVE_ROUTE,delta_A,0.5,effective route-service loss fraction,,Stage-1 preregistered stress test,Favorita has no route-loss observations,,,,,STRESS_TEST_ONLY,CALIBRATED_NOT_OBSERVED
TRANSPORT_NETWORK_DISRUPTION,ROUTE_SERVICE_LOSS,EFFECTIVE_ROUTE,delta_A,0.75,effective route-service loss fraction,,Stage-1 preregistered stress test,Favorita has no route-loss observations,,,,,STRESS_TEST_ONLY,CALIBRATED_NOT_OBSERVED
TRANSPORT_NETWORK_DISRUPTION,ROUTE_SERVICE_LOSS,EFFECTIVE_ROUTE,delta_A,1.0,effective route-service loss fraction,,Stage-1 preregistered stress test,Favorita has no route-loss observations,,,,,STRESS_TEST_ONLY,CALIBRATED_NOT_OBSERVED
TRANSPORT_NETWORK_DISRUPTION,ROUTE_SERVICE_LOSS,EXTERNAL_EVIDENCE_PLACEHOLDER,delta_A,,effective route-service loss fraction,,none verified,future logistics evidence required,,,,,PENDING_EXTERNAL_EVIDENCE,PENDING_EXTERNAL_EVIDENCE
