population,group_dimension,group_value,sample_size,sample_status,q50,q75,q90,q95,q99,data_source,sample_definition,provenance
POSITIVE_UPLIFT_EVENT_PROXY_P1_P2_P3,event_proxy,P1_PROMOTION,37086,STABLE_GROUP_SUMMARY,0.09768207425594116,0.21212121212121213,0.46153846153846156,0.9692281384825845,9.525914425533886,Favorita observed retail demand context,positive uplift; event proxy P1/P2/P3; TRAIN+VALIDATION,DERIVED_FROM_OBSERVED
POSITIVE_UPLIFT_EVENT_PROXY_P1_P2_P3,event_proxy,P2_HOLIDAY_EVENT,20156,STABLE_GROUP_SUMMARY,0.25,0.579071999202363,1.326341266639774,2.6666666666666665,8.565236686390639,Favorita observed retail demand context,positive uplift; event proxy P1/P2/P3; TRAIN+VALIDATION,DERIVED_FROM_OBSERVED
POSITIVE_UPLIFT_EVENT_PROXY_P1_P2_P3,event_proxy,P3_PROMOTION_HOLIDAY_OVERLAP,18704,STABLE_GROUP_SUMMARY,0.11791091383805888,0.25,0.5147053806369659,0.9129526281635293,4.358000831196252,Favorita observed retail demand context,positive uplift; event proxy P1/P2/P3; TRAIN+VALIDATION,DERIVED_FROM_OBSERVED
POSITIVE_UPLIFT_EVENT_PROXY_P1_P2_P3,holiday_status,HOLIDAY,38860,STABLE_GROUP_SUMMARY,0.1702295932687149,0.3968290523704858,1.0,1.6666666666666667,7.368295454545412,Favorita observed retail demand context,positive uplift; event proxy P1/P2/P3; TRAIN+VALIDATION,DERIVED_FROM_OBSERVED
POSITIVE_UPLIFT_EVENT_PROXY_P1_P2_P3,holiday_status,NO_HOLIDAY,37086,STABLE_GROUP_SUMMARY,0.09768207425594116,0.21212121212121213,0.46153846153846156,0.9692281384825845,9.525914425533886,Favorita observed retail demand context,positive uplift; event proxy P1/P2/P3; TRAIN+VALIDATION,DERIVED_FROM_OBSERVED
POSITIVE_UPLIFT_EVENT_PROXY_P1_P2_P3,overall,ALL_EVENT_PROXIES,75946,STABLE_GROUP_SUMMARY,0.12910842130649164,0.29545454545454547,0.7333333333333333,1.3529411764705883,7.9754717818224625,Favorita observed retail demand context,positive uplift; event proxy P1/P2/P3; TRAIN+VALIDATION,DERIVED_FROM_OBSERVED
POSITIVE_UPLIFT_EVENT_PROXY_P1_P2_P3,product_family,AUTOMOTIVE,1647,STABLE_GROUP_SUMMARY,0.21518987341772153,0.39242857142857146,0.6345454545454547,0.8126245847176071,1.4285714285714286,Favorita observed retail demand context,positive uplift; event proxy P1/P2/P3; TRAIN+VALIDATION,DERIVED_FROM_OBSERVED
POSITIVE_UPLIFT_EVENT_PROXY_P1_P2_P3,product_family,BABY CARE,150,STABLE_GROUP_SUMMARY,1.0,2.0,7.0,11.0,28.09999999999991,Favorita observed retail demand context,positive uplift; event proxy P1/P2/P3; TRAIN+VALIDATION,DERIVED_FROM_OBSERVED
POSITIVE_UPLIFT_EVENT_PROXY_P1_P2_P3,product_family,BEAUTY,2047,STABLE_GROUP_SUMMARY,0.3103448275862069,0.6,1.0,1.6,3.6666666666666665,Favorita observed retail demand context,positive uplift; event proxy P1/P2/P3; TRAIN+VALIDATION,DERIVED_FROM_OBSERVED
POSITIVE_UPLIFT_EVENT_PROXY_P1_P2_P3,product_family,BEVERAGES,3832,STABLE_GROUP_SUMMARY,0.1427405688938817,0.34489134300314184,0.9215148443596454,1.2372178411397599,1.9022302717608983,Favorita observed retail demand context,positive uplift; event proxy P1/P2/P3; TRAIN+VALIDATION,DERIVED_FROM_OBSERVED
POSITIVE_UPLIFT_EVENT_PROXY_P1_P2_P3,product_family,BOOKS,39,EXPLORATORY_GROUP_QUANTILE,0.8181818181818182,1.898989898989899,2.4200000000000004,2.6,2.847999999999999,Favorita observed retail demand context,positive uplift; event proxy P1/P2/P3; TRAIN+VALIDATION,DERIVED_FROM_OBSERVED
POSITIVE_UPLIFT_EVENT_PROXY_P1_P2_P3,product_family,BREAD/BAKERY,3601,STABLE_GROUP_SUMMARY,0.07427536231884058,0.13685932388222466,0.23351860958214748,0.3138357705286839,0.8277212216131559,Favorita observed retail demand context,positive uplift; event proxy P1/P2/P3; TRAIN+VALIDATION,DERIVED_FROM_OBSERVED
POSITIVE_UPLIFT_EVENT_PROXY_P1_P2_P3,product_family,CELEBRATION,1169,STABLE_GROUP_SUMMARY,0.2072072072072072,0.4647887323943662,1.147524366471735,3.261408450704224,8.505474036850913,Favorita observed retail demand context,positive uplift; event proxy P1/P2/P3; TRAIN+VALIDATION,DERIVED_FROM_OBSERVED
POSITIVE_UPLIFT_EVENT_PROXY_P1_P2_P3,product_family,CLEANING,3720,STABLE_GROUP_SUMMARY,0.10120018886644855,0.1975768879181655,0.3084723826996927,0.3957065612888641,0.7260803421468474,Favorita observed retail demand context,positive uplift; event proxy P1/P2/P3; TRAIN+VALIDATION,DERIVED_FROM_OBSERVED
POSITIVE_UPLIFT_EVENT_PROXY_P1_P2_P3,product_family,DAIRY,3853,STABLE_GROUP_SUMMARY,0.07684590690208667,0.1465343879876659,0.24739179818420676,0.3403460429698659,0.8084329867977333,Favorita observed retail demand context,positive uplift; event proxy P1/P2/P3; TRAIN+VALIDATION,DERIVED_FROM_OBSERVED
POSITIVE_UPLIFT_EVENT_PROXY_P1_P2_P3,product_family,DELI,3971,STABLE_GROUP_SUMMARY,0.08208885462565221,0.1535118674242893,0.24597553122987767,0.31621191343148924,0.5115768829316829,Favorita observed retail demand context,positive uplift; event proxy P1/P2/P3; TRAIN+VALIDATION,DERIVED_FROM_OBSERVED
POSITIVE_UPLIFT_EVENT_PROXY_P1_P2_P3,product_family,EGGS,3743,STABLE_GROUP_SUMMARY,0.09176717357105402,0.18365772234819855,0.33071912685746563,0.46908435680453264,0.9074067185005945,Favorita observed retail demand context,positive uplift; event proxy P1/P2/P3; TRAIN+VALIDATION,DERIVED_FROM_OBSERVED
POSITIVE_UPLIFT_EVENT_PROXY_P1_P2_P3,product_family,FROZEN FOODS,3608,STABLE_GROUP_SUMMARY,0.12954743019609044,0.3038675685520325,1.1847403769090599,3.5593595280668233,9.76445006911383,Favorita observed retail demand context,positive uplift; event proxy P1/P2/P3; TRAIN+VALIDATION,DERIVED_FROM_OBSERVED
POSITIVE_UPLIFT_EVENT_PROXY_P1_P2_P3,product_family,GROCERY I,3998,STABLE_GROUP_SUMMARY,0.09463201245166253,0.18758181940901453,0.32614336002868727,0.4442827210832168,1.0503480699820633,Favorita observed retail demand context,positive uplift; event proxy P1/P2/P3; TRAIN+VALIDATION,DERIVED_FROM_OBSERVED
POSITIVE_UPLIFT_EVENT_PROXY_P1_P2_P3,product_family,GROCERY II,2087,STABLE_GROUP_SUMMARY,0.23577235772357724,0.4871020760237327,0.9211549235078647,1.3202270381836934,2.7681053855094784,Favorita observed retail demand context,positive uplift; event proxy P1/P2/P3; TRAIN+VALIDATION,DERIVED_FROM_OBSERVED
POSITIVE_UPLIFT_EVENT_PROXY_P1_P2_P3,product_family,HARDWARE,1304,STABLE_GROUP_SUMMARY,0.5,1.0,1.6,2.3333333333333335,6.0,Favorita observed retail demand context,positive uplift; event proxy P1/P2/P3; TRAIN+VALIDATION,DERIVED_FROM_OBSERVED
POSITIVE_UPLIFT_EVENT_PROXY_P1_P2_P3,product_family,HOME AND KITCHEN I,1697,STABLE_GROUP_SUMMARY,0.28118393234672306,0.5546558704453441,1.137525354969574,1.9479606188466916,7.243162055335968,Favorita observed retail demand context,positive uplift; event proxy P1/P2/P3; TRAIN+VALIDATION,DERIVED_FROM_OBSERVED
POSITIVE_UPLIFT_EVENT_PROXY_P1_P2_P3,product_family,HOME AND KITCHEN II,1930,STABLE_GROUP_SUMMARY,0.28317610062893084,0.6572966507177034,1.6312110137121822,3.453657367462367,7.379226190476191,Favorita observed retail demand context,positive uplift; event proxy P1/P2/P3; TRAIN+VALIDATION,DERIVED_FROM_OBSERVED
POSITIVE_UPLIFT_EVENT_PROXY_P1_P2_P3,product_family,HOME APPLIANCES,819,STABLE_GROUP_SUMMARY,1.0,1.6666666666666667,3.590476190476195,6.033333333333303,13.0,Favorita observed retail demand context,positive uplift; event proxy P1/P2/P3; TRAIN+VALIDATION,DERIVED_FROM_OBSERVED
POSITIVE_UPLIFT_EVENT_PROXY_P1_P2_P3,product_family,HOME CARE,2147,STABLE_GROUP_SUMMARY,0.11794565541952821,0.2339915437505415,0.4352846814725076,1.0215701550286242,5.11621619283975,Favorita observed retail demand context,positive uplift; event proxy P1/P2/P3; TRAIN+VALIDATION,DERIVED_FROM_OBSERVED
POSITIVE_UPLIFT_EVENT_PROXY_P1_P2_P3,product_family,LADIESWEAR,606,STABLE_GROUP_SUMMARY,0.18657755499860762,0.4413469523334994,1.263101604278075,4.078624078624078,15.950000000000045,Favorita observed retail demand context,positive uplift; event proxy P1/P2/P3; TRAIN+VALIDATION,DERIVED_FROM_OBSERVED
POSITIVE_UPLIFT_EVENT_PROXY_P1_P2_P3,product_family,LAWN AND GARDEN,2032,STABLE_GROUP_SUMMARY,0.24324324324324326,0.5,1.019031830238727,1.7638753651411863,5.439428571428575,Favorita observed retail demand context,positive uplift; event proxy P1/P2/P3; TRAIN+VALIDATION,DERIVED_FROM_OBSERVED
POSITIVE_UPLIFT_EVENT_PROXY_P1_P2_P3,product_family,LINGERIE,1484,STABLE_GROUP_SUMMARY,0.30195644149132517,0.6091434619768767,1.106578947368421,1.528082191780821,3.396250000000009,Favorita observed retail demand context,positive uplift; event proxy P1/P2/P3; TRAIN+VALIDATION,DERIVED_FROM_OBSERVED
POSITIVE_UPLIFT_EVENT_PROXY_P1_P2_P3,product_family,"LIQUOR,WINE,BEER",2530,STABLE_GROUP_SUMMARY,0.23726195543229028,0.5059061123036945,1.0495376096881779,1.5051768315571286,3.4597891933186076,Favorita observed retail demand context,positive uplift; event proxy P1/P2/P3; TRAIN+VALIDATION,DERIVED_FROM_OBSERVED
POSITIVE_UPLIFT_EVENT_PROXY_P1_P2_P3,product_family,MAGAZINES,775,STABLE_GROUP_SUMMARY,0.5,1.3169856459330145,3.0,5.102127659574452,15.0,Favorita observed retail demand context,positive uplift; event proxy P1/P2/P3; TRAIN+VALIDATION,DERIVED_FROM_OBSERVED
POSITIVE_UPLIFT_EVENT_PROXY_P1_P2_P3,product_family,MEATS,3703,STABLE_GROUP_SUMMARY,0.0706476004546558,0.12936984234045895,0.2015209535383318,0.2594412153293991,0.5919033185527437,Favorita observed retail demand context,positive uplift; event proxy P1/P2/P3; TRAIN+VALIDATION,DERIVED_FROM_OBSERVED
POSITIVE_UPLIFT_EVENT_PROXY_P1_P2_P3,product_family,PERSONAL CARE,3233,STABLE_GROUP_SUMMARY,0.13793103448275862,0.2579293836026332,0.3894076367254513,0.5105940427277187,1.0854413493256179,Favorita observed retail demand context,positive uplift; event proxy P1/P2/P3; TRAIN+VALIDATION,DERIVED_FROM_OBSERVED
POSITIVE_UPLIFT_EVENT_PROXY_P1_P2_P3,product_family,PET SUPPLIES,1094,STABLE_GROUP_SUMMARY,0.25925925925925924,0.5714285714285714,1.5,3.0,8.0,Favorita observed retail demand context,positive uplift; event proxy P1/P2/P3; TRAIN+VALIDATION,DERIVED_FROM_OBSERVED
POSITIVE_UPLIFT_EVENT_PROXY_P1_P2_P3,product_family,PLAYERS AND ELECTRONICS,1003,STABLE_GROUP_SUMMARY,0.2713178294573643,0.525062656641604,1.1815447710184555,2.8994285714285666,7.55764705882353,Favorita observed retail demand context,positive uplift; event proxy P1/P2/P3; TRAIN+VALIDATION,DERIVED_FROM_OBSERVED
POSITIVE_UPLIFT_EVENT_PROXY_P1_P2_P3,product_family,POULTRY,3608,STABLE_GROUP_SUMMARY,0.07571040317819483,0.14491298611600023,0.2526858406847112,0.36842986630513175,1.0417463218782184,Favorita observed retail demand context,positive uplift; event proxy P1/P2/P3; TRAIN+VALIDATION,DERIVED_FROM_OBSERVED
POSITIVE_UPLIFT_EVENT_PROXY_P1_P2_P3,product_family,PREPARED FOODS,3443,STABLE_GROUP_SUMMARY,0.08705988581818244,0.15990700454235096,0.2630259741583598,0.3595098384021619,0.7084069389759526,Favorita observed retail demand context,positive uplift; event proxy P1/P2/P3; TRAIN+VALIDATION,DERIVED_FROM_OBSERVED
POSITIVE_UPLIFT_EVENT_PROXY_P1_P2_P3,product_family,PRODUCE,3067,STABLE_GROUP_SUMMARY,0.0820273483057339,0.25902425778278926,98.18138200911874,332.85247284427277,714.7778708571493,Favorita observed retail demand context,positive uplift; event proxy P1/P2/P3; TRAIN+VALIDATION,DERIVED_FROM_OBSERVED
POSITIVE_UPLIFT_EVENT_PROXY_P1_P2_P3,product_family,SCHOOL AND OFFICE SUPPLIES,666,STABLE_GROUP_SUMMARY,1.6904761904761905,7.966216216216216,23.598901098901102,43.82272727272727,117.81666666666672,Favorita observed retail demand context,positive uplift; event proxy P1/P2/P3; TRAIN+VALIDATION,DERIVED_FROM_OBSERVED
POSITIVE_UPLIFT_EVENT_PROXY_P1_P2_P3,product_family,SEAFOOD,3340,STABLE_GROUP_SUMMARY,0.1724137931034483,0.3914782608695652,0.8807726075504827,1.5,4.523461538461543,Favorita observed retail demand context,positive uplift; event proxy P1/P2/P3; TRAIN+VALIDATION,DERIVED_FROM_OBSERVED
POSITIVE_UPLIFT_EVENT_PROXY_P1_P2_P3,promotion_intensity,HIGH,23646,STABLE_GROUP_SUMMARY,0.08439851129723344,0.16937806291689247,0.3211851176780701,0.612183309006053,192.18891767264162,Favorita observed retail demand context,positive uplift; event proxy P1/P2/P3; TRAIN+VALIDATION,DERIVED_FROM_OBSERVED
POSITIVE_UPLIFT_EVENT_PROXY_P1_P2_P3,promotion_intensity,LOW,15422,STABLE_GROUP_SUMMARY,0.1517178282916647,0.33770948062424266,0.7016250915028998,1.1599430769230756,3.394749999999976,Favorita observed retail demand context,positive uplift; event proxy P1/P2/P3; TRAIN+VALIDATION,DERIVED_FROM_OBSERVED
POSITIVE_UPLIFT_EVENT_PROXY_P1_P2_P3,promotion_intensity,MEDIUM,16722,STABLE_GROUP_SUMMARY,0.1058674778808656,0.22159553383312872,0.4733336072140167,0.9824690052571163,4.073001717297346,Favorita observed retail demand context,positive uplift; event proxy P1/P2/P3; TRAIN+VALIDATION,DERIVED_FROM_OBSERVED
POSITIVE_UPLIFT_EVENT_PROXY_P1_P2_P3,promotion_intensity,NONE,20156,STABLE_GROUP_SUMMARY,0.25,0.579071999202363,1.326341266639774,2.6666666666666665,8.565236686390639,Favorita observed retail demand context,positive uplift; event proxy P1/P2/P3; TRAIN+VALIDATION,DERIVED_FROM_OBSERVED
POSITIVE_UPLIFT_EVENT_PROXY_P1_P2_P3,state_region,Azuay,3900,STABLE_GROUP_SUMMARY,0.1103506722177426,0.24563559064172322,0.5288209606986896,1.1473420060730868,6.224099690670012,Favorita observed retail demand context,positive uplift; event proxy P1/P2/P3; TRAIN+VALIDATION,DERIVED_FROM_OBSERVED
POSITIVE_UPLIFT_EVENT_PROXY_P1_P2_P3,state_region,Bolivar,1457,STABLE_GROUP_SUMMARY,0.14993481095176012,0.3333333333333333,0.7288006111535527,1.1476190476190486,4.63291522865248,Favorita observed retail demand context,positive uplift; event proxy P1/P2/P3; TRAIN+VALIDATION,DERIVED_FROM_OBSERVED
POSITIVE_UPLIFT_EVENT_PROXY_P1_P2_P3,state_region,Chimborazo,1366,STABLE_GROUP_SUMMARY,0.14451137884872822,0.3177842565597668,0.8466559331621775,1.410869241091397,5.0,Favorita observed retail demand context,positive uplift; event proxy P1/P2/P3; TRAIN+VALIDATION,DERIVED_FROM_OBSERVED
POSITIVE_UPLIFT_EVENT_PROXY_P1_P2_P3,state_region,Cotopaxi,2708,STABLE_GROUP_SUMMARY,0.1639974254126912,0.3617911428273367,0.7952204547105398,1.3333333333333333,4.183084291187734,Favorita observed retail demand context,positive uplift; event proxy P1/P2/P3; TRAIN+VALIDATION,DERIVED_FROM_OBSERVED
POSITIVE_UPLIFT_EVENT_PROXY_P1_P2_P3,state_region,El Oro,3137,STABLE_GROUP_SUMMARY,0.12592699171473273,0.2732719880162636,0.6666666666666666,1.2753169574580963,7.509627225481111,Favorita observed retail demand context,positive uplift; event proxy P1/P2/P3; TRAIN+VALIDATION,DERIVED_FROM_OBSERVED
POSITIVE_UPLIFT_EVENT_PROXY_P1_P2_P3,state_region,Esmeraldas,1415,STABLE_GROUP_SUMMARY,0.16666666666666666,0.39152545184057347,1.0,1.9363636363636323,5.963563721208179,Favorita observed retail demand context,positive uplift; event proxy P1/P2/P3; TRAIN+VALIDATION,DERIVED_FROM_OBSERVED
POSITIVE_UPLIFT_EVENT_PROXY_P1_P2_P3,state_region,Guayas,15493,STABLE_GROUP_SUMMARY,0.13069122516556292,0.3170731707317073,0.8423899655631819,1.5437321232326358,7.200163891903361,Favorita observed retail demand context,positive uplift; event proxy P1/P2/P3; TRAIN+VALIDATION,DERIVED_FROM_OBSERVED
POSITIVE_UPLIFT_EVENT_PROXY_P1_P2_P3,state_region,Imbabura,1431,STABLE_GROUP_SUMMARY,0.13207869974337041,0.2953512025846596,0.7297297297297297,1.1083724569640063,3.7153665539717515,Favorita observed retail demand context,positive uplift; event proxy P1/P2/P3; TRAIN+VALIDATION,DERIVED_FROM_OBSERVED
POSITIVE_UPLIFT_EVENT_PROXY_P1_P2_P3,state_region,Loja,1548,STABLE_GROUP_SUMMARY,0.1111111111111111,0.24060715820492357,0.5901519119958093,1.2561990288945508,12.402190216954505,Favorita observed retail demand context,positive uplift; event proxy P1/P2/P3; TRAIN+VALIDATION,DERIVED_FROM_OBSERVED
POSITIVE_UPLIFT_EVENT_PROXY_P1_P2_P3,state_region,Los Rios,2967,STABLE_GROUP_SUMMARY,0.14285714285714285,0.30953651733755727,0.8,1.4517766781291044,5.231045793761314,Favorita observed retail demand context,positive uplift; event proxy P1/P2/P3; TRAIN+VALIDATION,DERIVED_FROM_OBSERVED
POSITIVE_UPLIFT_EVENT_PROXY_P1_P2_P3,state_region,Manabi,2812,STABLE_GROUP_SUMMARY,0.149589474392624,0.4019431920957888,1.045828491780792,1.611302325581391,5.844405286343587,Favorita observed retail demand context,positive uplift; event proxy P1/P2/P3; TRAIN+VALIDATION,DERIVED_FROM_OBSERVED
POSITIVE_UPLIFT_EVENT_PROXY_P1_P2_P3,state_region,Pastaza,623,STABLE_GROUP_SUMMARY,0.16883502432727857,0.32715298992611075,0.654923590935632,1.0,2.8476586319905137,Favorita observed retail demand context,positive uplift; event proxy P1/P2/P3; TRAIN+VALIDATION,DERIVED_FROM_OBSERVED
POSITIVE_UPLIFT_EVENT_PROXY_P1_P2_P3,state_region,Pichincha,29113,STABLE_GROUP_SUMMARY,0.12043889845094664,0.2700039219285875,0.6136363636363636,1.145440172730114,11.0,Favorita observed retail demand context,positive uplift; event proxy P1/P2/P3; TRAIN+VALIDATION,DERIVED_FROM_OBSERVED
POSITIVE_UPLIFT_EVENT_PROXY_P1_P2_P3,state_region,Santa Elena,1421,STABLE_GROUP_SUMMARY,0.2651747394236665,0.645910131905729,1.3692307692307693,2.423076923076923,12.572104926423494,Favorita observed retail demand context,positive uplift; event proxy P1/P2/P3; TRAIN+VALIDATION,DERIVED_FROM_OBSERVED
POSITIVE_UPLIFT_EVENT_PROXY_P1_P2_P3,state_region,Santo Domingo de los Tsachilas,3490,STABLE_GROUP_SUMMARY,0.12336524311341124,0.2813494370911227,0.75,1.4455775422349217,5.903099104525065,Favorita observed retail demand context,positive uplift; event proxy P1/P2/P3; TRAIN+VALIDATION,DERIVED_FROM_OBSERVED
POSITIVE_UPLIFT_EVENT_PROXY_P1_P2_P3,state_region,Tungurahua,3065,STABLE_GROUP_SUMMARY,0.11190541655210338,0.2709160233103319,0.7663003663003657,1.4843670095736434,24.35466666666672,Favorita observed retail demand context,positive uplift; event proxy P1/P2/P3; TRAIN+VALIDATION,DERIVED_FROM_OBSERVED
POSITIVE_UPLIFT_EVENT_PROXY_P1_P2_P3,store,1,1510,STABLE_GROUP_SUMMARY,0.0875777459081295,0.20116289011715202,0.5565217391304361,0.9205545275469481,18.66526315789504,Favorita observed retail demand context,positive uplift; event proxy P1/P2/P3; TRAIN+VALIDATION,DERIVED_FROM_OBSERVED
POSITIVE_UPLIFT_EVENT_PROXY_P1_P2_P3,store,10,1365,STABLE_GROUP_SUMMARY,0.1563517915309446,0.3333333333333333,0.8253817446784497,1.5075034360153252,7.675804195804108,Favorita observed retail demand context,positive uplift; event proxy P1/P2/P3; TRAIN+VALIDATION,DERIVED_FROM_OBSERVED
POSITIVE_UPLIFT_EVENT_PROXY_P1_P2_P3,store,11,1514,STABLE_GROUP_SUMMARY,0.19996683097339263,0.3849598163030999,0.7177241097011873,1.2409161490683218,4.612222222222215,Favorita observed retail demand context,positive uplift; event proxy P1/P2/P3; TRAIN+VALIDATION,DERIVED_FROM_OBSERVED
POSITIVE_UPLIFT_EVENT_PROXY_P1_P2_P3,store,12,1319,STABLE_GROUP_SUMMARY,0.13846153846153847,0.31996827245764276,0.7287090252228964,1.2373042995496881,4.817350084383458,Favorita observed retail demand context,positive uplift; event proxy P1/P2/P3; TRAIN+VALIDATION,DERIVED_FROM_OBSERVED
POSITIVE_UPLIFT_EVENT_PROXY_P1_P2_P3,store,13,1389,STABLE_GROUP_SUMMARY,0.19359946662221852,0.4100558659217877,0.8423501169626512,1.4349190870887585,3.7436206896551214,Favorita observed retail demand context,positive uplift; event proxy P1/P2/P3; TRAIN+VALIDATION,DERIVED_FROM_OBSERVED
POSITIVE_UPLIFT_EVENT_PROXY_P1_P2_P3,store,14,1366,STABLE_GROUP_SUMMARY,0.14451137884872822,0.3177842565597668,0.8466559331621775,1.410869241091397,5.0,Favorita observed retail demand context,positive uplift; event proxy P1/P2/P3; TRAIN+VALIDATION,DERIVED_FROM_OBSERVED
POSITIVE_UPLIFT_EVENT_PROXY_P1_P2_P3,store,15,1431,STABLE_GROUP_SUMMARY,0.13207869974337041,0.2953512025846596,0.7297297297297297,1.1083724569640063,3.7153665539717515,Favorita observed retail demand context,positive uplift; event proxy P1/P2/P3; TRAIN+VALIDATION,DERIVED_FROM_OBSERVED
POSITIVE_UPLIFT_EVENT_PROXY_P1_P2_P3,store,16,1341,STABLE_GROUP_SUMMARY,0.12978039097442076,0.293404971924061,0.9047619047619048,1.5,5.0,Favorita observed retail demand context,positive uplift; event proxy P1/P2/P3; TRAIN+VALIDATION,DERIVED_FROM_OBSERVED
POSITIVE_UPLIFT_EVENT_PROXY_P1_P2_P3,store,17,1482,STABLE_GROUP_SUMMARY,0.1256524300505944,0.28551859099804305,0.6919350545648126,1.1666328257191203,4.445129597633955,Favorita observed retail demand context,positive uplift; event proxy P1/P2/P3; TRAIN+VALIDATION,DERIVED_FROM_OBSERVED
POSITIVE_UPLIFT_EVENT_PROXY_P1_P2_P3,store,18,1167,STABLE_GROUP_SUMMARY,0.13322398396209223,0.3216128162307369,0.824754932119274,1.346292244363353,5.818702593568328,Favorita observed retail demand context,positive uplift; event proxy P1/P2/P3; TRAIN+VALIDATION,DERIVED_FROM_OBSERVED
POSITIVE_UPLIFT_EVENT_PROXY_P1_P2_P3,store,19,1457,STABLE_GROUP_SUMMARY,0.14993481095176012,0.3333333333333333,0.7288006111535527,1.1476190476190486,4.63291522865248,Favorita observed retail demand context,positive uplift; event proxy P1/P2/P3; TRAIN+VALIDATION,DERIVED_FROM_OBSERVED
POSITIVE_UPLIFT_EVENT_PROXY_P1_P2_P3,store,2,1621,STABLE_GROUP_SUMMARY,0.10009896790612187,0.22641795571731876,0.5723270440251572,1.2642303644886634,7.673834887698573,Favorita observed retail demand context,positive uplift; event proxy P1/P2/P3; TRAIN+VALIDATION,DERIVED_FROM_OBSERVED
POSITIVE_UPLIFT_EVENT_PROXY_P1_P2_P3,store,20,974,STABLE_GROUP_SUMMARY,0.18454055233928138,0.3548387096774194,0.6503219557935737,1.0325581395348753,8.48186771976549,Favorita observed retail demand context,positive uplift; event proxy P1/P2/P3; TRAIN+VALIDATION,DERIVED_FROM_OBSERVED
POSITIVE_UPLIFT_EVENT_PROXY_P1_P2_P3,store,21,704,STABLE_GROUP_SUMMARY,0.14112271780983437,0.30420248598410454,0.8160343593414463,1.4735027223230506,4.209272727272752,Favorita observed retail demand context,positive uplift; event proxy P1/P2/P3; TRAIN+VALIDATION,DERIVED_FROM_OBSERVED
POSITIVE_UPLIFT_EVENT_PROXY_P1_P2_P3,store,22,623,STABLE_GROUP_SUMMARY,0.16883502432727857,0.32715298992611075,0.654923590935632,1.0,2.8476586319905137,Favorita observed retail demand context,positive uplift; event proxy P1/P2/P3; TRAIN+VALIDATION,DERIVED_FROM_OBSERVED
POSITIVE_UPLIFT_EVENT_PROXY_P1_P2_P3,store,23,1452,STABLE_GROUP_SUMMARY,0.10117573722699076,0.2580374583180865,0.7784037982882712,1.4315789473684222,23.49000000000001,Favorita observed retail demand context,positive uplift; event proxy P1/P2/P3; TRAIN+VALIDATION,DERIVED_FROM_OBSERVED
POSITIVE_UPLIFT_EVENT_PROXY_P1_P2_P3,store,24,1409,STABLE_GROUP_SUMMARY,0.09170013386880857,0.2391304347826087,0.7148955782146503,1.8257144187345766,16.68000000000029,Favorita observed retail demand context,positive uplift; event proxy P1/P2/P3; TRAIN+VALIDATION,DERIVED_FROM_OBSERVED
POSITIVE_UPLIFT_EVENT_PROXY_P1_P2_P3,store,25,1421,STABLE_GROUP_SUMMARY,0.2651747394236665,0.645910131905729,1.3692307692307693,2.423076923076923,12.572104926423494,Favorita observed retail demand context,positive uplift; event proxy P1/P2/P3; TRAIN+VALIDATION,DERIVED_FROM_OBSERVED
POSITIVE_UPLIFT_EVENT_PROXY_P1_P2_P3,store,26,1383,STABLE_GROUP_SUMMARY,0.19574330861012576,0.4503450690138028,1.1289431062155941,2.0554476652326326,72.20000000000255,Favorita observed retail demand context,positive uplift; event proxy P1/P2/P3; TRAIN+VALIDATION,DERIVED_FROM_OBSERVED
POSITIVE_UPLIFT_EVENT_PROXY_P1_P2_P3,store,27,1614,STABLE_GROUP_SUMMARY,0.09393046893046893,0.2222222222222222,0.5762566844919786,1.0,12.609999999999673,Favorita observed retail demand context,positive uplift; event proxy P1/P2/P3; TRAIN+VALIDATION,DERIVED_FROM_OBSERVED
POSITIVE_UPLIFT_EVENT_PROXY_P1_P2_P3,store,28,1554,STABLE_GROUP_SUMMARY,0.13398827689339915,0.28331153834175604,0.6923076923076923,1.2646472546498917,4.190605118189311,Favorita observed retail demand context,positive uplift; event proxy P1/P2/P3; TRAIN+VALIDATION,DERIVED_FROM_OBSERVED
POSITIVE_UPLIFT_EVENT_PROXY_P1_P2_P3,store,29,934,STABLE_GROUP_SUMMARY,0.12037054444277334,0.25823581612415203,0.8808239541303888,1.4399305555555548,4.954609648100644,Favorita observed retail demand context,positive uplift; event proxy P1/P2/P3; TRAIN+VALIDATION,DERIVED_FROM_OBSERVED
POSITIVE_UPLIFT_EVENT_PROXY_P1_P2_P3,store,3,1693,STABLE_GROUP_SUMMARY,0.08802578705431088,0.19375106510920487,0.445507839723635,0.8335237007424329,7.155549255846885,Favorita observed retail demand context,positive uplift; event proxy P1/P2/P3; TRAIN+VALIDATION,DERIVED_FROM_OBSERVED
POSITIVE_UPLIFT_EVENT_PROXY_P1_P2_P3,store,30,1348,STABLE_GROUP_SUMMARY,0.11815181301414819,0.2748534275405893,0.6971571383942518,1.1163712971322861,3.7676190476190423,Favorita observed retail demand context,positive uplift; event proxy P1/P2/P3; TRAIN+VALIDATION,DERIVED_FROM_OBSERVED
POSITIVE_UPLIFT_EVENT_PROXY_P1_P2_P3,store,31,1515,STABLE_GROUP_SUMMARY,0.15745009314051672,0.3333333333333333,0.8366315789473696,1.5,7.0,Favorita observed retail demand context,positive uplift; event proxy P1/P2/P3; TRAIN+VALIDATION,DERIVED_FROM_OBSERVED
POSITIVE_UPLIFT_EVENT_PROXY_P1_P2_P3,store,32,1310,STABLE_GROUP_SUMMARY,0.14179108398391774,0.3417073649326299,1.0,1.5,4.98628214790146,Favorita observed retail demand context,positive uplift; event proxy P1/P2/P3; TRAIN+VALIDATION,DERIVED_FROM_OBSERVED
POSITIVE_UPLIFT_EVENT_PROXY_P1_P2_P3,store,33,1452,STABLE_GROUP_SUMMARY,0.13048438810185925,0.28733000014009513,0.77040597373616,1.2860051358706086,3.822580231065472,Favorita observed retail demand context,positive uplift; event proxy P1/P2/P3; TRAIN+VALIDATION,DERIVED_FROM_OBSERVED
POSITIVE_UPLIFT_EVENT_PROXY_P1_P2_P3,store,34,1460,STABLE_GROUP_SUMMARY,0.15044385749987835,0.35604055195719514,0.8491867967791836,1.5,5.411345454545464,Favorita observed retail demand context,positive uplift; event proxy P1/P2/P3; TRAIN+VALIDATION,DERIVED_FROM_OBSERVED
POSITIVE_UPLIFT_EVENT_PROXY_P1_P2_P3,store,35,1407,STABLE_GROUP_SUMMARY,0.16,0.3978564425955857,1.0148148148148182,2.0,6.0,Favorita observed retail demand context,positive uplift; event proxy P1/P2/P3; TRAIN+VALIDATION,DERIVED_FROM_OBSERVED
POSITIVE_UPLIFT_EVENT_PROXY_P1_P2_P3,store,36,1507,STABLE_GROUP_SUMMARY,0.1690031152647975,0.39303775148473813,1.0,1.9769230769230803,7.077742238071372,Favorita observed retail demand context,positive uplift; event proxy P1/P2/P3; TRAIN+VALIDATION,DERIVED_FROM_OBSERVED
POSITIVE_UPLIFT_EVENT_PROXY_P1_P2_P3,store,37,1517,STABLE_GROUP_SUMMARY,0.09800265890403724,0.2222737639645908,0.5060386473429963,1.2665422638628472,8.135690274068299,Favorita observed retail demand context,positive uplift; event proxy P1/P2/P3; TRAIN+VALIDATION,DERIVED_FROM_OBSERVED
POSITIVE_UPLIFT_EVENT_PROXY_P1_P2_P3,store,38,1548,STABLE_GROUP_SUMMARY,0.1111111111111111,0.24060715820492357,0.5901519119958093,1.2561990288945508,12.402190216954505,Favorita observed retail demand context,positive uplift; event proxy P1/P2/P3; TRAIN+VALIDATION,DERIVED_FROM_OBSERVED
POSITIVE_UPLIFT_EVENT_PROXY_P1_P2_P3,store,39,1613,STABLE_GROUP_SUMMARY,0.1238708621019022,0.2582395498392283,0.5440236628025344,1.0360485268630726,5.077494194895721,Favorita observed retail demand context,positive uplift; event proxy P1/P2/P3; TRAIN+VALIDATION,DERIVED_FROM_OBSERVED
POSITIVE_UPLIFT_EVENT_PROXY_P1_P2_P3,store,4,1570,STABLE_GROUP_SUMMARY,0.10532157436277653,0.23625323599554285,0.6139748549323022,1.1113543011054365,7.259322837063902,Favorita observed retail demand context,positive uplift; event proxy P1/P2/P3; TRAIN+VALIDATION,DERIVED_FROM_OBSERVED
POSITIVE_UPLIFT_EVENT_PROXY_P1_P2_P3,store,40,1505,STABLE_GROUP_SUMMARY,0.13039832285115305,0.2823193824434739,0.7847953216374285,1.4285714285714286,6.474769459934264,Favorita observed retail demand context,positive uplift; event proxy P1/P2/P3; TRAIN+VALIDATION,DERIVED_FROM_OBSERVED
POSITIVE_UPLIFT_EVENT_PROXY_P1_P2_P3,store,41,1632,STABLE_GROUP_SUMMARY,0.12304877534320821,0.26262749405258645,0.6193331383445455,1.1608795552332254,9.0,Favorita observed retail demand context,positive uplift; event proxy P1/P2/P3; TRAIN+VALIDATION,DERIVED_FROM_OBSERVED
POSITIVE_UPLIFT_EVENT_PROXY_P1_P2_P3,store,42,770,STABLE_GROUP_SUMMARY,0.10885721909026953,0.2494335347432024,0.5013513513513517,1.0466666666666629,3.92749079397495,Favorita observed retail demand context,positive uplift; event proxy P1/P2/P3; TRAIN+VALIDATION,DERIVED_FROM_OBSERVED
POSITIVE_UPLIFT_EVENT_PROXY_P1_P2_P3,store,43,1415,STABLE_GROUP_SUMMARY,0.16666666666666666,0.39152545184057347,1.0,1.9363636363636323,5.963563721208179,Favorita observed retail demand context,positive uplift; event proxy P1/P2/P3; TRAIN+VALIDATION,DERIVED_FROM_OBSERVED
POSITIVE_UPLIFT_EVENT_PROXY_P1_P2_P3,store,44,1546,STABLE_GROUP_SUMMARY,0.09890315610064021,0.2303767759523751,0.5384253847358971,1.0740740740740742,27.1033009708737,Favorita observed retail demand context,positive uplift; event proxy P1/P2/P3; TRAIN+VALIDATION,DERIVED_FROM_OBSERVED
POSITIVE_UPLIFT_EVENT_PROXY_P1_P2_P3,store,45,1666,STABLE_GROUP_SUMMARY,0.11860824024012233,0.2616514616777583,0.662142152921531,1.3124195638442657,29.499999999998924,Favorita observed retail demand context,positive uplift; event proxy P1/P2/P3; TRAIN+VALIDATION,DERIVED_FROM_OBSERVED
POSITIVE_UPLIFT_EVENT_PROXY_P1_P2_P3,store,46,1630,STABLE_GROUP_SUMMARY,0.14788392145000664,0.2959680705808213,0.6790780821043224,1.4464830300049167,17.75538461538462,Favorita observed retail demand context,positive uplift; event proxy P1/P2/P3; TRAIN+VALIDATION,DERIVED_FROM_OBSERVED
POSITIVE_UPLIFT_EVENT_PROXY_P1_P2_P3,store,47,1655,STABLE_GROUP_SUMMARY,0.1231024109254245,0.2493003219405971,0.5798412645106411,1.1066995073891621,13.624050632911418,Favorita observed retail demand context,positive uplift; event proxy P1/P2/P3; TRAIN+VALIDATION,DERIVED_FROM_OBSERVED
POSITIVE_UPLIFT_EVENT_PROXY_P1_P2_P3,store,48,1623,STABLE_GROUP_SUMMARY,0.17537313432835822,0.3500840623945158,0.7043961347425797,1.5682319415190142,47.24774193548378,Favorita observed retail demand context,positive uplift; event proxy P1/P2/P3; TRAIN+VALIDATION,DERIVED_FROM_OBSERVED
POSITIVE_UPLIFT_EVENT_PROXY_P1_P2_P3,store,49,1780,STABLE_GROUP_SUMMARY,0.11504066987136101,0.23859055198337284,0.5767182662538702,1.0623204688084222,18.29400000000005,Favorita observed retail demand context,positive uplift; event proxy P1/P2/P3; TRAIN+VALIDATION,DERIVED_FROM_OBSERVED
POSITIVE_UPLIFT_EVENT_PROXY_P1_P2_P3,store,5,1445,STABLE_GROUP_SUMMARY,0.11075632463800059,0.2628032345013477,0.6379883634412016,1.3321504800052635,14.292307692307567,Favorita observed retail demand context,positive uplift; event proxy P1/P2/P3; TRAIN+VALIDATION,DERIVED_FROM_OBSERVED
POSITIVE_UPLIFT_EVENT_PROXY_P1_P2_P3,store,50,1613,STABLE_GROUP_SUMMARY,0.12377346950611878,0.2810637322329207,0.7198405797101448,1.520551143124489,27.445311653116153,Favorita observed retail demand context,positive uplift; event proxy P1/P2/P3; TRAIN+VALIDATION,DERIVED_FROM_OBSERVED
POSITIVE_UPLIFT_EVENT_PROXY_P1_P2_P3,store,51,1567,STABLE_GROUP_SUMMARY,0.10913978385796726,0.2519533770611153,0.6471491228070179,1.2828947368421035,20.781111111110842,Favorita observed retail demand context,positive uplift; event proxy P1/P2/P3; TRAIN+VALIDATION,DERIVED_FROM_OBSERVED
POSITIVE_UPLIFT_EVENT_PROXY_P1_P2_P3,store,53,1320,STABLE_GROUP_SUMMARY,0.17135887526885482,0.5356927434687359,1.251322955432196,1.6948634721109006,8.253209789326661,Favorita observed retail demand context,positive uplift; event proxy P1/P2/P3; TRAIN+VALIDATION,DERIVED_FROM_OBSERVED
POSITIVE_UPLIFT_EVENT_PROXY_P1_P2_P3,store,54,1492,STABLE_GROUP_SUMMARY,0.13590134518114427,0.31739671478347437,0.842823529411765,1.4710875331564996,4.60739458508454,Favorita observed retail demand context,positive uplift; event proxy P1/P2/P3; TRAIN+VALIDATION,DERIVED_FROM_OBSERVED
POSITIVE_UPLIFT_EVENT_PROXY_P1_P2_P3,store,6,1568,STABLE_GROUP_SUMMARY,0.10391836940422239,0.2413793103448276,0.5757822841107634,1.1267412651290205,15.989999999999782,Favorita observed retail demand context,positive uplift; event proxy P1/P2/P3; TRAIN+VALIDATION,DERIVED_FROM_OBSERVED
POSITIVE_UPLIFT_EVENT_PROXY_P1_P2_P3,store,7,1571,STABLE_GROUP_SUMMARY,0.09096774193548388,0.1875,0.4594594594594595,0.8643104214622179,10.815686274509732,Favorita observed retail demand context,positive uplift; event proxy P1/P2/P3; TRAIN+VALIDATION,DERIVED_FROM_OBSERVED
POSITIVE_UPLIFT_EVENT_PROXY_P1_P2_P3,store,8,1585,STABLE_GROUP_SUMMARY,0.08940374092695554,0.18518518518518517,0.45250255362614983,0.9892650761779258,10.514666666666857,Favorita observed retail demand context,positive uplift; event proxy P1/P2/P3; TRAIN+VALIDATION,DERIVED_FROM_OBSERVED
POSITIVE_UPLIFT_EVENT_PROXY_P1_P2_P3,store,9,1593,STABLE_GROUP_SUMMARY,0.15335006352037203,0.31986702015738755,0.6662196221000976,1.0805645824256886,6.180956717551088,Favorita observed retail demand context,positive uplift; event proxy P1/P2/P3; TRAIN+VALIDATION,DERIVED_FROM_OBSERVED
POSITIVE_UPLIFT_NORMAL_P4_COMPARATOR,overall,P4_NORMAL,49411,STABLE_GROUP_SUMMARY,0.20072992700729927,0.5,1.1196581196581197,2.0,6.682456140350903,Favorita observed retail demand context,positive uplift; normal proxy P4; TRAIN+VALIDATION,DERIVED_FROM_OBSERVED
