group_dimension,group_value,calibration_sample_size,test_sample_size,group_q90,group_q95,global_q90,global_q95,q90_difference_from_global,q95_difference_from_global,test_coverage_using_global_q90,global_q90_coverage_error,absolute_global_q90_coverage_error,eligible_for_ml_gate
event_proxy,P1_PROMOTION,37086,13461,0.46153846153846156,0.9692281384825845,0.7333333333333333,1.3529411764705883,-0.2717948717948717,-0.3837130379880038,0.9402718965901493,0.04027189659014929,0.04027189659014929,True
event_proxy,P2_HOLIDAY_EVENT,20156,1832,1.326341266639774,2.6666666666666665,0.7333333333333333,1.3529411764705883,0.5930079333064407,1.3137254901960782,0.7980349344978166,-0.10196506550218343,0.10196506550218343,True
event_proxy,P3_PROMOTION_HOLIDAY_OVERLAP,18704,4696,0.5147053806369659,0.9129526281635293,0.7333333333333333,1.3529411764705883,-0.21862795269636737,-0.439988548307059,0.9197189097103918,0.019718909710391808,0.019718909710391808,True
holiday_status,HOLIDAY,38860,6528,1.0,1.6666666666666667,0.7333333333333333,1.3529411764705883,0.2666666666666667,0.3137254901960784,0.8855698529411765,-0.014430147058823506,0.014430147058823506,True
holiday_status,NO_HOLIDAY,37086,13461,0.46153846153846156,0.9692281384825845,0.7333333333333333,1.3529411764705883,-0.2717948717948717,-0.3837130379880038,0.9402718965901493,0.04027189659014929,0.04027189659014929,True
product_family,AUTOMOTIVE,1647,378,0.6345454545454547,0.8126245847176071,0.7333333333333333,1.3529411764705883,-0.09878787878787854,-0.5403165917529812,0.9497354497354498,0.049735449735449744,0.049735449735449744,True
product_family,BABY CARE,150,57,7.0,11.0,0.7333333333333333,1.3529411764705883,6.266666666666667,9.647058823529411,0.42105263157894735,-0.4789473684210527,0.4789473684210527,True
product_family,BEAUTY,2047,716,1.0,1.6,0.7333333333333333,1.3529411764705883,0.2666666666666667,0.24705882352941178,0.755586592178771,-0.14441340782122902,0.14441340782122902,True
product_family,BEVERAGES,3832,851,0.9215148443596454,1.2372178411397599,0.7333333333333333,1.3529411764705883,0.1881815110263121,-0.11572333533082846,0.982373678025852,0.08237367802585194,0.08237367802585194,True
product_family,BOOKS,39,29,2.4200000000000004,2.6,0.7333333333333333,1.3529411764705883,1.686666666666667,1.2470588235294118,0.8275862068965517,-0.07241379310344831,0.07241379310344831,False
product_family,BREAD/BAKERY,3601,884,0.23351860958214748,0.3138357705286839,0.7333333333333333,1.3529411764705883,-0.4998147237511858,-1.0391054059419045,0.9932126696832579,0.09321266968325792,0.09321266968325792,True
product_family,CELEBRATION,1169,338,1.147524366471735,3.261408450704224,0.7333333333333333,1.3529411764705883,0.41419103313840167,1.9084672742336357,0.9260355029585798,0.026035502958579815,0.026035502958579815,True
product_family,CLEANING,3720,861,0.3084723826996927,0.3957065612888641,0.7333333333333333,1.3529411764705883,-0.4248609506336406,-0.9572346151817241,0.9523809523809523,0.052380952380952306,0.052380952380952306,True
product_family,DAIRY,3853,783,0.24739179818420676,0.3403460429698659,0.7333333333333333,1.3529411764705883,-0.4859415351491265,-1.0125951335007224,0.9948914431673053,0.09489144316730524,0.09489144316730524,True
product_family,DELI,3971,836,0.24597553122987767,0.31621191343148924,0.7333333333333333,1.3529411764705883,-0.4873578021034556,-1.0367292630390992,0.9952153110047847,0.09521531100478464,0.09521531100478464,True
product_family,EGGS,3743,878,0.33071912685746563,0.46908435680453264,0.7333333333333333,1.3529411764705883,-0.40261420647586765,-0.8838568196660557,0.989749430523918,0.08974943052391793,0.08974943052391793,True
product_family,FROZEN FOODS,3608,705,1.1847403769090599,3.5593595280668233,0.7333333333333333,1.3529411764705883,0.4514070435757266,2.206418351596235,0.9801418439716312,0.08014184397163115,0.08014184397163115,True
product_family,GROCERY I,3998,813,0.32614336002868727,0.4442827210832168,0.7333333333333333,1.3529411764705883,-0.407189973304646,-0.9086584553873716,0.988929889298893,0.088929889298893,0.088929889298893,True
product_family,GROCERY II,2087,750,0.9211549235078647,1.3202270381836934,0.7333333333333333,1.3529411764705883,0.18782159017453137,-0.032714138286894956,0.792,-0.10799999999999998,0.10799999999999998,True
product_family,HARDWARE,1304,230,1.6,2.3333333333333335,0.7333333333333333,1.3529411764705883,0.8666666666666668,0.9803921568627452,0.7,-0.20000000000000007,0.20000000000000007,True
product_family,HOME AND KITCHEN I,1697,796,1.137525354969574,1.9479606188466916,0.7333333333333333,1.3529411764705883,0.4041920216362408,0.5950194423761033,0.8454773869346733,-0.054522613065326686,0.054522613065326686,True
product_family,HOME AND KITCHEN II,1930,840,1.6312110137121822,3.453657367462367,0.7333333333333333,1.3529411764705883,0.897877680378849,2.1007161909917786,0.9285714285714286,0.02857142857142858,0.02857142857142858,True
product_family,HOME APPLIANCES,819,142,3.590476190476195,6.033333333333303,0.7333333333333333,1.3529411764705883,2.8571428571428616,4.680392156862714,0.528169014084507,-0.371830985915493,0.371830985915493,True
product_family,HOME CARE,2147,914,0.4352846814725076,1.0215701550286242,0.7333333333333333,1.3529411764705883,-0.2980486518608257,-0.33137102144196406,0.9934354485776805,0.09343544857768049,0.09343544857768049,True
product_family,LADIESWEAR,606,167,1.263101604278075,4.078624078624078,0.7333333333333333,1.3529411764705883,0.5297682709447417,2.72568290215349,0.844311377245509,-0.055688622754491046,0.055688622754491046,True
product_family,LAWN AND GARDEN,2032,674,1.019031830238727,1.7638753651411863,0.7333333333333333,1.3529411764705883,0.2856984969053936,0.41093418867059794,0.7566765578635015,-0.1433234421364985,0.1433234421364985,True
product_family,LINGERIE,1484,358,1.106578947368421,1.528082191780821,0.7333333333333333,1.3529411764705883,0.3732456140350878,0.17514101531023263,0.776536312849162,-0.123463687150838,0.123463687150838,True
product_family,"LIQUOR,WINE,BEER",2530,791,1.0495376096881779,1.5051768315571286,0.7333333333333333,1.3529411764705883,0.3162042763548446,0.15223565508654024,0.9216182048040455,0.021618204804045527,0.021618204804045527,True
product_family,MAGAZINES,775,233,3.0,5.102127659574452,0.7333333333333333,1.3529411764705883,2.2666666666666666,3.749186483103864,0.8497854077253219,-0.05021459227467817,0.05021459227467817,True
product_family,MEATS,3703,969,0.2015209535383318,0.2594412153293991,0.7333333333333333,1.3529411764705883,-0.5318123797950015,-1.0934999611411893,0.9958720330237358,0.09587203302373581,0.09587203302373581,True
product_family,PERSONAL CARE,3233,803,0.3894076367254513,0.5105940427277187,0.7333333333333333,1.3529411764705883,-0.34392569660788197,-0.8423471337428696,0.9763387297633873,0.07633872976338729,0.07633872976338729,True
product_family,PET SUPPLIES,1094,407,1.5,3.0,0.7333333333333333,1.3529411764705883,0.7666666666666667,1.6470588235294117,0.9434889434889435,0.0434889434889435,0.0434889434889435,True
product_family,PLAYERS AND ELECTRONICS,1003,310,1.1815447710184555,2.8994285714285666,0.7333333333333333,1.3529411764705883,0.44821143768512217,1.5464873949579783,0.9354838709677419,0.03548387096774186,0.03548387096774186,True
product_family,POULTRY,3608,864,0.2526858406847112,0.36842986630513175,0.7333333333333333,1.3529411764705883,-0.48064749264862205,-0.9845113101654566,0.9953703703703703,0.09537037037037033,0.09537037037037033,True
product_family,PREPARED FOODS,3443,607,0.2630259741583598,0.3595098384021619,0.7333333333333333,1.3529411764705883,-0.47030735917497346,-0.9934313380684264,0.985172981878089,0.08517298187808897,0.08517298187808897,True
product_family,PRODUCE,3067,902,98.18138200911874,332.85247284427277,0.7333333333333333,1.3529411764705883,97.4480486757854,331.49953166780216,0.9933481152993349,0.09334811529933484,0.09334811529933484,True
product_family,SCHOOL AND OFFICE SUPPLIES,666,299,23.598901098901102,43.82272727272727,0.7333333333333333,1.3529411764705883,22.865567765567768,42.46978609625668,0.3377926421404682,-0.5622073578595318,0.5622073578595318,True
product_family,SEAFOOD,3340,804,0.8807726075504827,1.5,0.7333333333333333,1.3529411764705883,0.14743927421714942,0.1470588235294117,0.9241293532338308,0.024129353233830808,0.024129353233830808,True
promotion_intensity,HIGH,23646,10170,0.3211851176780701,0.612183309006053,0.7333333333333333,1.3529411764705883,-0.41214821565526316,-0.7407578674645353,0.9704031465093412,0.07040314650934121,0.07040314650934121,True
promotion_intensity,LOW,15422,3136,0.7016250915028998,1.1599430769230756,0.7333333333333333,1.3529411764705883,-0.031708241830433526,-0.19299809954751268,0.8641581632653061,-0.03584183673469388,0.03584183673469388,True
promotion_intensity,MEDIUM,16722,4851,0.4733336072140167,0.9824690052571163,0.7333333333333333,1.3529411764705883,-0.2599997261193166,-0.370472171213472,0.9064110492681922,0.006411049268192137,0.006411049268192137,True
promotion_intensity,NONE,20156,1832,1.326341266639774,2.6666666666666665,0.7333333333333333,1.3529411764705883,0.5930079333064407,1.3137254901960782,0.7980349344978166,-0.10196506550218343,0.10196506550218343,True
state_region,Azuay,3900,1110,0.5288209606986896,1.1473420060730868,0.7333333333333333,1.3529411764705883,-0.20451237263464372,-0.20559917039750153,0.9531531531531532,0.053153153153153165,0.053153153153153165,True
state_region,Bolivar,1457,336,0.7288006111535527,1.1476190476190486,0.7333333333333333,1.3529411764705883,-0.004532722179780624,-0.20532212885153966,0.9196428571428571,0.019642857142857073,0.019642857142857073,True
state_region,Chimborazo,1366,348,0.8466559331621775,1.410869241091397,0.7333333333333333,1.3529411764705883,0.11332259982884418,0.057928064620808684,0.8706896551724138,-0.02931034482758621,0.02931034482758621,True
state_region,Cotopaxi,2708,719,0.7952204547105398,1.3333333333333333,0.7333333333333333,1.3529411764705883,0.06188712137720653,-0.019607843137255054,0.9082058414464534,0.008205841446453421,0.008205841446453421,True
state_region,El Oro,3137,775,0.6666666666666666,1.2753169574580963,0.7333333333333333,1.3529411764705883,-0.06666666666666665,-0.07762421901249206,0.9419354838709677,0.04193548387096768,0.04193548387096768,True
state_region,Esmeraldas,1415,419,1.0,1.9363636363636323,0.7333333333333333,1.3529411764705883,0.2666666666666667,0.583422459893044,0.8591885441527446,-0.04081145584725543,0.04081145584725543,True
state_region,Guayas,15493,4137,0.8423899655631819,1.5437321232326358,0.7333333333333333,1.3529411764705883,0.10905663222984863,0.19079094676204744,0.9079042784626541,0.007904278462654069,0.007904278462654069,True
state_region,Imbabura,1431,346,0.7297297297297297,1.1083724569640063,0.7333333333333333,1.3529411764705883,-0.003603603603603567,-0.244568719506582,0.9132947976878613,0.013294797687861237,0.013294797687861237,True
state_region,Loja,1548,389,0.5901519119958093,1.2561990288945508,0.7333333333333333,1.3529411764705883,-0.14318142133752398,-0.0967421475760375,0.9177377892030848,0.017737789203084775,0.017737789203084775,True
state_region,Los Rios,2967,763,0.8,1.4517766781291044,0.7333333333333333,1.3529411764705883,0.06666666666666676,0.09883550165851607,0.9161205766710354,0.01612057667103539,0.01612057667103539,True
state_region,Manabi,2812,866,1.045828491780792,1.611302325581391,0.7333333333333333,1.3529411764705883,0.3124951584474588,0.25836114911080266,0.9214780600461894,0.02147806004618935,0.02147806004618935,True
state_region,Pastaza,623,408,0.654923590935632,1.0,0.7333333333333333,1.3529411764705883,-0.07840974239770127,-0.3529411764705883,0.9142156862745098,0.014215686274509753,0.014215686274509753,True
state_region,Pichincha,29113,7033,0.6136363636363636,1.145440172730114,0.7333333333333333,1.3529411764705883,-0.11969696969696964,-0.2075010037404743,0.9382909142613394,0.03829091426133935,0.03829091426133935,True
state_region,Santa Elena,1421,409,1.3692307692307693,2.423076923076923,0.7333333333333333,1.3529411764705883,0.635897435897436,1.0701357466063346,0.8312958435207825,-0.06870415647921757,0.06870415647921757,True
state_region,Santo Domingo de los Tsachilas,3490,1212,0.75,1.4455775422349217,0.7333333333333333,1.3529411764705883,0.01666666666666672,0.09263636576433343,0.9191419141914191,0.019141914191419085,0.019141914191419085,True
state_region,Tungurahua,3065,719,0.7663003663003657,1.4843670095736434,0.7333333333333333,1.3529411764705883,0.032967032967032406,0.1314258331030551,0.9360222531293463,0.03602225312934626,0.03602225312934626,True
store,1,1510,336,0.5565217391304361,0.9205545275469481,0.7333333333333333,1.3529411764705883,-0.17681159420289716,-0.4323866489236402,0.9732142857142857,0.07321428571428568,0.07321428571428568,True
store,10,1365,343,0.8253817446784497,1.5075034360153252,0.7333333333333333,1.3529411764705883,0.09204841134511643,0.1545622595447369,0.8775510204081632,-0.022448979591836782,0.022448979591836782,True
store,11,1514,402,0.7177241097011873,1.2409161490683218,0.7333333333333333,1.3529411764705883,-0.015609223632146008,-0.1120250274022665,0.9104477611940298,0.010447761194029792,0.010447761194029792,True
store,12,1319,364,0.7287090252228964,1.2373042995496881,0.7333333333333333,1.3529411764705883,-0.004624308110436903,-0.11563687692090019,0.9148351648351648,0.014835164835164782,0.014835164835164782,True
store,13,1389,355,0.8423501169626512,1.4349190870887585,0.7333333333333333,1.3529411764705883,0.10901678362931788,0.08197791061817017,0.9014084507042254,0.0014084507042253502,0.0014084507042253502,True
store,14,1366,348,0.8466559331621775,1.410869241091397,0.7333333333333333,1.3529411764705883,0.11332259982884418,0.057928064620808684,0.8706896551724138,-0.02931034482758621,0.02931034482758621,True
store,15,1431,346,0.7297297297297297,1.1083724569640063,0.7333333333333333,1.3529411764705883,-0.003603603603603567,-0.244568719506582,0.9132947976878613,0.013294797687861237,0.013294797687861237,True
store,16,1341,353,0.9047619047619048,1.5,0.7333333333333333,1.3529411764705883,0.17142857142857149,0.1470588235294117,0.8923512747875354,-0.007648725212464624,0.007648725212464624,True
store,17,1482,350,0.6919350545648126,1.1666328257191203,0.7333333333333333,1.3529411764705883,-0.04139827876852065,-0.186308350751468,0.9257142857142857,0.02571428571428569,0.02571428571428569,True
store,18,1167,381,0.824754932119274,1.346292244363353,0.7333333333333333,1.3529411764705883,0.0914215987859407,-0.0066489321072353835,0.8530183727034121,-0.04698162729658795,0.04698162729658795,True
store,19,1457,336,0.7288006111535527,1.1476190476190486,0.7333333333333333,1.3529411764705883,-0.004532722179780624,-0.20532212885153966,0.9196428571428571,0.019642857142857073,0.019642857142857073,True
store,2,1621,349,0.5723270440251572,1.2642303644886634,0.7333333333333333,1.3529411764705883,-0.16100628930817606,-0.08871081198192488,0.9426934097421203,0.042693409742120325,0.042693409742120325,True
store,20,974,423,0.6503219557935737,1.0325581395348753,0.7333333333333333,1.3529411764705883,-0.08301137753975962,-0.320383036935713,0.9078014184397163,0.007801418439716268,0.007801418439716268,True
store,21,704,453,0.8160343593414463,1.4735027223230506,0.7333333333333333,1.3529411764705883,0.08270102600811302,0.12056154585246226,0.9293598233995585,0.02935982339955845,0.02935982339955845,True
store,22,623,408,0.654923590935632,1.0,0.7333333333333333,1.3529411764705883,-0.07840974239770127,-0.3529411764705883,0.9142156862745098,0.014215686274509753,0.014215686274509753,True
store,23,1452,339,0.7784037982882712,1.4315789473684222,0.7333333333333333,1.3529411764705883,0.04507046495493794,0.07863777089783386,0.9380530973451328,0.038053097345132736,0.038053097345132736,True
store,24,1409,359,0.7148955782146503,1.8257144187345766,0.7333333333333333,1.3529411764705883,-0.018437755118682952,0.4727732422639883,0.958217270194986,0.058217270194986015,0.058217270194986015,True
store,25,1421,409,1.3692307692307693,2.423076923076923,0.7333333333333333,1.3529411764705883,0.635897435897436,1.0701357466063346,0.8312958435207825,-0.06870415647921757,0.06870415647921757,True
store,26,1383,361,1.1289431062155941,2.0554476652326326,0.7333333333333333,1.3529411764705883,0.39560977288226085,0.7025064887620442,0.889196675900277,-0.010803324099723066,0.010803324099723066,True
store,27,1614,387,0.5762566844919786,1.0,0.7333333333333333,1.3529411764705883,-0.15707664884135464,-0.3529411764705883,0.9328165374677002,0.03281653746770019,0.03281653746770019,True
store,28,1554,395,0.6923076923076923,1.2646472546498917,0.7333333333333333,1.3529411764705883,-0.04102564102564099,-0.08829392182069662,0.9341772151898734,0.03417721518987338,0.03417721518987338,True
store,29,934,405,0.8808239541303888,1.4399305555555548,0.7333333333333333,1.3529411764705883,0.14749062079705555,0.08698937908496651,0.9234567901234568,0.023456790123456805,0.023456790123456805,True
store,3,1693,360,0.445507839723635,0.8335237007424329,0.7333333333333333,1.3529411764705883,-0.2878254936096983,-0.5194174757281554,0.9805555555555555,0.08055555555555549,0.08055555555555549,True
store,30,1348,385,0.6971571383942518,1.1163712971322861,0.7333333333333333,1.3529411764705883,-0.03617619493908153,-0.2365698793383022,0.8935064935064935,-0.006493506493506551,0.006493506493506551,True
store,31,1515,414,0.8366315789473696,1.5,0.7333333333333333,1.3529411764705883,0.10329824561403633,0.1470588235294117,0.9154589371980676,0.015458937198067568,0.015458937198067568,True
store,32,1310,331,1.0,1.5,0.7333333333333333,1.3529411764705883,0.2666666666666667,0.1470588235294117,0.8398791540785498,-0.06012084592145017,0.06012084592145017,True
store,33,1452,349,0.77040597373616,1.2860051358706086,0.7333333333333333,1.3529411764705883,0.03707264040282676,-0.06693604059997971,0.9169054441260746,0.01690544412607453,0.01690544412607453,True
store,34,1460,361,0.8491867967791836,1.5,0.7333333333333333,1.3529411764705883,0.11585346344585035,0.1470588235294117,0.9196675900277008,0.0196675900277008,0.0196675900277008,True
store,35,1407,371,1.0148148148148182,2.0,0.7333333333333333,1.3529411764705883,0.2814814814814849,0.6470588235294117,0.8463611859838275,-0.05363881401617254,0.05363881401617254,True
store,36,1507,361,1.0,1.9769230769230803,0.7333333333333333,1.3529411764705883,0.2666666666666667,0.623981900452492,0.9168975069252078,0.01689750692520775,0.01689750692520775,True
store,37,1517,340,0.5060386473429963,1.2665422638628472,0.7333333333333333,1.3529411764705883,-0.22729468599033698,-0.08639891260774113,0.9588235294117647,0.05882352941176472,0.05882352941176472,True
store,38,1548,389,0.5901519119958093,1.2561990288945508,0.7333333333333333,1.3529411764705883,-0.14318142133752398,-0.0967421475760375,0.9177377892030848,0.017737789203084775,0.017737789203084775,True
store,39,1613,398,0.5440236628025344,1.0360485268630726,0.7333333333333333,1.3529411764705883,-0.18930967053079883,-0.31689264960751573,0.9422110552763819,0.042211055276381915,0.042211055276381915,True
store,4,1570,335,0.6139748549323022,1.1113543011054365,0.7333333333333333,1.3529411764705883,-0.11935847840103109,-0.24158687536515178,0.9611940298507463,0.06119402985074629,0.06119402985074629,True
store,40,1505,374,0.7847953216374285,1.4285714285714286,0.7333333333333333,1.3529411764705883,0.05146198830409521,0.07563025210084029,0.9278074866310161,0.027807486631016065,0.027807486631016065,True
store,41,1632,401,0.6193331383445455,1.1608795552332254,0.7333333333333333,1.3529411764705883,-0.11400019498878777,-0.19206162123736292,0.9551122194513716,0.05511221945137157,0.05511221945137157,True
store,42,770,372,0.5013513513513517,1.0466666666666629,0.7333333333333333,1.3529411764705883,-0.2319819819819816,-0.30627450980392545,0.9596774193548387,0.05967741935483872,0.05967741935483872,True
store,43,1415,419,1.0,1.9363636363636323,0.7333333333333333,1.3529411764705883,0.2666666666666667,0.583422459893044,0.8591885441527446,-0.04081145584725543,0.04081145584725543,True
store,44,1546,391,0.5384253847358971,1.0740740740740742,0.7333333333333333,1.3529411764705883,-0.1949079485974362,-0.27886710239651413,0.969309462915601,0.06930946291560103,0.06930946291560103,True
store,45,1666,399,0.662142152921531,1.3124195638442657,0.7333333333333333,1.3529411764705883,-0.07119118041180228,-0.04052161262632259,0.9523809523809523,0.052380952380952306,0.052380952380952306,True
store,46,1630,403,0.6790780821043224,1.4464830300049167,0.7333333333333333,1.3529411764705883,-0.05425525122901087,0.09354185353432842,0.9330024813895782,0.033002481389578175,0.033002481389578175,True
store,47,1655,390,0.5798412645106411,1.1066995073891621,0.7333333333333333,1.3529411764705883,-0.15349206882269217,-0.2462416690814262,0.958974358974359,0.05897435897435899,0.05897435897435899,True
store,48,1623,400,0.7043961347425797,1.5682319415190142,0.7333333333333333,1.3529411764705883,-0.02893719859075361,0.21529076504842592,0.925,0.025000000000000022,0.025000000000000022,True
store,49,1780,349,0.5767182662538702,1.0623204688084222,0.7333333333333333,1.3529411764705883,-0.15661506707946304,-0.2906207076621661,0.9484240687679083,0.04842406876790828,0.04842406876790828,True
store,5,1445,406,0.6379883634412016,1.3321504800052635,0.7333333333333333,1.3529411764705883,-0.0953449698921317,-0.02079069646532483,0.9310344827586207,0.03103448275862064,0.03103448275862064,True
store,50,1613,380,0.7198405797101448,1.520551143124489,0.7333333333333333,1.3529411764705883,-0.01349275362318847,0.1676099666539006,0.9342105263157895,0.03421052631578947,0.03421052631578947,True
store,51,1567,421,0.6471491228070179,1.2828947368421035,0.7333333333333333,1.3529411764705883,-0.08618421052631542,-0.07004643962848478,0.9216152019002375,0.02161520190023747,0.02161520190023747,True
store,53,1320,345,1.251322955432196,1.6948634721109006,0.7333333333333333,1.3529411764705883,0.5179896220988628,0.3419222956403123,0.9594202898550724,0.05942028985507242,0.05942028985507242,True
store,54,1492,356,0.842823529411765,1.4710875331564996,0.7333333333333333,1.3529411764705883,0.10949019607843169,0.11814635668591134,0.9157303370786517,0.01573033707865168,0.01573033707865168,True
store,6,1568,362,0.5757822841107634,1.1267412651290205,0.7333333333333333,1.3529411764705883,-0.1575510492225699,-0.2261999113415678,0.9779005524861878,0.07790055248618777,0.07790055248618777,True
store,7,1571,355,0.4594594594594595,0.8643104214622179,0.7333333333333333,1.3529411764705883,-0.2738738738738738,-0.4886307550083704,0.9408450704225352,0.04084507042253516,0.04084507042253516,True
store,8,1585,328,0.45250255362614983,0.9892650761779258,0.7333333333333333,1.3529411764705883,-0.28083077970718345,-0.3636761002926625,0.9725609756097561,0.07256097560975605,0.07256097560975605,True
store,9,1593,377,0.6662196221000976,1.0805645824256886,0.7333333333333333,1.3529411764705883,-0.06711371123323573,-0.27237659404489967,0.9310344827586207,0.03103448275862064,0.03103448275862064,True
