group_dimension,group_value,quantile_level,estimate,ci_lower,ci_upper,confidence_level,sample_size,bootstrap_resamples,random_seed,status
overall,ALL_EVENT_PROXIES,0.75,0.29545454545454547,0.29203467640647335,0.2992564049350186,0.95,75946,1000,20260927,STABLE_GROUP_SUMMARY
overall,ALL_EVENT_PROXIES,0.9,0.7333333333333333,0.7142857142857143,0.7489864357816202,0.95,75946,1000,20260928,STABLE_GROUP_SUMMARY
overall,ALL_EVENT_PROXIES,0.95,1.3529411764705883,1.3177570093457944,1.3954733961133656,0.95,75946,1000,20260929,STABLE_GROUP_SUMMARY
event_proxy,P1_PROMOTION,0.75,0.21212121212121213,0.20833333333333334,0.21536710648035445,0.95,37086,1000,20260937,STABLE_GROUP_SUMMARY
event_proxy,P1_PROMOTION,0.9,0.46153846153846156,0.44880621803131976,0.4741487837075672,0.95,37086,1000,20260938,STABLE_GROUP_SUMMARY
event_proxy,P1_PROMOTION,0.95,0.9692281384825845,0.9233489905862009,1.0,0.95,37086,1000,20260939,STABLE_GROUP_SUMMARY
event_proxy,P2_HOLIDAY_EVENT,0.75,0.579071999202363,0.5648270047850837,0.6,0.95,20156,1000,20260947,STABLE_GROUP_SUMMARY
event_proxy,P2_HOLIDAY_EVENT,0.9,1.326341266639774,1.2758676005667313,1.375,0.95,20156,1000,20260948,STABLE_GROUP_SUMMARY
event_proxy,P2_HOLIDAY_EVENT,0.95,2.6666666666666665,2.5,3.0,0.95,20156,1000,20260949,STABLE_GROUP_SUMMARY
event_proxy,P3_PROMOTION_HOLIDAY_OVERLAP,0.75,0.25,0.24425907139339154,0.25481864993703907,0.95,18704,1000,20260957,STABLE_GROUP_SUMMARY
event_proxy,P3_PROMOTION_HOLIDAY_OVERLAP,0.9,0.5147053806369659,0.5,0.5295050857287461,0.95,18704,1000,20260958,STABLE_GROUP_SUMMARY
event_proxy,P3_PROMOTION_HOLIDAY_OVERLAP,0.95,0.9129526281635293,0.87010777161191,0.9672223360655737,0.95,18704,1000,20260959,STABLE_GROUP_SUMMARY
