split,event_proxy,uplift_valid_rows,positive_uplift_rows,nonpositive_uplift_rows,median_uplift,store_family_count
TRAIN,P1_PROMOTION,39911,20319,19592,0.0026414569720561655,1332
TRAIN,P2_HOLIDAY_EVENT,30580,15721,14859,0.012526844840186332,1546
TRAIN,P3_PROMOTION_HOLIDAY_OVERLAP,17366,10212,7154,0.03002758728393826,1234
TRAIN,P4_NORMAL,79665,39852,39813,0.0002939171348811165,1547
VALIDATION,P1_PROMOTION,33001,16767,16234,0.002810370652879804,1464
VALIDATION,P2_HOLIDAY_EVENT,9479,4435,5044,-0.0019267822736030828,929
VALIDATION,P3_PROMOTION_HOLIDAY_OVERLAP,15595,8492,7103,0.015384615384615385,1351
VALIDATION,P4_NORMAL,21248,9559,11689,-0.021679286806669404,1058
TEST,P1_PROMOTION,26993,13461,13532,0.0,1442
TEST,P2_HOLIDAY_EVENT,3731,1832,1899,0.0,753
TEST,P3_PROMOTION_HOLIDAY_OVERLAP,8384,4696,3688,0.0340555952337148,1385
TEST,P4_NORMAL,13326,5618,7708,-0.04081632653061224,884
