state_id,scheme,relative_demand_shift,inventory_to_demand_ratio,capacity_slack_ratio,first_stage_keep,robust_recourse_keep,total_cost_keep,first_stage_reopt,robust_recourse_reopt,reconfiguration_cost,total_cost_reopt,decision_value,relative_decision_value,inventory_change_L1,changed_inventory_pairs,recourse_to_first_stage_ratio,transport_cost_keep,shortage_cost_keep,service_penalty_cost_keep,transport_share_keep,shortage_share_keep,service_share_keep,keep_decomposition_uniqueness_status,reopt_decomposition_status,exact_certification_pass,global_risk_budget_coupling_pass,recourse_identity_error
pichincha-pichincha-context-2-20140106,CURRENT,0.4036410042260616,0.7836761655495503,0.2151357382192482,303942.8920275,404641976678.6842,404642280621.57623,494811.8933673572,503479.4970933335,12067.488582357171,998291.3904606907,404641282330.1858,0.9999975329039049,241349.7716471434,6,1331309.2271362382,268029.621407125,2708610.1207375,404639000038.9421,6.62387089958194e-07,6.693843636712802e-06,0.9999926437692733,NOT_ESTABLISHED_MULTIPLE_STAGE1_OPTIMA_POSSIBLE,NOT_REPORTED_UNIQUENESS_NOT_ESTABLISHED,True,True,0.0
pichincha-pichincha-context-1-20160321,CURRENT,-0.10999448187410231,1.2359473931311031,0.31965400420164686,640965.1406245,567102.119135,1208067.2597595002,567224.6014681298,567102.119135,3881.0810082300054,1134326.7206031298,73740.53915637033,0.06104009405159317,77621.6201646001,6,0.8847628103183048,567102.119135,0.0,0.0,1.0,0.0,0.0,NOT_ESTABLISHED_MULTIPLE_STAGE1_OPTIMA_POSSIBLE,NOT_REPORTED_UNIQUENESS_NOT_ESTABLISHED,True,True,0.0
pichincha-pichincha-context-2-20160502,CURRENT,-0.032624480933063076,1.1370972061201048,0.33543112216812276,559066.4515717501,550868.9285727501,1109935.3801445002,532011.0760232017,528575.8007562507,1856.1969375317153,1060586.8767794524,49348.50336504774,0.04446069946758807,37123.938750634305,5,0.9853371223117509,518755.234773875,32113.69379887506,0.0,0.9417035666141514,0.0582964333858485,0.0,NOT_ESTABLISHED_MULTIPLE_STAGE1_OPTIMA_POSSIBLE,NOT_REPORTED_UNIQUENESS_NOT_ESTABLISHED,True,True,-1.1641532182693481e-10
guayas-guayas-context-2-20170109,CURRENT,-0.18651672084029441,1.352209723519154,0.4627296418121496,302209.3520695,291666.27745000005,593875.6295195001,259990.27716731763,291666.27745000017,2222.056573799073,551656.5546173179,42219.07490218221,0.07109076851047301,44441.131475981456,6,0.9651133409760418,291666.27745000005,0.0,0.0,1.0,0.0,0.0,NOT_ESTABLISHED_MULTIPLE_STAGE1_OPTIMA_POSSIBLE,NOT_REPORTED_UNIQUENESS_NOT_ESTABLISHED,True,True,-5.820766091346741e-11
guayas-guayas-context-2-20170501,CURRENT,0.07093520567195048,1.0271396384899054,0.2853145470453483,285641.97632625,5881350269.662726,5881635911.639052,299992.0334943857,336813.15717,824.8015300523736,636805.1906643857,5880999106.448388,0.9998917299200033,16496.03060104747,5,20589.936903899794,323296.38347895,133835.46544999973,5880893137.813797,5.496975501469152e-05,2.275590796561666e-05,0.9999222743370196,NOT_ESTABLISHED_MULTIPLE_STAGE1_OPTIMA_POSSIBLE,NOT_REPORTED_UNIQUENESS_NOT_ESTABLISHED,True,True,5.820766091346741e-11
pichincha-pichincha-context-2-20140106,UNIT_COST_BASED,0.4036410042260616,0.7836761655495503,0.2151357382192482,303942.8920275,15438819.718019623,15742762.610047122,494811.8933673572,503479.49709333334,12067.488582357171,998291.3904606905,14744471.219586432,0.9365872804418981,241349.77164714338,6,50.795133306235556,268029.621407125,2708610.1207375,12462179.975875,0.017360758549067757,0.17544152792820747,0.8071977135227248,NOT_ESTABLISHED_MULTIPLE_STAGE1_OPTIMA_POSSIBLE,NOT_REPORTED_UNIQUENESS_NOT_ESTABLISHED,True,True,0.0
pichincha-pichincha-context-1-20160321,UNIT_COST_BASED,-0.10999448187410231,1.2359473931311031,0.31965400420164686,640965.1406245,567102.119135,1208067.2597595002,567224.60146813,567102.119135,3881.081008230005,1134326.72060313,73740.5391563701,0.06104009405159298,77621.6201646001,6,0.8847628103183048,567102.119135,0.0,0.0,1.0,0.0,0.0,NOT_ESTABLISHED_MULTIPLE_STAGE1_OPTIMA_POSSIBLE,NOT_REPORTED_UNIQUENESS_NOT_ESTABLISHED,True,True,0.0
pichincha-pichincha-context-2-20160502,UNIT_COST_BASED,-0.032624480933063076,1.1370972061201048,0.33543112216812276,559066.4515717501,550868.9285727501,1109935.3801445002,532011.0760232019,528575.80075625,1856.1969375317171,1060586.876779452,49348.50336504821,0.04446069946758849,37123.93875063434,5,0.9853371223117509,518755.234773875,32113.69379887506,0.0,0.9417035666141514,0.0582964333858485,0.0,NOT_ESTABLISHED_MULTIPLE_STAGE1_OPTIMA_POSSIBLE,NOT_REPORTED_UNIQUENESS_NOT_ESTABLISHED,True,True,0.0
guayas-guayas-context-2-20170109,UNIT_COST_BASED,-0.18651672084029441,1.352209723519154,0.4627296418121496,302209.3520695,291666.27745000005,593875.6295195001,259990.27716731766,291666.2774500003,2222.0565737990732,551656.554617318,42219.074902182096,0.07109076851047282,44441.13147598146,6,0.9651133409760418,291666.27745000005,0.0,0.0,1.0,0.0,0.0,NOT_ESTABLISHED_MULTIPLE_STAGE1_OPTIMA_POSSIBLE,NOT_REPORTED_UNIQUENESS_NOT_ESTABLISHED,True,True,-1.1641532182693481e-10
guayas-guayas-context-2-20170501,UNIT_COST_BASED,0.07093520567195048,1.0271396384899054,0.2853145470453483,285641.97632625,637771.2889289479,923413.2652551979,299992.0334943858,336813.15717,824.801530052375,636805.1906643858,286608.0745908121,0.31037898779979517,16496.0306010475,5,2.232764585694185,323296.38347895,133835.46544999973,180639.43999999808,0.5069158632428928,0.2098486836476421,0.283235453109465,NOT_ESTABLISHED_MULTIPLE_STAGE1_OPTIMA_POSSIBLE,NOT_REPORTED_UNIQUENESS_NOT_ESTABLISHED,True,True,0.0
pichincha-pichincha-context-2-20140106,TRANSPORT_BASED,0.4036410042260616,0.7836761655495503,0.2151357382192482,303942.8920275,14415140.648572749,14719083.540600248,494811.8933673572,503479.49709333334,12067.488582357171,998291.3904606905,13720792.150139557,0.9321770687891632,241349.77164714338,6,47.42713525035651,268029.621407125,2708610.1207375,11438500.906428125,0.018593618192248633,0.18790036023725382,0.7935060215704977,NOT_ESTABLISHED_MULTIPLE_STAGE1_OPTIMA_POSSIBLE,NOT_REPORTED_UNIQUENESS_NOT_ESTABLISHED,True,True,0.0
pichincha-pichincha-context-1-20160321,TRANSPORT_BASED,-0.10999448187410231,1.2359473931311031,0.31965400420164686,640965.1406245,567102.119135,1208067.2597595002,567224.60146813,567102.119135,3881.081008230005,1134326.72060313,73740.5391563701,0.06104009405159298,77621.6201646001,6,0.8847628103183048,567102.119135,0.0,0.0,1.0,0.0,0.0,NOT_ESTABLISHED_MULTIPLE_STAGE1_OPTIMA_POSSIBLE,NOT_REPORTED_UNIQUENESS_NOT_ESTABLISHED,True,True,0.0
pichincha-pichincha-context-2-20160502,TRANSPORT_BASED,-0.032624480933063076,1.1370972061201048,0.33543112216812276,559066.4515717501,550868.9285727501,1109935.3801445002,532011.0760232019,528575.80075625,1856.1969375317171,1060586.876779452,49348.50336504821,0.04446069946758849,37123.93875063434,5,0.9853371223117509,518755.234773875,32113.69379887506,0.0,0.9417035666141514,0.0582964333858485,0.0,NOT_ESTABLISHED_MULTIPLE_STAGE1_OPTIMA_POSSIBLE,NOT_REPORTED_UNIQUENESS_NOT_ESTABLISHED,True,True,0.0
guayas-guayas-context-2-20170109,TRANSPORT_BASED,-0.18651672084029441,1.352209723519154,0.4627296418121496,302209.3520695,291666.27745000005,593875.6295195001,259990.2771673176,291666.2774500003,2222.0565737990732,551656.5546173179,42219.07490218221,0.07109076851047301,44441.13147598146,6,0.9651133409760418,291666.27745000005,0.0,0.0,1.0,0.0,0.0,NOT_ESTABLISHED_MULTIPLE_STAGE1_OPTIMA_POSSIBLE,NOT_REPORTED_UNIQUENESS_NOT_ESTABLISHED,True,True,-1.1641532182693481e-10
guayas-guayas-context-2-20170501,TRANSPORT_BASED,0.07093520567195048,1.0271396384899054,0.2853145470453483,285641.97632625,613497.8641789481,899139.8405051981,299992.0334943858,336813.15717,824.801530052375,636805.1906643858,262334.6498408123,0.29176179057243734,16496.0306010475,5,2.1477860924692416,323296.38347895,133835.46544999973,156366.01524999834,0.5269723048043885,0.2181514773961168,0.2548762177994946,NOT_ESTABLISHED_MULTIPLE_STAGE1_OPTIMA_POSSIBLE,NOT_REPORTED_UNIQUENESS_NOT_ESTABLISHED,True,True,0.0
