state_id,state,week_start,network_id,selected_stores,selected_families,baseline_demand,current_demand,absolute_demand_shift,relative_demand_shift,positive_demand_shift,negative_demand_shift,promotion_intensity,holiday_flag,transactions_change,inventory_to_demand_ratio,capacity_slack_ratio,demand_concentration,incumbent_inventory_concentration,transport_cost_cv,transport_substitutability_proxy,incumbent_inventory_source,oracle_repository,oracle_commit,calibration_role,calibration_scheme,total_cost_keep,first_stage_keep,robust_recourse_keep,total_cost_reopt,first_stage_reopt,robust_recourse_reopt,reconfiguration_cost,decision_value,relative_decision_value,inventory_change_L1,changed_inventory_pairs,keep_status,oracle_status,exact_certification_pass,global_risk_budget_coupling_pass,recourse_identity_error,runtime_keep,runtime_reopt
pichincha-pichincha-context-2-20130128,Pichincha,2013-01-28,pichincha-context-2,11|49|10|4|7,CLEANING|DAIRY|BREAD/BAKERY,62634.452997500004,67578.929,4944.4760025,0.07894179266956085,0.07894179266956085,0.0,0.0,False,0.043845191353497,1.019517463753384,0.16333683588616843,0.10052104549972915,0.2559661247238432,0.1705416887222656,0.0,CALIBRATED,Hoshino12172003/budget-inventory-benders,51aebd06edf8f5d6d124d0f3eebdbb901e63274f,SENSITIVITY_CALIBRATION,TRANSPORT_BASED,230246.39069724985,72276.84474725001,157969.54594999985,151279.92662359154,75148.01192359153,76131.91470000001,177.72108545570995,78966.46407365831,0.34296504642060177,3554.4217091141995,5,OPTIMAL,OPTIMAL,True,True,0.0,0.0022130999714136124,0.04760559997521341
guayas-guayas-context-1-20130513,Guayas,2013-05-13,guayas-context-1,32|30|36|27|51,CLEANING|DAIRY|BREAD/BAKERY,43616.0792775,56135.617,12519.537722499997,0.2870395030889075,0.2870395030889075,0.0,0.0,False,0.1371539783137168,0.8546746213771909,0.19423927180302986,0.1018504349359235,0.18506830280916267,0.23624156944469854,0.2,CALIBRATED,Hoshino12172003/budget-inventory-benders,51aebd06edf8f5d6d124d0f3eebdbb901e63274f,SENSITIVITY_CALIBRATION,TRANSPORT_BASED,1363740.1703137495,50784.46805525001,1312955.7022584996,150979.42197915996,69979.45187915994,80999.97010000002,914.0468487576163,1212760.7483345894,0.8892901849885195,18280.936975152326,5,OPTIMAL,OPTIMAL,True,True,-1.4551915228366852e-11,0.001936500077135861,0.0520087000913918
pichincha-pichincha-context-1-20140728,Pichincha,2014-07-28,pichincha-context-1,10|17|7|49|44,GROCERY I|BEVERAGES|PRODUCE,454858.19823750004,351497.91000000003,-103360.2882375,-0.22723628734846146,0.0,-0.22723628734846146,0.002136570314173418,False,0.003969180480971282,1.4234622847721914,0.4020481177638896,0.0981815888806266,0.1758049609238657,0.1374045122985414,0.6,CALIBRATED,Hoshino12172003/budget-inventory-benders,51aebd06edf8f5d6d124d0f3eebdbb901e63274f,SENSITIVITY_CALIBRATION,TRANSPORT_BASED,956125.9493112501,517918.91356125,438207.03575000004,890191.5443117808,451984.5085617808,438207.03575000004,3470.231842077333,65934.40499946929,0.06895995767813377,69404.63684154666,6,OPTIMAL,OPTIMAL,True,True,0.0,0.0010887000244110823,0.05160240002442151
guayas-guayas-context-2-20140825,Guayas,2014-08-25,guayas-context-2,34|27|32|35|36,GROCERY I|BEVERAGES|PRODUCE,130084.77425,119148.628,-10936.146250000005,-0.08406937947236362,0.0,-0.08406937947236362,0.0018632191047974133,False,-0.02241688234123034,1.2009643256236238,0.5068039834947049,0.14321730378836062,0.3515940523925702,0.1716605549165161,0.4,CALIBRATED,Hoshino12172003/budget-inventory-benders,51aebd06edf8f5d6d124d0f3eebdbb901e63274f,SENSITIVITY_CALIBRATION,TRANSPORT_BASED,296272.75970000005,149050.683075,147222.07662500002,284347.9205298398,137125.84390483977,147222.07662500002,627.6231142189582,11924.839170160238,0.04024952946141621,12552.462284379164,6,OPTIMAL,OPTIMAL,True,True,0.0,0.001342400093562901,0.057820299989543855
pichincha-pichincha-context-2-20141124,Pichincha,2014-11-24,pichincha-context-2,11|49|10|4|7,CLEANING|DAIRY|BREAD/BAKERY,95179.433525,93076.876,-2102.5575249999965,-0.022090460587241623,0.0,-0.022090460587241623,0.0009132236023907807,True,0.001305549168540552,1.1248484196815973,0.342338259842961,0.08895066311488162,0.23913359334944415,0.1705416887222656,0.0,CALIBRATED,Hoshino12172003/budget-inventory-benders,51aebd06edf8f5d6d124d0f3eebdbb901e63274f,SENSITIVITY_CALIBRATION,TRANSPORT_BASED,214004.4449775,109351.22067750001,104653.2243,208677.1811379735,104023.95683797351,104653.2243,280.38230734349867,5327.263839526509,0.024893239203917502,5607.646146869974,6,OPTIMAL,OPTIMAL,True,True,0.0,0.0011349000269547105,0.0637759999372065
guayas-guayas-context-2-20141229,Guayas,2014-12-29,guayas-context-2,34|27|32|35|36,GROCERY I|BEVERAGES|PRODUCE,226999.26369899997,205514.91300000003,-21484.350698999944,-0.09464502372786592,0.0,-0.09464502372786592,0.004987472612267315,True,0.22320936930831461,1.214993045633141,0.38344294490289016,0.0959798437441181,0.25445920135540706,0.1716605549165161,0.4,CALIBRATED,Hoshino12172003/budget-inventory-benders,51aebd06edf8f5d6d124d0f3eebdbb901e63274f,SENSITIVITY_CALIBRATION,TRANSPORT_BASED,527005.8745776501,259974.9357189,267030.93885875004,510685.7017546487,244090.8894296487,266594.812325,938.0203389079838,16320.172823001398,0.03096772466925651,18760.406778159682,6,OPTIMAL,OPTIMAL,True,True,0.0,0.0009637000039219856,0.05933079996611923
pichincha-pichincha-context-1-20150629,Pichincha,2015-06-29,pichincha-context-1,10|17|7|49|44,GROCERY I|BEVERAGES|PRODUCE,522625.80125,557627.2531999999,35001.4519499999,0.06697230000180726,0.06697230000180726,0.0,0.0019224311470578607,False,0.009850614946156347,1.0309545992882259,0.168068500452616,0.09040149053031105,0.17185329445761638,0.1374045122985414,0.6,CALIBRATED,Hoshino12172003/budget-inventory-benders,51aebd06edf8f5d6d124d0f3eebdbb901e63274f,SENSITIVITY_CALIBRATION,TRANSPORT_BASED,1996846.0500999982,602769.7440350001,1394076.3060649983,1257137.6840653308,626258.6562753307,630879.02779,1306.28546718302,739708.3660346675,0.3704383550237257,26125.709343660405,5,OPTIMAL,OPTIMAL,True,True,0.0,0.0012385000009089708,0.058950899983756244
guayas-guayas-context-1-20150914,Guayas,2015-09-14,guayas-context-1,32|30|36|27|51,CLEANING|DAIRY|BREAD/BAKERY,72413.219025,75909.845,3496.6259750000027,0.048287122462997045,0.048287122462997045,0.0,0.008457401013004308,False,0.044292374793201986,1.0493308335368094,0.2118228414186187,0.09360492586848435,0.1831516465993455,0.23624156944469854,0.2,CALIBRATED,Hoshino12172003/budget-inventory-benders,51aebd06edf8f5d6d124d0f3eebdbb901e63274f,SENSITIVITY_CALIBRATION,TRANSPORT_BASED,329739.50902749976,83450.03317750001,246289.47584999976,184172.94030164933,85986.78820164932,98186.1521,201.27086130208338,145566.56872585043,0.4414592875302377,4025.417226041667,3,OPTIMAL,OPTIMAL,True,True,0.0,0.0022421999601647258,0.06036230002064258
guayas-guayas-context-2-20150914,Guayas,2015-09-14,guayas-context-2,34|27|32|35|36,GROCERY I|BEVERAGES|PRODUCE,217844.1677725,242810.06110000002,24965.89332750003,0.11460436872274922,0.11460436872274922,0.0,0.007100200017205959,False,0.04925607614823029,0.9868972622640225,0.18349220719591278,0.0946714457587213,0.23198986753770307,0.1716605549165161,0.4,CALIBRATED,Hoshino12172003/budget-inventory-benders,51aebd06edf8f5d6d124d0f3eebdbb901e63274f,SENSITIVITY_CALIBRATION,TRANSPORT_BASED,1733531.339307247,251769.08760475004,1481762.251702497,588760.3726116924,281069.6090116924,307690.76360000006,1520.6683262327097,1144770.9666955546,0.6603693517032276,30413.366524654186,5,OPTIMAL,OPTIMAL,True,True,0.0,0.0016428000526502728,0.0423515000147745
pichincha-pichincha-context-2-20151012,Pichincha,2015-10-12,pichincha-context-2,11|49|10|4|7,CLEANING|DAIRY|BREAD/BAKERY,106213.322,101927.535,-4285.786999999997,-0.040350748091656494,0.0,-0.040350748091656494,0.004473766583288804,False,-0.047346076265488424,1.1462521309869802,0.3221244752575861,0.09173861028847606,0.2425789389993294,0.1705416887222656,0.0,CALIBRATED,Hoshino12172003/budget-inventory-benders,51aebd06edf8f5d6d124d0f3eebdbb901e63274f,SENSITIVITY_CALIBRATION,TRANSPORT_BASED,236821.08920000002,121931.03095000001,114890.05825,229628.92812519794,114738.86987519792,114890.05825,378.53479341063695,7192.161074802076,0.03036959714651154,7570.695868212739,5,OPTIMAL,OPTIMAL,True,True,0.0,0.00149940000846982,0.063378999941051
pichincha-pichincha-context-2-20151019,Pichincha,2015-10-19,pichincha-context-2,11|49|10|4|7,CLEANING|DAIRY|BREAD/BAKERY,106267.67325,99829.24799999999,-6438.425250000015,-0.06058686572400337,0.0,-0.06058686572400337,0.003335695767236472,False,-0.028347245020314556,1.1709438157342424,0.3360792657976024,0.09062496356153175,0.24262757249148278,0.1705416887222656,0.0,CALIBRATED,Hoshino12172003/budget-inventory-benders,51aebd06edf8f5d6d124d0f3eebdbb901e63274f,SENSITIVITY_CALIBRATION,TRANSPORT_BASED,234929.121075,121885.902975,113043.2181,226131.80114616003,113088.58304616003,113043.2181,463.01683835999916,8797.319928839977,0.03744669834282262,9260.336767199984,6,OPTIMAL,OPTIMAL,True,True,0.0,0.0018558999290689826,0.06966329994611442
guayas-guayas-context-1-20151123,Guayas,2015-11-23,guayas-context-1,32|30|36|27|51,CLEANING|DAIRY|BREAD/BAKERY,68209.1247325,65158.72,-3050.404732499999,-0.044721358681304925,0.0,-0.044721358681304925,0.007105725833779423,True,0.002670657601052781,1.1514964874348361,0.33567213959599396,0.10061477262348839,0.1832268102093822,0.23624156944469854,0.2,CALIBRATED,Hoshino12172003/budget-inventory-benders,51aebd06edf8f5d6d124d0f3eebdbb901e63274f,SENSITIVITY_CALIBRATION,TRANSPORT_BASED,159334.43225575,78287.97320575001,81046.45905,154315.6618561537,73528.72780615366,80786.93405000004,289.51291576823036,5018.770399596309,0.03149834174913686,5790.258315364636,4,OPTIMAL,OPTIMAL,True,True,0.0,0.0009211000287905335,0.061558499932289124
pichincha-pichincha-context-1-20151123,Pichincha,2015-11-23,pichincha-context-1,10|17|7|49|44,GROCERY I|BEVERAGES|PRODUCE,544549.9639450001,550694.07507,6144.111124999938,0.011282915309531629,0.011282915309531629,0.0,0.003931402384753825,True,0.05462424449766222,1.087727265384795,0.290230533823778,0.09486064626752003,0.17158181355624408,0.1374045122985414,0.6,CALIBRATED,Hoshino12172003/budget-inventory-benders,51aebd06edf8f5d6d124d0f3eebdbb901e63274f,SENSITIVITY_CALIBRATION,TRANSPORT_BASED,1262424.8443429,626539.6640930001,635885.1802498999,1235167.5599833382,615251.8474778379,619915.7125055002,760.4835439560402,27257.284359561745,0.02159121351398097,15209.670879120837,6,OPTIMAL,OPTIMAL,True,True,0.0,0.0019230999751016498,0.03523130004759878
guayas-guayas-context-2-20160111,Guayas,2016-01-11,guayas-context-2,34|27|32|35|36,GROCERY I|BEVERAGES|PRODUCE,252336.0757925,210171.078,-42164.997792499984,-0.16709857145901302,0.0,-0.16709857145901302,0.003906341480534253,False,-0.14433772523909208,1.320684491953503,0.4273577074712409,0.08872111601970917,0.2378347652614486,0.1716605549165161,0.4,CALIBRATED,Hoshino12172003/budget-inventory-benders,51aebd06edf8f5d6d124d0f3eebdbb901e63274f,SENSITIVITY_CALIBRATION,TRANSPORT_BASED,566564.3529717501,288078.23727175005,278486.11569999997,529386.6203309419,250577.78411940328,278808.8362115386,1973.7080606498268,37177.732640808215,0.0656196113394765,39474.161212996536,6,OPTIMAL,OPTIMAL,True,True,0.0,0.0015216999454423785,0.043278600089251995
pichincha-pichincha-context-2-20160509,Pichincha,2016-05-09,pichincha-context-2,11|49|10|4|7,CLEANING|DAIRY|BREAD/BAKERY,114778.82799250001,109159.037,-5619.790992500013,-0.04896191301820251,0.0,-0.04896191301820251,0.012504690747684042,True,-0.06636009776409885,1.156630859538913,0.2818115482424941,0.09140447081809558,0.2434828660805882,0.1705416887222656,0.0,CALIBRATED,Hoshino12172003/budget-inventory-benders,51aebd06edf8f5d6d124d0f3eebdbb901e63274f,SENSITIVITY_CALIBRATION,TRANSPORT_BASED,254142.92674175,131714.66264175,122428.2641,244600.415670113,122172.15157011301,122428.2641,502.2374248229992,9542.51107163701,0.037547812933364594,10044.748496459983,6,OPTIMAL,OPTIMAL,True,True,0.0,0.002565799979493022,0.05053340003360063
guayas-guayas-context-1-20160530,Guayas,2016-05-30,guayas-context-1,32|30|36|27|51,CLEANING|DAIRY|BREAD/BAKERY,72471.59553250001,78992.747,6521.151467499993,0.08998217052604522,0.08998217052604522,0.0,0.01648252592101905,False,0.03641831356636886,1.0091908195792962,0.25923329044931814,0.09368029687942933,0.18351568275733088,0.23624156944469854,0.2,CALIBRATED,Hoshino12172003/budget-inventory-benders,51aebd06edf8f5d6d124d0f3eebdbb901e63274f,SENSITIVITY_CALIBRATION,TRANSPORT_BASED,446495.02554342477,83668.39243575001,362826.6331076748,188126.26895659187,89043.44495659186,99082.82400000001,298.40499768559084,258368.7565868329,0.5786598770554605,5968.099953711816,4,OPTIMAL,OPTIMAL,True,True,0.0,0.0019201000686734915,0.08067359996493906
pichincha-pichincha-context-1-20161205,Pichincha,2016-12-05,pichincha-context-1,10|17|7|49|44,GROCERY I|BEVERAGES|PRODUCE,633929.625395,664002.0730000001,30072.44760500011,0.047438148337462606,0.047438148337462606,0.0,0.011549662737272808,True,0.09023674875482561,1.0501813417297872,0.19346430125983982,0.09490585482060852,0.1710606483090082,0.1374045122985414,0.6,CALIBRATED,Hoshino12172003/budget-inventory-benders,51aebd06edf8f5d6d124d0f3eebdbb901e63274f,SENSITIVITY_CALIBRATION,TRANSPORT_BASED,2204760.4683944993,730522.6915845,1474237.7768099995,1497493.4687277507,745082.2561777505,752411.21255,1506.2125950920936,707266.9996667486,0.3207908567871677,30124.251901841868,5,OPTIMAL,OPTIMAL,True,True,0.0,0.0021858999971300364,0.0659111998975277
guayas-guayas-context-2-20161219,Guayas,2016-12-19,guayas-context-2,34|27|32|35|36,GROCERY I|BEVERAGES|PRODUCE,238694.79174249998,270400.54698,31705.75523750001,0.1328296901915801,0.1328296901915801,0.0,0.02054729571390603,True,0.14031195682005307,0.9710197477380491,0.22469031047391141,0.09548111017487206,0.25281786704044096,0.1716605549165161,0.4,CALIBRATED,Hoshino12172003/budget-inventory-benders,51aebd06edf8f5d6d124d0f3eebdbb901e63274f,SENSITIVITY_CALIBRATION,TRANSPORT_BASED,2760921.4265708723,276084.29826575,2484837.1283051223,669196.1711649774,316046.4425454775,353149.72861949995,1902.9592514155877,2091725.255405895,0.757618538244265,38059.18502831176,5,OPTIMAL,OPTIMAL,True,True,0.0,0.002228399971500039,0.053356099990196526
guayas-guayas-context-2-20170814,Guayas,2017-08-14,guayas-context-2,34|27|32|35|36,GROCERY I|BEVERAGES|PRODUCE,230523.38995249994,67887.17697999999,-162636.21297249995,-0.7055085082950222,0.0,-0.7055085082950222,0.016232815224068848,False,-0.7208535688005887,3.7352522262408265,0.7820563333597195,0.08687103871356654,0.23195008320298213,0.1716605549165161,0.4,CALIBRATED,Hoshino12172003/budget-inventory-benders,51aebd06edf8f5d6d124d0f3eebdbb901e63274f,SENSITIVITY_CALIBRATION,TRANSPORT_BASED,393621.1566187501,256970.08779675004,136651.068822,304510.38269895746,167859.3138769574,136651.06882200003,4690.040732620666,89110.77391979261,0.22638715531772774,93800.81465241333,6,OPTIMAL,OPTIMAL,True,True,0.0,0.00167859997600317,0.03521170001477003
pichincha-pichincha-context-2-20170814,Pichincha,2017-08-14,pichincha-context-2,11|49|10|4|7,CLEANING|DAIRY|BREAD/BAKERY,101185.8604825,29222.532,-71963.32848249999,-0.7111994515769916,0.0,-0.7111994515769916,0.015193755284449684,False,-0.7154186424945725,3.8088570330165097,0.803341072463537,0.0894340684256355,0.2396309576997612,0.1705416887222656,0.0,CALIBRATED,Hoshino12172003/budget-inventory-benders,51aebd06edf8f5d6d124d0f3eebdbb901e63274f,SENSITIVITY_CALIBRATION,TRANSPORT_BASED,167755.70248074998,112765.57313075001,54990.12934999999,130708.09856427216,75717.96921427215,54990.12935000002,1949.8738903409412,37047.60391647782,0.22084259055652097,38997.477806818824,6,OPTIMAL,OPTIMAL,True,True,0.0,0.0015690000727772713,0.044081700034439564
